id	book	iast	es	senses	by	date	note
141459	18	luñcana	quitar / arrancar.	whole	IEBH	2026-09-27	ပယ် physical removal (stems L103)
142865	18	lohitappahāna	remoción / expulsión / purga de sangre; sangría.	whole	IEBH	2026-09-27	ပယ် of blood (L103)
123939	16	maccherapahāna	eliminación / erradicación / abandono de la avaricia.	whole	IEBH	2026-09-27	ပယ် of defilements (L103)
147688	19	vāṇijjattha	el beneficio del comercio.	whole	IEBH	2026-09-27	-attha noun (L014); as drafted
148620	19	vāsattha	el beneficio del morar.	whole	IEBH	2026-09-27	-attha noun (L014)
140146	18	lajjissati	se avergonzará. (será como si se avergonzara).	1	IEBH	2026-09-27	sense 1 by the editor; the bracketed sentence re-rendered by F028 (one future), not yet checked by the editor
140731	18	labhissati	(1) obtendrá. (2) llegará. (3) verá / encontrará. Véase [[labhati]] (3).	1	IEBH	2026-09-27	sense (1) by the editor (as drafted); senses 2–3 as drafted
147695	19	vātakuppa	la alteración del [elemento] aire.	whole	IEBH	2026-09-27	လေ as element (L110), ဖောက်ပြန် of the elements (L109)
148867	19	vikaṭa	(1) perverso / trastornado / alterado; que no es de su naturaleza propia. (2) que suele andar al revés / de través (patizambo). (neutro) (3) (a) excremento. (b) la medicina *mahāvikaṭa*. (1) Véase el sentido (1) de *vikaṭabhojana*. (neutro) (3) (a) Véase la entrada siguiente.	1	IEBH	2026-09-27	sense (1) by the editor (L109), keeping the second reading que no es de su naturaleza propia (ပင်ကိုယ်သဘောမဟုတ်), the editor 27 Sep; other senses as drafted
