pali	burmese	es	en	status_es	status_en	decided_by	date	note
kusala	ကုသိုလ်	sano		confirmed	open	IEBH	2026-09-26	adjective agrees with its noun (mente sana, estados sanos); as a noun, lo sano; where ကုသိုလ် means merit (ကုသိုလ်ဖြစ်, ကုသိုလ်ရ, a work of merit), mérito / meritorio (the editor, 2026-09-26: 'kusala can be translated as sano and also mérito')
akusala	အကုသိုလ်	insano		confirmed	open	IEBH	2026-09-26	adjective agrees with its noun (mente insana, estados insanos); as a noun, lo insano; 'y' before it becomes 'e'
pariveṇa	ပရိဝုဏ်	recinto monástico		confirmed	open	IEBH	2026-09-27	translated, not kept in Pāḷi (brief §51)
parikamma	ပရိကံ	trabajo preparatorio		confirmed	open	IEBH	2026-09-27	translated, not kept in Pāḷi (brief §51)
parikkhāra	ပရိက္ခရာ	requisitos		confirmed	open	IEBH	2026-09-27	translated, not kept in Pāḷi; singular requisito where one is meant (brief §51)
maṅgala	မင်္ဂလာ	bendición		confirmed	open	IEBH	2026-09-27	translated, not kept in Pāḷi (brief §51)
niraya	ငရဲ	infierno		confirmed	open	IEBH	2026-09-27	ငရဲ is translated (stems L108)
marica	ငရုတ်	pimienta negra		confirmed	open	IEBH	2026-09-27	not ají (stems L111)
parisā	ပရိသတ်	asamblea		confirmed	open	IEBH	2026-09-27	stems L107
vaṭṭa	ဝဋ်	vaṭṭa (kept in Pāḷi)		confirmed	open	IEBH	2026-09-27	kept in Pāḷi as drafted (not objected to)
vassa	ဝါ	vassa (kept in Pāḷi)		confirmed	open	IEBH	2026-09-27	kept in Pāḷi as drafted (not objected to)
