id	book	iast	withdrawn	reason	es_withdrawn	en_withdrawn	flag_withdrawn
217055	14b	pallaṅka	2026-09-30 (brief §91)	same_as (§88): no text of its own	el lugar donde surge / se asienta el *pallaṅka*.	the place where the *pallaṅka* arises / stands.	
194542	14c	pasibbaka	2026-09-30 (brief §91)	no text now (§88: displaced / unsure / unlocated)	bolsa; cesto; bolsa para guardar cosas. Véase [[pasibba]].	bag; lidded basket; a bag for putting things in. See [[pasibba]].	
197969	14c	piṭṭhibāhu	2026-09-30 (brief §91)	same_as (§88): no text of its own	omóplato.	shoulder blade.	the line is garbled; only 'လက်ပြင်' (shoulder blade, back of the shoulder) is clear
200730	14c	pupphassu	2026-09-30 (brief §91)	same_as (§88): no text of its own	florece (tú).	blossom!	
201895	14c	purisādhippāya	2026-09-30 (brief §91)	same_as (§88): no text of its own	el deseo que surge hacia un hombre. (adjetivo) (2) que tiene deseo que surge hacia un hombre; la persona que desea a un hombre.	the desire arising towards a man. (adjective) (2) having desire arising towards a man; a person who desires a man.	OCR: read က်ျား as ယောက်ျား
202042	14c	pul̤uva	2026-09-30 (brief §91)	same_as (§88): no text of its own	gusano. Véase la entrada siguiente.	maggot. See the following headword.	
159074	20	vītināmesi	2026-09-30 (brief §91)	redrafted empty (nothing to translate)	(tú) haces pasar / transcurrir / acabar (el tiempo / la ocasión).	(you) make (the time / the occasion) pass / elapse / run out.	run-on article: vītināmesi (aorist; only its analysis survives)
160742	20	ve	2026-09-30 (brief §91)	redrafted empty (nothing to translate)	(5) claramente. (6) *avadhāraṇa* = solamente. (7) *anunaya* = querido amigo (amigo). (8) *ālapana* = oh, ‹ဝေး› (*sambodhana*).	(5) clearly. (6) *avadhāraṇa* = only. (7) *anunaya* = dear friend (friend). (8) *ālapana* = oh, ‹ဝေး› (*sambodhana*).	this line repeats senses (5)–(8) of the previous article (misaligned second copy); Burmese interjection ဝေး left in ‹›; run-on article: ဝေ (root)
161196	20	vedaniya	2026-09-30 (brief §91)	host: nothing left after the cut	(1) que es para el provecho / la causa de la *vedanā*. (2) que suele producir la *vedanā*, el sentir; que existe para la *vedanā*.	(1) that is for the benefit / the cause of *vedanā*. (2) apt to produce *vedanā*, feeling; that stands for the sake of *vedanā*.	label missing in input; article boundary uncertain (text opens with the form ဝေဒနီယာ (တိ))
161802	20	vevaṇṇa	2026-09-30 (brief §91)	farbody chained row left unlocated (§89)	(1) el hecho de tener la tez alterada; el alterarse y deteriorarse la tez. (2) el hecho de carecer de / no ser hermosa la tez; el no ser hermosa la tez.	(1) the state of having an altered complexion; the alteration and deterioration of the complexion. (2) the state of lacking / not having a beautiful complexion; the complexion not being beautiful.	
163591	20	saṁvaṇṇema	2026-09-30 (brief §91)	same_as (§88): no text of its own	Véase [[saṁvaṇṇeti]].	See [[saṁvaṇṇeti]].	'see X' left in the Burmese; OCR: read ကြည် as ကြည့်
164044	20	saṁvedeti	2026-09-30 (brief §91)	farbody chained row left unlocated (§89)	Véase (…).	See (…).	truncated: only 'ကြည့်' (see) is left; the target is lost
165962	21	sakhitā	2026-09-30 (brief §91)	same_as (§88): no text of its own	el hecho de ser compañero (el trabar amistad, el asociarse y tratar).	the state of being a companion (making friends, associating and dealing).	
166864	21	saṅgaṇa	2026-09-30 (brief §91)	no text now (§88: displaced / unsure / unlocated)	que está junto con / que tiene *kilesa* (dicho de una persona).	being together with / having *kilesa* (said of a person).	OCR: read ကိလေသား as ကိလေသာ
167238	21	sacakka	2026-09-30 (brief §91)	no text now (§88: displaced / unsure / unlocated)	a la vez / al mismo tiempo que el arma de disco.	simultaneously / at the same time as the discus weapon.	run-on article: sacakka (adjective)
167286	21	sacca	2026-09-30 (brief §91)	same_as (§88): no text of its own	(2) (*viratīsaccā*) el *cetasika* *sammāvācā*. (3) (*ariyasaccā*) las cuatro *saccā*. Las cuatro *saccā* son cuatro: *dukkhasaccā*, *samudayasaccā*, *nirodhasaccā* y *maggasaccā*. De ellas, los estados del *vaṭṭa* que surgen en los tres *bhūmi* se llaman *dukkhasaccā*; (…) se llama *samudayasaccā*; *nibbāna* se llama *nirodhasaccā*; el *magga* *lokuttarā* (o) los estados de los ocho *maggaṅga* se llaman *maggasaccā*. Véase [[190-225]]. (4) *saccañāṇa* (el conocimiento que suele penetrar y conocer las cuatro *saccā*). (5) *saccapāramī*. (6) (*paramatthasaccā*) *nibbāna*.	(2) (*viratīsaccā*) the *sammāvācā* *cetasika*. (3) (*ariyasaccā*) the four *saccā*. The four *saccā* are four: *dukkhasaccā*, *samudayasaccā*, *nirodhasaccā* and *maggasaccā*. Of these, the states of *vaṭṭa* arising in the three *bhūmi* are called *dukkhasaccā*; (…) is called *samudayasaccā*; *nibbāna* is called *nirodhasaccā*; the *lokuttarā* *magga* (or) the states of the eight *maggaṅga* are called *maggasaccā*. See [[190-225]]. (4) *saccañāṇa* (the knowledge apt to penetrate and know the four *saccā*). (5) *saccapāramī*. (6) (*paramatthasaccā*) *nibbāna*.	continuation of sacca (detailed list); the subject of samudayasacca (taṇhā) is lost in the OCR, shown as (…); OCR: read ဝရတိသစ္စာ as ဝိရတီသစ္စာ; the sentence 'for what is to be known about the four truths, 205-65' has no verb and was left out
167287	21	sacca	2026-09-30 (brief §91)	same_as (§88): no text of its own	(7) *brāhmaṇasaccā* = las palabras no alteradas / verdaderas de los *paramatthabrahmā*. (8) (*diṭṭhasaccā*) *micchādiṭṭhi*, el *cetasika* *diṭṭhi*. (9) (a) (*sammutisaccā*) palabras de la Enseñanza verdaderas por ser *paññatti*. (b) (*paramatthasaccā*) palabras de la Enseñanza verdaderas por ser *paramattha*. (10) (a) (*vacīsaccā*) palabras no alteradas / verdaderas. (b) (*viratīsaccā*) el *cetasika* *sammāvācā*. (11) (*paramatthasaccā*) (a) *nibbāna*. (b) *maggasaccā*, el *ariyamagga*.	(7) *brāhmaṇasaccā* = the unaltered / true words of the *paramatthabrahmā*. (8) (*diṭṭhasaccā*) *micchādiṭṭhi*, the *diṭṭhi* *cetasika*. (9) (a) (*sammutisaccā*) words of the Teaching that are true as being *paññatti*. (b) (*paramatthasaccā*) words of the Teaching that are true as being *paramattha*. (10) (a) (*vacīsaccā*) unaltered / true words. (b) (*viratīsaccā*) the *sammāvācā* *cetasika*. (11) (*paramatthasaccā*) (a) *nibbāna*. (b) *maggasaccā*, the *ariyamagga*.	continuation of sacca (detailed list); OCR: read သမ္ဗုတိသစ္စာ as သမ္မုတိသစ္စာ
167288	21	sacca	2026-09-30 (brief §91)	same_as (§88): no text of its own	(12) (a) (*vacīsaccā*) palabras no alteradas / verdaderas. (b) (*paramatthasaccā*) *nibbāna*. (13) (a) *vacīsaccā*. (14) (a) (*vacīsaccā*) palabras no alteradas / verdaderas. (b) (*maggasaccā*). (c) (*paramatthasaccā*) *nibbāna*. (15) (a) *paramatthasaccā*, *nibbāna*. (b) *viratīsaccā*. (c) *vācāsaccā*. (16) (a) *vacīsaccā*.	(12) (a) (*vacīsaccā*) unaltered / true words. (b) (*paramatthasaccā*) *nibbāna*. (13) (a) *vacīsaccā*. (14) (a) (*vacīsaccā*) unaltered / true words. (b) (*maggasaccā*). (c) (*paramatthasaccā*) *nibbāna*. (15) (a) *paramatthasaccā*, *nibbāna*. (b) *viratīsaccā*. (c) *vācāsaccā*. (16) (a) *vacīsaccā*.	continuation of sacca (detailed list); numbers read from damaged forms ('(၂)' as 12, '၃၀၁၄)' as 14, '(၇)' as (c)); OCR: read ဝီသစ္စာ as ဝစီသစ္စာ
167426	21	saccavādīkāla	2026-09-30 (brief §91)	same_as (§88): no text of its own	(a) la época / el momento / tiempo en que se suele decir solo lo verdadero. (2) la época / el momento / tiempo de los que suelen decir solo palabras verdaderas.	(a) the age / occasion / time when people are in the habit of saying only what is true. (2) the age / occasion / time of those in the habit of speaking only true words.	OCR: read ရှ-ရာ as ရှိ-ရာ; sense markers mixed ((က) then (၂))
168590	21	saṭṭhikoṭi	2026-09-30 (brief §91)	same_as (§88): no text of its own	60 (sesenta) *koṭi*.	60 (sixty) *koṭi*.	OCR: read ၆ဝ၀ as ၆၀; ကုဋေ romanised as koṭi
168888	21	sata	2026-09-30 (brief §91)	no text now (§88: displaced / unsure / unlocated)	cien / un centenar; (cien) personas / seres humanos / ministros.	hundred / one hundred; (a hundred) persons / people / ministers.	garbled: 'အရာ-တရာ-သော-သူ-လူ-အမတ်' read as 'hundred / one hundred — persons / people / ministers'; a sense number may be lost
169114	21	sati	2026-09-30 (brief §91)	same_as (§88): no text of its own	(la *sati* que surge en el propio *rūpakāya*, que comienza por el cabello). (b) *pubbenivāsānussati* (el *abhiññā* capaz de recordar y conocer la sucesión de *khandhā* de existencias anteriores. Véanse las palabras *satānusārī*, *satānusāriñāṇa*. (c) la *sati* que conserva los textos pāḷi del Buddha tras haberlos aprendido. (d) la *sati* capaz de retener mil palabras / asuntos. (e) la *sati* que suele aprehender el objeto. (f) que suele acercarse al objeto y permanecer en él. (g) la *sati* asociada con los seis *satatavihāra*. Véase [[satimā]]. (h) la *sati* que es el recordar las acciones y demás hechas hace mucho tiempo. Véase [[satimā]]. (i) la *sati* que surge en el cuerpo como '*asubha*'. (j) la *sati* que suele aprehender la *kāyānupassanā*. Véase [[satimā]]. (k) la *sati* asociada con la *vipassanā*. (l) la *sati* asociada con el *magga*. (m) la *sati* asociada con la *vipassanā* y el *magga*. (n) la *sati* asociada con la *paccavekkhaṇā*. (3) la *sati* que suele recordar / rememorar una y otra vez. (4) (a) los cuatro *satipaṭṭhāna*. Véase [[satimā]]. (b) el *satipaṭṭhāna* que es objeto. Véase [[saticariyā]]. (5) la *sati* que surge por la fuerza de la *satipaṭṭhānabhāvanā* y la *vipassanābhāvanā*. (6) la *sati* que surge por la fuerza del retener bien el *kammaṭṭhāna*. (7) el manifestarse; el acercarse al objeto y permanecer en él. (8) la cuerda que es la *sati*. (9) el deleitarse. (10) la persona / el monje de *sati* amplia. Véase [[sativinaya]]. (11) el *satisutta*.	(the *sati* arising in one's own *rūpakāya*, beginning with the head-hair). (b) *pubbenivāsānussati* (the *abhiññā* able to recollect and know the succession of *khandhā* of former existences. See the words *satānusārī*, *satānusāriñāṇa*. (c) the *sati* that retains the Buddha's Pāḷi texts after learning them. (d) the *sati* able to retain a thousand words / matters. (e) the *sati* apt to grasp the object. (f) apt to draw near to the object and stand on it. (g) the *sati* associated with the six *satatavihāra*. See [[satimā]]. (h) the *sati* that is the recollecting of deeds and so on done long ago. See [[satimā]]. (i) the *sati* arising on the body as '*asubha*'. (j) the *sati* apt to grasp *kāyānupassanā*. See [[satimā]]. (k) the *sati* associated with *vipassanā*. (l) the *sati* associated with the *magga*. (m) the *sati* associated with *vipassanā* and the *magga*. (n) the *sati* associated with *paccavekkhaṇā*. (3) the *sati* apt to remember / recollect again and again. (4) (a) the four *satipaṭṭhāna*. See [[satimā]]. (b) the *satipaṭṭhāna* that is an object. See [[saticariyā]]. (5) the *sati* arising by the power of *satipaṭṭhānabhāvanā* and *vipassanābhāvanā*. (6) the *sati* arising by the power of retaining the *kammaṭṭhāna* well. (7) the becoming manifest; the drawing near to the object and standing on it. (8) the rope that is *sati*. (9) the delighting. (10) the person / monk of broad *sati*. See [[sativinaya]]. (11) the *satisutta*.	continuation of sati (169113), beginning inside (2)(a); (b) bracket unclosed; the markers (c) and (h) lost in OCR, restored from 169113; see-references left in the Burmese (satānusārī, satānusāriñāṇa; satimā, Itivuttaka 101; sativinaya, Pācittiya 439) rendered 'Véase ⟦X⟧', citations dropped
169115	21	sati	2026-09-30 (brief §91)	same_as (§88): no text of its own	(12) el *satipaṭṭhānasaṁyutta*. (13) la *satipaṭṭhānakathā*.	(12) the *satipaṭṭhānasaṁyutta*. (13) the *satipaṭṭhānakathā*.	continuation of sati (169113); OCR: read သံဃုတ် as သံယုတ်
169406	21	satta	2026-09-30 (brief §91)	same_as (§88): no text of its own	… el nombre / la denominación. (c) el cumplirse la función propia de los seres vivos. El cumplirse la función que requiere el ser vivo; el cumplirse, en los *saṅkhāra* vacíos de ser vivo, lo que requiere el ser vivo (el hacer …).	… the name / designation. (c) the accomplishing of the own function of living beings. The accomplishing of the function a living being requires; the accomplishing, in the *saṅkhāra* empty of a living being, of what a living being requires (the doing …).	continuation of satta (169405), beginning inside (5)(b); '(ကိုပြုခြင်း)' has lost its object
169713	21	sattamba	2026-09-30 (brief §91)	farbody chained row left unlocated (§89)	santuario de *deva* / palacio de *deva* llamado así.	the *deva* shrine / *deva* palace so named.	the name is lost at the start (the gloss begins 'မည်သော'; ⟦သတ္တမ္ဗ⟧ in the preceding line)
169969	21	sattahattha	2026-09-30 (brief §91)	farbody chained row left unlocated (§89)	Véase.	See.	only 'ကြည့်' ('see') survives, its target lost; the gloss of this headword ran on into id 169968; label missing
170595	21	sadda	2026-09-30 (brief §91)	no text now (§88: displaced / unsure / unlocated)	Véase la entrada siguiente.	See the following headword.	the line is the article saddakaṇṭaka ('see below'), indexed here as 'sadda'
178169	22	sappidāyaka	2026-09-30 (brief §91)	farbody chained row left unlocated (§89)	*thera*; *thera* que suele ofrecer mantequilla clarificada.	*thera*; the *thera* apt to give ghee.	
184962	22	samphusati	2026-09-30 (brief §91)	same_as (§88): no text of its own	(1) toca / choca. (2) obtiene. (3) se mezcla / se junta / trata / acompaña.	(1) touches / strikes. (2) obtains. (3) mixes / associates / has dealings / keeps company.	run-on article: သမ္ဖုသတေ (ကြိ), with a see-reference to samphusati (1)
185048	22	sambandhī	2026-09-30 (brief §91)	same_as (§88): no text of its own	(1) que tiene conexión / enlace / vínculo. (2) la cosa *sambandha* (relacionada por el hecho de ser *saṁ*, *sāmī*, etc.).	(1) having connection / linkage / association. (2) the *sambandha* thing (connected by being *saṁ*, *sāmī*, and so on).	
185595	23	sammatta	2026-09-30 (brief §91)	no text now (§88: displaced / unsure / unlocated)	que tiene la naturaleza no pervertida, correcta (dicho de una persona). Véase [[sammattaniyatapuggala]].	having the unperverted, correct nature (said of a person). See [[sammattaniyatapuggala]].	'see X' left in the Burmese; OCR: read 'သမ္ပတ္တ' as 'သမ္မတ္တ'
189948	23	sādhetuṁ	2026-09-30 (brief §91)	same_as (§88): no text of its own	que lleve a cabo / complete.	let him accomplish / complete.	the analysis gives -tu (imperative, 3rd sing.) and the Burmese is an imperative: the headword sādhetuṁ looks misread for sādhetu
192339	23	sippiya	2026-09-30 (brief §91)	redrafted empty (nothing to translate)	Véase [[]]].	See [[]]].	nothing to translate beyond the placeholder
204389	24	su	2026-09-30 (brief §91)	same_as (§88): no text of its own	(1) solo para completar el *pada* (solo para que la frase fluya; *padapūraṇanipāta*). (2) rápido / rápidamente. (3) la duda (*saṁsayattha*).	(1) merely to fill out the *pada* (merely so that the phrase flows; *padapūraṇanipāta*). (2) quick / quickly. (3) doubt (*saṁsayattha*).	run-on article: သု (တိ) '(၁) တင့်တယ်-ကောင်းမြတ်-သော (၂) ချမ်းသာ…'; OCR: 'ပုဒ်ပြည့်ခါမျှ' read as 'merely filling the pada'
204838	24	sukhapaṭisaṁvedī	2026-09-30 (brief §91)	farbody chained row left unlocated (§89)	(5) que suele experimentar la felicidad del *jhāna* / *magga* / *phala* / *nibbāna* (dicho de una persona).	(5) apt to experience the happiness of *jhāna* / *magga* / *phala* / *nibbāna* (said of a person).	no label; only sense (5) here (senses 1–4 ran on into id 204837)
206131	24	sutavantu	2026-09-30 (brief §91)	no text now (§88: displaced / unsure / unlocated)	que ha oído con atención (lo que conviene oír) (dicho de una persona).	who has heard attentively (what should be heard) (said of a person).	opening bracket lost
217109	25	so	2026-09-30 (brief §91)	redrafted empty (nothing to translate)	(1) (glosado con ‹သည်›, nominativo) *so*, forma resultante del pronombre *ta* y la desinencia *si*; aquel (persona, cosa). (2) (glosado «por medio de», instrumental) *so*, forma de la desinencia *nā*. (3) (glosado «desde», ablativo) *so*, forma de la desinencia *smā*. (4) (glosado ‹၏›, genitivo) *so*, formado por la unión de la forma sustituta de la desinencia *sa* con … (5) *so* que es un sufijo. (6) *so*, forma del numeral *cha*. (7) la raíz *so*. (1) (glosado con ‹သည်›, nominativo) *so*, forma resultante del pronombre *ta* y la desinencia *si*; aquel (persona, cosa).	(1) (glossed with ‹သည်›, nominative) *so*, the form resulting from the pronoun *ta* and the ending *si*; that (person, thing). (2) (glossed 'by means of', instrumental) *so*, the form of the ending *nā*. (3) (glossed 'from', ablative) *so*, the form of the ending *smā*. (4) (glossed ‹၏›, genitive) *so*, formed by joining the substitute form of the ending *sa* with … (5) *so* that is a suffix. (6) *so*, the form of the numeral *cha*. (7) the root *so*. (1) (glossed with ‹သည်›, nominative) *so*, the form resulting from the pronoun *ta* and the ending *si*; that (person, thing).	sense (4) garbled in OCR ('သဩြ-နှင့် အာဝုမ် သတို့ ပေါင်း၍'), only partly rendered; sense (1) repeated in the source; sense number (2) missing in OCR, supplied; Burmese case particles cited in ‹›
217360	25	soṇima	2026-09-30 (brief §91)	redrafted empty (nothing to translate)	Véase [[soṇi]] (1).	See [[soṇi]] (1).	a 'see X' left in the Burmese: 'သောဏိ (၁) အနက်ကြည့်' (see the meaning of soṇi, sense 1)
217457	25	sotapa(ppa)desa	2026-09-30 (brief §91)	same_as (§88): no text of its own	que está asentado en el lugar donde se asienta el *sotapasāda*.	located in the place where the *sotapasāda* is located.	
218221	25	snehayati=sneheti	2026-09-30 (brief §91)	same_as (§88): no text of its own	(causativo, verbo) (1) hace deleitarse. (2) hace humedecerse / impregnarse.	(causative, verb) (1) makes (one) delight. (2) makes moist / makes pervade.	(ကာ၊ ကြို) read as (ကာ၊ ကြိ), causative verb
218406	25	haṇu=haṇukā	2026-09-30 (brief §91)	same_as (§88): no text of its own	Véase la entrada siguiente.	See the next entry.	OCR: read 'အောက်ပုဒ်ကြ မမူ' as အောက်ပုဒ်ကြည့်
218795	25	hatthāṇīka=hatthānīka	2026-09-30 (brief §91)	same_as (§88): no text of its own	(1) elefante. (2) (a) el conjunto de tres elefantes, con doce soldados cada elefante …; tropa de elefantes. (b) … el conjunto de diez elefantes; tropa de elefantes. (c) el conjunto de elefantes … que incluye … seis elefantas … y un elefante macho; manada de elefantes; tropa de elefantes. (1) Véanse los corchetes.	(1) elephant. (2) (a) the group of three elephants, each elephant carrying twelve soldiers …; elephant troop. (b) … the group of ten elephants; elephant troop. (c) the group of elephants … comprising … six cow elephants … and one bull elephant; elephant herd; elephant troop. (1) See the square brackets.	OCR: much of (2) is garbled, gaps marked …; sense marker (c) printed as (၇); 'ဆင်မ … ခြောက်စီး' read as six cow elephants, doubtful; '(၁) ထောင့်ကွင်းကြည့်' rendered literally (see the square brackets)
218812	25	hatthāru(rū)l̤ha	2026-09-30 (brief §91)	no text now (§88: displaced / unsure / unlocated)	que ha llegado a la mano (dicho de bienes).	that has come into the hand (said of goods).	
219681	25	hāyanabala	2026-09-30 (brief §91)	no text now (§88: displaced / unsure / unlocated)	que tiene una fuerza menguada.	having diminished strength.	run-on article: hāyana (year); OCR: read ယှတ် as ယုတ်
220010	25	hitasukhapa(ppa)ṭilābhahetubhāva	2026-09-30 (brief §91)	same_as (§88): no text of its own	el hecho de ser causa de la obtención de el provecho y la felicidad.	the state of being the cause of obtaining welfare and happiness.	label missing
220048	25	hitādhippāyapa(ppa)vatti	2026-09-30 (brief §91)	same_as (§88): no text of its own	el surgimiento del deseo (*chanda*) por el bienestar.	the arising of the wish (*chanda*) for welfare.	OCR garbled ('အကျိုးစးမွားအကျုးငှာ အလူ ကဋှဋ'); read as အကျိုးစီးပွား၏ အကျိုးငှာ အလို ဆန္ဒ, tentative
220772	25	hetuga(gga)haṇa	2026-09-30 (brief §91)	same_as (§88): no text of its own	el tomar *hetu*.	the taking of *hetu*.	
221108	25	hevattha=hevatthika	2026-09-30 (brief §91)	same_as (§88): no text of its own	la persona que sostiene que así existe y así no existe.	the person who holds that thus it exists and thus it does not exist.	
173072	4c	ekadvīhika	2026-09-30 (brief §91)	same_as (§88): no text of its own	que es / que se dice «un día, dos días».	being / called 'one day, two days'.	a truncated see-X 'အောက်' (below) at the end, left out
173094	4c	ekadhikkāraparipuṇṇa	2026-09-30 (brief §91)	same_as (§88): no text of its own	colmado del decir todos a una la sílaba «*dhī*» (= ‹ထွီ›) / el sonido «*dhī*» / el hacer «*dhī*».	filled with saying all as one the syllable '*dhī*' (= ‹ထွီ›) / the sound '*dhī*' / making '*dhī*'.	interjection of reproach ('fie!'); Burmese equivalent ‹ထွီ› left in the Burmese
174964	4c	okirinī	2026-09-30 (brief §91)	host: nothing left after the cut	(femenino) que tiene el estar cubierta de brasas; sumamente cubierta de brasas por todos lados (dicho de una persona) (una *petī*).	(feminine) having the state of being strewn with embers; exceedingly strewn with embers all around (said of a person) (a *petī*).	this headword's definition ran on into the end of id 174963's text and is translated from there; this line's own text is the article ဩကိရိယန္တိ (a headword missing from the shard), left in omitted; ရောပြွမ်း rendered 'cubierta de' here
175059	4c	okkala	2026-09-30 (brief §91)	no text now (§88: displaced / unsure / unlocated)	el país de *okkala*. Véanse los corchetes de la entrada siguiente. Es una palabra formada a partir de la palabra *ukkala* convirtiendo la *u* en *o* por *vuddhi*. Véase también [[ukkala]].	the country of *okkala*. See the square brackets of the following headword. It is a word formed from the word *ukkala* by turning *u* into *o* by *vuddhi*. See also [[ukkala]].	'see the square brackets of the following headword' rendered literally; OCR: read သဝုဒ္ဓိပြ as ဩ ဝုဒ္ဓိပြု; run-on article: ဩက္ကလ (adjective, 'dwelling in the Okkala country')
177382	4c	maṭṭaka	2026-09-30 (brief §91)	same_as (§88): no text of its own	persona llamada *maṭṭaka*.	a person named *maṭṭaka*.	OCR: read မဇဋ္ဋက as မဋ္ဋက
