id	iast	omitted
210184	pamattākārappatta	trailing fragment '၄ပမဒ'
210236	pamāṇapariccheda	trailing fragment 'ပမာဏဗဒ္ဓ' (the next headword)
210258	pamāṇarahita	trailing fragment 'ပမာဏဝန္တု' (the next headword)
210270	pamāṇātikkanta	trailing reference 'ပမာဏာတိက္ကန္တပရိဝါရ (၃)' without a verb
210630	payogagaṇanā	trailing fragment 'ပယောဂနိဒဿန' (the next headword)
210633	payogadassana	quotation fragments 'အမိတ္တာ', 'အလောဘော'
210640	payoganibbatti	quotation fragment 'နိပ္ဖန္နာ'
210642	payoganiyama	quotation fragment 'ဝဒတီ'; trailing 'ပယောဂပရက္ကမ' (a headword run in)
210650	payogaparakkama	headword 'ပယောဂပရ-က္ကမ' repeated; the run-in articles 'ပယောဂပ္ပ(ပ)ဋိပ္ပဿဒ္ဓိ (ထီ)' (two senses: the calming / ending of effort, of the defilements, by the ariyamagga) and 'ပယောဂပ္ပ(ပ)ပဋိပ္ပဿဒ္ဓိပညာ(ထီ)' (two senses: the paññā of that calming)
210670	payogavipattipaṭibāhita	stray 'ပယောဂဝိသုဒ္ဓိ' inside the definition (a headword run in)
210677	payogavīriya	headword repeated 'ပယောဂဝီရိယ'
210687	payogasampatti	citation '၄၂၁'
210689	payogasampattipaṭibāhita	trailing 'ပယောဂသမ္ပာဒနတ္ထ' (a headword run in)
210698	payogasādhanīya	quotation fragment '“ဒွေ ဟီ” တိ အာဒိ'
210700	payogasuddhi	headword variant 'ပယောဂသုဒ္ဓီ'
210703	payogābhāva	'(၁)' followed by a Pāḷi quotation 'တဥှိ ပယောဂာနံ မတ္ထကသဒိသတ္တာ "သီသ"'
210709	payogāsayasuddha	quotation fragment 'အနုဒ္ဓတော'
210714	payojakabyāpāra	headword repeated 'ပယော-ဇကဗျာပါရော'
210716	payojana	headword 'ပယောဇန၁' inside sense (b); references '(-ပေဋကော။ ဝဇိရ…)' with long page lists; 'ပယောဇနတ္ထ နေတ္တိ၊ဋီ။'; '(၃) ဗြာဟ္မဏော' (quotation fragment)
210717	payojana	quotation fragment '(၁) (က) ဝဍ္ဎိုဂဟဏဝသေန'
210719	payojanattha	second '(၂) ဣဒမတ္ထိက' (a synonym or reference)
210722	payojanadassanavacana	quotation fragment 'သွာ-က္ခာတောတိအာဒိ “ဧဟီ”'
210723	payojananānatta	trailing 'ပယောဇနပရိဂ္ဂဟ' (a headword run in)
210736	payojanavācaka	quotation fragment '“ခယဉာဏနိဗ္ဗတ္တနတ္ထာယာ” တိ'
210739	payojanāsampatti	trailing 'ပယောဇနသမ္ဗန္ဓာဘိဓါနပုဗ္ဗင်္ဂမ၈၃' (next headword with a page number)
210740	payojanasambandhābhidhānapubbaṅgama	quotation fragment 'ဓမ္မသံဝဏ္ဏနာယ'
210742	payojanābhāva	quotation fragment 'အာဒိ'
210760	payojāpesi	trailing 'ပယောဇိတမနုဿ' (a headword run in)
210766	payojiyamāna	empty '(ခ)၊' at the end (its reference lost)
210768	payojīyanti	stray 'ပယောဇေတိ' inside the definition
210770	payojeti	grammatical tags '(ဝတ္တ-မာန်) (ပဉ္စမီ) (ခ)'; quotation fragment 'သမ္ပ-ယောဇေသု'
210784	payodhara	encoding debris in ⟨ ⟩ (seven segments); quotation 'ဝါရော တွဝသရာဟေသု … ကုစေ တွဗ္ဘေ ပယောဓရော'
210788	payyesanā	grammarian's quotation 'တဝဂ္ဂဝရဏာနံ ယေ စဝဂ္ဂဗယဉာ'; debris ⟨....⟩; 'ပယျေသနာ။ မောဂ်၊ မောဂ်၊ပဉ္စိကာ။ ပရိဧသနာ ပယျေသနာ' (derivation and source tags)
210789	para	derivation 'ပ+ရမု+ကွိ။ ပ+ရာ+ဏ။ (ပရတီတိ?)။ ဏော။ နှာ-၉၇' and grammarians' quotations ('ပုဗ္ဗာဒယော ဒိသာဒိ…ဌာနာဒိဝစနာ'); encoding debris in ⟨ ⟩ (eleven segments); the repeated sense list with quotation fragments ('န္တိအာဒီသု', '“ဣန္ဒြိယပရောပရိယတ္တ-ဉာဏ” န္တိအာဒီသု', 'အာဒီသု', 'ပရ-သဒ္ဒေါ အဘိဏှတ္ထောတိ ဝုတ္တံ “ပုနပ္ပုန”န္တိ', 'အဓိကဝါစီ ဟိ အယံ ပရ-သဒ္ဒေါ', '“ပရေ”', '“ပရတော”', '“သစ္စာနိ။ အသမတ္ထပုဂ္ဂလာ”တိ')
210791	paraabhisapanasikkhāpada	citation 'ပါစိတ္တိ-ယပါဠိ၊ ဘိက္ခုနီဝိဘင်္ဂ၊ ၂-ဝဂ်၊ ၉-သိက္ခာပုဒ်'
210793	paraārammaṇa	grammarian's note '(ဘာဝပ္ပဓါန်)'
210794	paraüjjhāpanakasikkhāpada	citation 'ပါစိတ္တိယပါဠိ၊ ဘိက္ခုနီဝိဘင်္ဂ၊ ၂-ဝဂ်၊ ၈-သိက္ခာပုဒ်'
210804	parakammakara	stray 'ပရကမ္မိက' inside the definition; the textual note '(ဓမ္မဒိန္နာထေရီပဒါန် ( တို့၌ ဟု ပါဌ်ရှိနေသည်၊ ⟨…⟩ နှင့်အညီ ဘတိအနက် ထင်ရှားသောကြောင့် ဟုသာ ရှိသင့်သည်' (on a reading in the Dhammadinnātherī-apadāna: the sense 'wages' shows it should read …) with encoding debris
210809	parakāra	quotation fragment 'တေနာဟ “ယေနာ”တိအာဒိ'
210813	parakiya	'အာဟ' (quotation fragment)
210815	parakiriyāpekkha	quotation fragment '“ “ကတွာ”'
210819	parakula	encoding debris in ⟨ ⟩ (five segments and a stray ']'); the repeated sense list with the headword 'ပရကုလ' twice; a final ⟨....⟩
210828	parakoṭimatthaka	textual note '(ဤ၌ အဋ္ဌကထာဝယ် “ ပါရမိံ ”ဟူသောပုဒ်ကို ဋီကာ၌ “ ပါရံ ”ဟု သံဝဏ္ဏေတဗ္ဗ ပြုထားသည်။ …' (the commentary's 'pāramiṁ' is explained as 'pāraṁ' in the ṭīkā; the Aṭṭhakathā-nissaya's note that only 'paññāpāraṁ, samādhipāraṁ' fits; the compiler's view that the ṭīkā should read …), with gaps where quotations were removed
210831	parakkantabhuja	trailing 'ပရက္ကမ၁' (next headword with homonym number)
210832	parakkantabhujavhaya	'(ပရ-က္ကန္တိ။ သီ)' (variant and source tag)
210833	parakkama	'+အ' (derivation); encoding debris in ⟨ ⟩ (fourteen segments); page numbers '၁၉၊၂၁-၅-၉-'; quotation fragments '“ပရက္ကမော”', '(၂) ပရက္ကမေနာ'
210835	parakkamajavayoggabhūmi	quotation fragment 'အာဒိမာဟ'
210836	parakkamati	source tags 'ကင်္ခါ၊ ကင်္ခါ'
210839	parakkamadhātu	stray 'ပရက္ကမန္တ'; headword variant 'ပရက္ကမဓါတူ'
210845	parakkamapada	quotation 'အာဒိ-သဒ္ဒေန ပရက္ကမပဒံ သင်္ဂဏှာတိ၊ န ဓေါရယှပဒံ'
210846	parakkamabāhu	citation '(၁၃၃)' after the Kalyāṇī inscription nissaya; stray 'ပရက္ကမဗာဟု' before 'ဂိုဏ်း' in the sentence on the Abhayagiri fraternity
210867	paragaṇigaṇamathana	trailing 'ပရဂလဂတ' (a headword run in)
210869	paragatta	textual note '(၃၀-၌လာသော သာဓက-ပါဠိ၌ “ပရဘတ္တေ”ဟု သီ၊မူကွဲ ရှိ၏၊ ယင်းပါဌ် သည်သာ အဋ္ဌကထာဖွင့်နှင့် ညီ၍ ယုတ္တတရ ဖြစ်သည်' (the Sinhalese edition reads 'parabhatte' in the supporting Pāḷi at 30; only that reading agrees with the commentary and is more fitting)
210882	paraguṇamakkhana	quotation fragment '“ပရဂုဏမက္ခနော”'
210893	paraghosa	quotation fragment '“ပရမ”'
210895	paracakka	'တေ' (quotation fragment)
210904	paraciittajānanaka	quotation fragment 'သော ဟီ'
210906	paracittañāṇa	trailing 'ပရစိတ္တပုဗ္ဗေနိဝါသဉာဏ' (a headword run in)
210916	paracittānurakkhaṇa	stray 'ပရဇန' inside the definition; quotation fragment 'ကုသလာဘိ-ဝဍ္ဎိုယာ'
210919	parajana	quotation fragments 'တေနာဟ “ယက္ခာ”တိ', 'တေနာဟ “အဒိန္န”န္တိ'
210920	parajanapada	Pāḷi quotations 'တိရောရဋ္ဌာ- တိ ပရရဋ္ဌတော။ … ရာဇာနော ဧတေနာတိ'
210923	parajjati	trailing 'ပရဇ္ဇ'
210925	parajjhati	textual note '(ဤ၌ “အပရဇ္ဈထ (သီ)၊ အပရဇ္ဈတိ (သျာ၊ ဣ)” ဟူသော မူကွဲတို့ကိုထောက်၍ ဟူ၍သာ တည်ပုဒ် ပြုသင့်သည်'
210927	parajjhāsayapucchā	stray 'ပရဇ္ဈာသယာနုသန္ဓိ' inside the definition (a headword run in)
210932	paratantiyutta	'(ပရ-နိယုတ္တဘာဝေနေဝ။ သျာ)' (variant with source tag)
210941	paratīragamana	stray 'ပရတီရဝါသီ' splitting 'ကမ်းတစ်…ဖက်'
210950	paratoghosapaccayābhāva	grammarian's Pāḷi note 'အယဥှိ အလုတ္တော, မဇ္ဈေလောပီ စ သမာသောတိ။ … တော-ပစ္စယော စ ပဝတ္တတိ'
210958	paratthakāraṇa	stray 'ပရတွ (=ပရတ္တ)' splitting 'သူတစ်…ပါး' (a later headword run in)
210969	paradattavutta	grammarian's note 'အာဒီသု (ဝုတ္တ-သဒ္ဒေါ) ဇီဝိတဝုတ္တိယံ'
210973	paradattūpajīvī	quotation fragment 'ပရဒတ္တူပဇီဝီ'
210980	paradāragū	stray 'ပရဒါရသေဝီ' inside the definition
210991	paradārūpasevī	trailing 'ပရဒီပနိဝါသီ ၅၇' (a headword with a page number)
211001	paradukkhapaṭikāra	leading 'ကာရ (ပု) [ပရဒုက္ခ+ပတိကာရ]' (end of the headword, label and analysis)
211002	paradukkhapatikāra	leading 'ကာရာရမ (ပု) [ပရဒုက္ခပဋိ(တိ)]'; stray 'ပရဒုက္ခာပနယနာကာရပ္ပဝတ္တိ' inside the definition; trailing '(တိ)ကာရာရမ္ဘော'
211009	paradukkhāpanayanākārappavatti	stray 'ပရဒုက္ခာပနယနာကာရပ္ပဝတ္တိလက္ခဏ၁၂၂' (next headword with a page number) splitting 'ဆင်း…ရဲ'
211019	paradhamma	quotation fragment '“ပရဓမ္မေဟီ”'
211028	paranimitta	source tag 'ကင်္ခါ၊'
211031	paranimmitakāma	stray 'ပရနိမ္မိတဝသဝတ္တိဒေဝ' inside the definition
211039	paranimmitavasavattī	stray 'ပရနိမ္မိတဝသဝတ္တီ၁' (a headword with homonym number) inside the figure '၉, … ၂၁၆, ၀၀၀, ၀၀၀'
211040	paranimmitavasavattī	quotation fragments 'စာတုမဟာရာဇိကာ', 'စာတုမဟာရာဇိကာဒယော'
211047	parantaka	trailing 'ပြန်၊' (a source tag?)
211056	parapakkhupalakkhita	run-in article 'ပရပ(ပ္ပ)စ္စယ၁ (ပု)' with six senses (another cause; the cause of other states; relying on another; made to rely by others; having another as one relied on; having another as cause), printed twice, with 'ပရပစ္စယ၂', 'အောက်ပုဒ်ကြည့်' and the quotations '“ပရပစ္စယိကာ” “ပရပတ္တိယာ”'
211064	parapaṭibaddha	trailing 'ပရပဋိဗဒ္ဓဝုတ္တိ' (a headword run in)
211072	parapattiya	quotation fragments '“ပရပစ္စယိကာ” “ပရပတ္တိယာ”'
211076	parapadāpekkha	source tag 'ကင်္ခါ၊ဋီ။'
211078	parapayoga	source tag 'ကင်္ခါ၊ဋီ။'
211080	paraparikappitaattasabhāvābhāva	stray 'ပရပရိက္ခာရ' inside the definition (a headword run in)
211082	paraparikappitapakatiissara	citation 'ဝိ၊ဓါန်၊သျ၊သစ်၊ ဂာထာ ၉၂' at the end of the note
211099	parapariveṇa	quotation fragment '“ပရိဝေဏန္တိ”'
211102	parapasaṁsanā	a third item '(ခ) ပရပသံသနာ-ယာ' (inflected forms)
211129	parapurisalola	stray 'ပရပ္ပဝါဒ' (running head) inside လျှပ်ပေါ်
211131	parappavāda	fragment 'အာဒိ'
211133	parappavādappamaddana	trailing 'ပရပ္ပဝါဒီ' (running head or fragment)
211143	parabyābādha	trailing 'ပရဘဏ္ဍဝတ္ထုက' (running head)
211156	parabhāga	senses (a)-(e) printed twice (translated once), with 'ဣတိဝုတ်' (source) and a stray 'ပရဘာဝ' (running head) in the repeat
211162	parabhūta	repeated sense numbers with quotation fragments '(တေဝိဇ္ဇာနံ)', '“ပရလောကော”', 'တေနာဟ တိ' and a Pāḷi grammarian's sentence under (4)
211166	parama	etymology in square brackets; senses (1)-(8) printed twice (translated once), with quotation fragments '(သမန္နာဂတာ)', '“ပရမ”', compounds 'ဒသာဟပရမ', 'တိယောဇနပရမ', 'သတ္တ-ပရမာနိ', 'ဆပရမာနီတိ' and citation '၆၇၊၂၇၆-အဘိ၊ဝိ'
211168	paramaṁhita	quotation 'အယံ ပရမဟိတာယ နိဗ္ဗာနာယ အဒေသယီတိ'
211171	paramaalaṅkata	trailing fragment 'ပရမကသမ္ဗုဒုဂ္ဂန္ဓဇေဂုစ္ဆ ၁၈' (further headwords and a number)
211176	paramakasimapattakāya	root 'ကသ်', source tag 'မောဂ်' and a grammarian's note that the Chaṭṭha text has 'ကသိမာန' with a superfluous na
211179	paramakāpaññappatta	'ပရမကာပညပ္ပတ္တော' (quotation form) and 'ပရမကာရုညဝုတ္တိ' (running head)
211180	paramakāpaññapatta	'ပရမကာပညပ္ပတ္တော' (quotation form) and 'ပရမကာရုညဝုတ္တိ' (running head)
211185	paramakiccha	related compound 'ဥတ္တမကိစ္ဆပ္ပတ္တ'
211186	paramakicchappatta	'ပရမကိစ္ဆပ္ပတ္တ' (running head or variant)
211207	paramajigucchanīya	quotation fragment 'ကုဏပေနာ'
211214	paramajoti	quotation fragment 'ဘာဝ-နာသုဒ္ဓိယာ'
211218	paramaṭṭhakasutta	'ပရမတရ' (unclear); citation 'သုတ္တနိ၊ ၄-ဝဂ်၊ ၅-သုတ်'
211226	paramatikkhindriya	quotation fragment 'ဒေ၀၀ဏ္ဏိန'
211227	paramattha	senses (1)-(6) printed twice (translated once; the essay stands under the repeated (1) and is placed after (1)); citations (ဣတိဝုတ်၊ဋ္ဌ။ ၁၁၉), (အဘိဓမ္မတ္ထသင်္ဂဟ။ ၁), (အဘိဓမ္မတ္ထသင်္ဂဟ။ ၁၁၅) and the reference list '(- ကင်္ခါ။ …နေတ္တိ၊ဋီ။'; Pāḷi quotations from 'အဘူ-တေန မဏိဥဒကာဒိ…' to '…အင်္ကုရဋီကာ' and 'အနတ္ထာယာတိ ပရမတ္ထပဋိက္ခေ-ပရမတ္ထကထာ ပါယ'; stray 'ပရမတ္ထ' (running head) inside the essay
211236	paramatthagaruka	variant readings '(သဒတ္ထဂရုကော၊ သီ၊သျာ)' and '“သကတ္ထဂရုကော”'
211242	paramatthajotikā	page numbers (၁၃၆-၇), (၃၈), (၁၉၄), (၅၇), '၅၄၈-တို့၌', '၁၇၇-၌', 'ကင်္ခါ၊ဋီ၊သစ်။ ၄၇၁-၌'; stray 'ပရမတ္ထဇောတိကာ' (running head) after the colophon quotation; Pāḷi quotation 'ကတ္ထစိ ပန န-ကာရဝိပရိယာယေန ပါဌော ဒိဿတိ'; 'ယော' read as the place Yaw in the minister's title
211244	paramatthadassī	stray 'ပရမတ္ထဒီပနီ' (running head)
211245	paramatthadīpanī	page reference '၂၃၇-တို့၌' (rendered 'in other passages'); closing Pāḷi quotation 'ပကာသနာ ပရမတ္ထ-ဒီပနီ နာမ နာမတော' (printed twice)
211260	paramatthapakāsanarasa	Pāḷi fragment 'အတ္ထ(ဓါတု)ပ္ပကာသန-ရသာ'
211263	paramatthapaṭikkhepa	quotation 'အနတ္ထာယာ' and citation (ဣတိဝုတ်။ ၂၀၂)
211271	paramatthabrāhmaṇa	list (a)-(c) printed twice
211274	paramatthabhikkhu	stray 'ပရမတ္ထမဓုရသ' (running head)
211284	paramatthavacana	quotation '(ဘူတကာရဏံ)' and source tags 'မ၊ ဣတိဝုတ်၊'
211286	paramatthavidva	stem forms '(=ဝိဒွာ=ဝိဒွန္တု)' printed twice, once in square brackets
211302	paramatthasaṅgaha	running head 'ပရမတ္ထသစ္စ'
211318	paramatthasatipaṭṭhāna	running head 'ပရမတ္ထသဘာဝ'
211327	paramatthasamatha	quotation 'သမထသမာဓိမာဖုသိ'; running head 'ပရမတ္ထသိဒ္ဓိ'
211328	paramatthasampatti	quotation fragment '“သတ္ထာ”'
211342	paramatthika	variant '(ပရမဋ္ဌိတိ၊ သီ)'
211344	paramatthiya	grammarian's note '(ဤ၌ ဣယ-ပစ္စည်း သွတ္ထ။' (unclosed bracket)
211358	paramadiṭṭhadhammanibbānavāda	quotation fragment 'ယာ စ ခေါ “'
211365	paramaduggandhajeguccha	running head 'ပရမဓန'
211379	paramanipaccakāra	trailing 'ပရမနိပစ္စကာရ' (the headword repeated)
211381	paramanipuṇagambhīra	quotation '“အတ္ထပ္ပကာသနတ္ထ”န္တိ အာဒိ'
211382	paramanibbāna	running head 'ပရမနေပက္ကပ္ပတ္တ'
211393	paramannapavacchanā	stray 'ပရမပရိပုဏ္ဏ' (running head)
211398	paramaparipuṇṇa	variant '(ပရမပဋိစ္ဆန္နံ၊ သီ၊သျာ)' and an editor's note (unclosed bracket) that the Sī/Syā variant reading is preferable, citing Jātaka 5-393 'ပရမသံဝုတံ၊ လွန်စွာ စောင့်ရှောက်(အပ်)သည်၊ အဿ၊ ဖြစ်လော့'
211404	paramapāsādika	stray 'ပရမပိယဒဿန' (running head)
211409	paramapītipūritahadaya	stray '(]' at the start
211421	paramappiccha	emptied quotation '“ ]”တိ။ (-'
211422	paramappicchakathā	running head 'ပရမဗုဒ္ဓိ'
211435	paramamajjhatta	stray 'ပရမမလ' (running head)
211454	paramalīl̤āvibhūti	stray 'ပရမဝိလာသသမ္ပန္န' (running head)
211464	paramavisuddhasaddhābuddhivīriyaguṇappaṭimaṇḍita	stray ']' at the start
211465	paramavisuddhasaddhābuddhivīriyappaṭimaṇḍita	stray 'ပရမဝေပုလ္လပ္ပတ္တ' (running head)
211466	paramavisuddhasaddhābuddhivīriyapaṭimaṇḍita	stray 'ပရမဝေပုလ္လပ္ပတ္တ' (running head)
211474	paramasakya	fragment '-တိ'
211475	paramasakhila	running head 'ပရမသဏှသုခမဒုပ္ပဋိဝေဓ'
211478	paramasaṇhasukhumagambhīraduddasānekavidhanayasamalaṅkata	stray 'တ' at the start
211489	paramasallekhavutti	'(၂)' with the quotation fragment 'ပရမသလ္လေခဝုတ္တီ'
211501	paramasukhumatthapaṭivedha	stray 'ပရမသုခုမာလခီဏာသဝ' (running head)
211509	paramasuñña	stray 'ပရမသုရဘိကုသုမဖလဘာရဝိနမိတသာခါဝိဋပ' (running head)
211510	paramasuddhi	quotation fragment '” ဝဒန္တိ'
211512	paramasurabhikusumaphaladharasākhāviṭapa	stray ']' at the start
211514	paramasurabhikusumamālāsamalaṅkatasiroruha	stray 'ဟ'; compound analysis in square brackets
211518	paramasusaṁvuta	stray 'ပရမသောဘဂ္ဂပ္ပတ္တသရီရ' (running head)
211531	paramassāsappattasutta	citation '၄- သံယုတ်၊ ၄-ဝဂ်၊ ၆-သုတ်'
211534	paramahaṁsa	encoding debris in ⟨ ⟩ (seven segments, the body of the definition in a legacy font) and a stray ']'
211540	paramāṇubhedasañcuṇṇa	page number '၄၄၆-'
211543	paramātirekagambhīrasukhuma	running head 'ပရမာဘိသမ္ဗောဓိ'
211545	paramānavajjanibbānattha	related form 'အနဝဇ္ဇဓမ္မတ္ထ'
211546	paramānuttara	fragment 'အစ္စန္တ-သုညတ'
211560	paramissara	quotation fragment '(ခ) “နာထော”'; the next headword 'ပရမုက္ကံသဂတဉာဏကိစ္စဒီပန' run into the text
211564	paramukkaṁsagatañāṇakiccadīpana	quotation fragment “ဉေယျသာဂရပါရဂု”; the next headword with a page number 'ပရမုက္ကံသဂတပဋိပဒါဉာဏဒဿနဝိသုဒ္ဓိ၁၉၄'
211566	paramukkaṁsagatavasībhāva	quotation fragment “ပရိနိဗ္ဗာနပရိကမ္မ”
211569	paramukkaṁsagatasoceyyasallekha	stray Pāḷi word 'ပရမုက္ကဋ္ဌ' (a later headword) inside 'အထွတ် … အထိပ်'
211570	paramukkaṁsagamana	quotation fragment “အတီတကပ္ပေ”
211581	paramodāta	textual note on the readings (the Sixth Council text reads ပရမောဒါနံ; footnote variants ပရိယောဒါတံ, ပရမောဒါတံ, ပရမဝေါဒါနံ with source tags; the commentary 'ပရမောဒါတန္တိ ပရမပရိသုဒ္ဓံ' supports ပရမောဒါတ)
211583	parampara	a long block of encoding debris in ⟨ ⟩ and a stray ']'; the repeated first gloss; quotation fragments with source tags '(ထေရတရင်္ဂံ။ သီ၊သျာ) အာဟရိတွာ', '(ထေရ-တရင်္ဂန္တိ။ သီ၊သျာ)', 'အပရော “မာ ပရမ္ပရာယာ”တိ အာဟ'; the next headword 'ပရမ္ပရကထာနိမယ'
211585	paramparakathā	quotation 'အပရော “မာ ပရမ္ပရာယာ”တိ အာဟ'
211595	paramparapaccaya	encoding debris ⟨....⟩
211597	paramparapaccayadassanattha	source tag 'ပုန'; quotation “ပရမ္ပရပစ္စယ-ဒဿနတ္ထ”န္တိ
211599	paramparapayojanadassana	quotation fragment “အထဿာ”
211602	paramparabhūta	stray word 'ပရမ္ပရဘောဇန' (a nearby headword) inside 'အစဥ် … အဆက်'
211606	paramparabhojanasikkhāpada	citation '(ဝိနယပါဠိ၊ ပါစိတ္တိယ၊ ၄-ဝဂ်၊ ၃-သိက္ခာပုဒ်။' (unclosed bracket)
211607	paramparabhojanāpatti	the next headword 'ပရမ္ပရသဝန' run into the text
211609	paramparavaṇṇahārikā	quotation fragment 'ပရ-ဝဏ္ဏဟာရိကာယာ'
211610	paramparasaṁsatta	quotation fragment 'ပရမ္ပရာသတ္တာ'
211611	paramparāsaṁsatta	quotation fragment 'ပရမ္ပရာသတ္တာ'
211612	paramparasaṁsattavacana	quotation fragment “ယဋ္ဌိဂာဟကေနာ”တိအာဒိ
211622	paramparāpatti	citation 'ကင်္ခါ၊ဋီ'
211627	paramparāsaṁsatta	quotation fragment 'တေနာဟ တိ'
211629	paramparāhetu	stray word 'ပရမ္မုခနိဒဿနဝစန' (a later headword) inside 'အဆင့် … ဆင့်'
211632	parammukhakāla	truncated '(-'
211640	parammukhasāvaka	stray word 'ပရမ္မုခါနိဒ္ဒိဋ္ဌ' (a later headword) inside the second gloss
211641	parammukhā	quotation fragment 'အာဒီသု'; citations 'ရူ၊ နှာ-၁၃၄။ နီတိ၊သုတ္တ၊နှာ-၃၈၀။' and a stray ']'
211649	parayoga	quotation 'ပရယောဂေ တွာ-သဒ္ဒေါ တဒန္တော ဟုတွာ “ပရသဒ္ဒယောဂေ”'
211651	pararakkhasādhana	the next headword 'ပရရုဓိရမံသခါဒက' run into the text
211665	paraloka	citation numbers and '-ဣတိဝုတ်၊ဋ္ဌ။ ၁၆၇၊ (ခ)'; quotation “ပရ။ ပဿန္တီ”တိ
211667	paralokagamana	stray headword 'ပရလောကတ္တိက' inside the text
211674	paralokatthitādi	textual note '(၁၁၁၊၂၃၃-တို့၌ “ပရလောကတ္တိကာဒီနံ”ဟု ပါဌ်ပျက်နေသည်။' (at 111, 233 the reading 'ပရလောကတ္တိကာဒီနံ' is corrupt)
211683	paralokavajjabhayadassāvī	quotation fragments “ပရလောကော” “ပရ။ ပဿန္တီ”တိ; the next headword 'ပရလောကသမင်္ဂီ'
211694	paravacana	citations 'ပေဋ-ကော။' and '၃၁၇။'; the next headword 'ပရဝဉ္စန'; quotation '(ခ) ပုဗ္ဗာပရာနုသန္ဓိတောတိ'
211700	paravaṇṇanā	quotation fragment 'ပရဝဏ္ဏနာယာတိ “ စာ”'
211715	paravādaniggaha	the next headword with a page number 'ပရဝါဒနိဂ္ဂဟသကဝါဒပတိဋ္ဌာပန၂၁၂'
211716	paravādaniggahasakavādapatiṭṭhāpana	quotation fragment “ပရဝါဒေ”
211721	paravādabhaya	stray word 'ပရဝါဒမဒ္ဒန' (a later headword) inside 'ကြောက်ဖွယ် … ရာ'
211730	paravādavidhaṁsana	stray word 'ပရဝါဒီ' inside 'တတ် … သော'; quotation 'ပရဝါဒဝိဓံသနဿ မဇ္ဈိမနိကာယ-သေဋ္ဌဿ'
211735	paravādī	quotation fragment “ပရဝါဒီ”
211736	paravādikathā	Pāḷi quotation 'တတ္ထ ပရဝါဒီကထာ … ပဘေဒေါတိ'; the run-in headwords ပရဝါ(ဒိ)ဒီစောဒနာ, ပရဝါ(ဒိ)ဒီဒိဋ္ဌိ, ပရဝါ(ဒိ)ဒီပက္ခ, ပရဝါဒီပက္ခမူလက [+က], ပရဝါဒီပဋိက္ခေပမုခ, ပရဝါဒီပဋိညာ, ပရဝါဒီပရိကပ္ပိတ with their labels and definitions; quotation fragment 'အာဒိမာဟ'; page number '၁၁၃'
211737	paravādīkathā	Pāḷi quotation 'တတ္ထ ပရဝါဒီကထာ … ပဘေဒေါတိ'; the run-in headwords ပရဝါ(ဒိ)ဒီစောဒနာ, ပရဝါ(ဒိ)ဒီဒိဋ္ဌိ, ပရဝါ(ဒိ)ဒီပက္ခ with their labels and definitions; quotation fragment 'အာဒိမာဟ'; page number '၁၁၃'
211753	paravādisantika	quotation fragment 'ဝါဒိက္ခိတ္တောတိ'; the next headword 'ပရဝိတ္တူပကရဏ'
211781	paravetanabhata	Pāḷi quotation 'ဘတကောတိ ပရ-ဝေတနဘတော'
211785	parasaṁharaṇa	Pāḷi commentary note '“ပရသံဟရဏံ”တိပိ ပါဌော ... ဝုတ္တံ ဟောတိ'
211792	parasatta	citation '၇၅- ပဋိသံ'
211798	parasadda	stray word 'ပရသန္တက' (a later headword) inside the first gloss
211799	parasaddayoga	quotation fragment “ပရသဒ္ဒယောဂေ”
211803	parasantakaggahaṇa	'(၁)' with quotation fragments 'သုဝဏ္ဏ', 'ကဟာပဏော'
211807	parasantakabhojanavuttaniyamana	quotation fragment 'ခန္ဓကေ “'
211815	parasantati	quotation “ပညာ-ပဇ္ဇောတဝိဟတမောဟတမ”န္တိ; citation 'မ၊ဋီ၊'; the next headword 'ပရသန္တာန' with '၁။ (-'
211817	parasantatipatita	quotation fragments 'အတ္တာ', 'လော-ကော'
211825	parasamayavivajjana	stray headword 'ပရသမုဒ္ဒဝါသီ' inside the text
211827	parasamudda	source tag 'ဝိသင်္ဂဟ'
211831	parasampatti	'ပရာ' and a long block of encoding debris in ⟨ ⟩ with a stray ']'; senses (1)–(7) of ပရာ with the Pāḷi verse 'ပရာသဒ္ဒေါ ပရိဟာနိ … ဝိက္ကမာမသ-နာဒိသု' and citation 'ပ၊ဝိ၊'
211832	parā	grammatical quotations (Kaccāyana, Moggallāna, Pañcikā etc.) and citations 'ကစ္စည်း', 'နှာ-၁၂၇', '၂၀-သုတ်', 'နှာ-၁၃၁', 'ပ၊မောဂ်', '၎င်း၊ပဉ္စိကာ', 'နှာ-၃၆၁'; encoding debris ⟨....⟩
211834	parākaroti	quotation fragment 'မာ' with variant readings '(ပရက္ကရိ။ သျာ၊က-ဋ္ဌ)', 'ပရာကရီ(ပရက္ကရီ။ သျာ၊က)'; Pāḷi commentary 'အက္ခီသု ဟိ … ဧဝမာဟံသု'
211836	parājayakāla	citation '(-မဟာနိ။'; the headword with its label 'ပရာဇယကာလ(ပု)' repeated before the gloss
211837	parājayaggāha	quotation “ပရာဇယဂ္ဂာဟော”တိ
211840	parājayati	quotation fragment “ယော တံ အတိက္ကမတီတိအာဒိ
211843	parājayamāna	encoding debris ⟨....⟩
211846	parājita	citations '(- စူဠနိ။ ၁၂၉၊၁၅၇၊၃၁၅-၁၄၀၊', '၈၅-ကင်္ခါ၊ဋီ၊ဟောင်း'; the next headword with a page number 'ပရာဇိတကောပ ၁၇၅'
211849	parājitakilesa	quotation 'ပရာဇိတကိလေသေန၊ ပါရာဇိကမိဒံ ဣဓ'
211871	parājesuṁ	the next headword 'ပရာဓိပ္ပါယ'
211872	parādhārarūpa	quotation fragment 'တေနာဟ အာဒိ'
211874	parādhippāya	quotation “တံတံဘူတဂုဏေဟီ”တိ အာဟ
211885	parānuggahakiriyā	the next headword 'ပရာနုဒ္ဒယ'
211889	parānuddaya	quotation fragment 'ပရာနုဒ္ဒယတာယာ'
211891	parānudayatāsaññutta	quotation 'ပရာဒယတာပဋိသံယုတ္တော' with citation '(ဣတိ ဝုတ်။ ၂၄၄)'
211892	parānuddayatāsahita	stray word 'ပရာနုဒ္ဒေသိကနယ' (a later headword) inside the gloss
211906	parāpara	grammatical quotation '“ပရာပရာနီ” တိ ဝတ္တဗ္ဗေ … “ပရောပရာနီ”'; the run-in headword ပရာပရာဓ(ပု) with its definition
211909	parāparādhavikappapariccāga	stray word 'ပရာဗဒ္ဓ' (a later headword) inside the gloss
211913	parāpekkha	encoding debris ⟨....⟩
211915	parābhata	run-on article ပရာဘဝ၁ (ပု) with its analysis bracket, Pāḷi quotation and citation 'နှာ-၁၂၇'
211916	parābhava	the repeated senses (1)–(5); commentary quotation 'ပရာဘဝါယာတိ အဝဍ္ဎိုယာ ဝိနာသာယ။ အဝုဍ္ဎို။'; the run-in headword 'ပရာဘ၀၂(ပု) [။ နောက်ပုဒ် ကျေ။ ]' with its definition
211924	parābhavasutta	quotation “ပရာဘဝသုတ္တ”
211928	parābhibhavana	quotation fragment 'တထာ “'
211936	parāmaṭṭha	encoding debris ⟨....⟩
211938	parāmasana	the headword with its labels and derivation '[ပရ+အာ(ပရာ)+မသ+ယု။ ⟨....⟩။ ]'; quotation '(ခ) အာဒိနာ ယံ-သဒ္ဒပရာမဋ္ဌာနံ … ဟောတိ'
211939	parāmasanakilesa	the next headword 'ပရာမသန္တ'
211941	parāmasanākāra	quotation 'ပဇာနာမီတိ ဧတ္ထ ဣတိ-သဒ္ဒေါ ပကာရတ္ထော၊ တေန “မမ”'
211949	parāmasitakkhaṇa	stray word 'ပရာမာသိတုံ' inside 'သုံး … သပ်'
211950	parāmasitabba	quotation '(ခ) “ယသ္မိ”န္တိ ယ-သဒ္ဒေန ပရာမဋ္ဌဿေဝ အာပတ္တာဓိကရဏဿ “တသ္မိ”'
211951	parāmasituṁ	quotation fragment '(-(ခ) အပရာမဋ္ဌေဟီတိ'
211953	parāmasitvā	citation '၂၂၅- (ခ)'
211955	parāmasīyati	quotation fragment '(ခ) သော ဟိ “တဿာ”'
211961	parāmāsa	a long block of encoding debris in ⟨ ⟩ with the stray word 'ပရာမာသ' and a stray ']'
211963	parāmāsakilesa	quotation “ပရာမာသ-ကိလေသာန”န္တိအာဒိ
211966	parāmāsaggāha	quotation “နိစ္စ”န္တိအာဒိနာ
211976	parāyaṇa	a long block of encoding debris in ⟨ ⟩ with a stray ']'; the repeated senses; 'ပရာယဏ(န) ၃၂၃'; variant 'ပရာယဏော (ပရာယနော။ ဗုဒ္ဓဝံ)'; quotation fragments “မာ ”, '(အာရမ္မဏံ)', 'တေနာဟ “ပရာယဏ”န္တိ'
211983	parāvattita	quotation fragment 'တေနာဟ န္တိ'
211985	pari	the repeated senses (1)–(13) with commentary quotations ('ပလ္လင်္ကန္တိ ဧတ္ထ …', 'ပရိကေဠနာ-တိ …', 'မဟာနိ၊ ပရိကဍ္ဎုတိ', 'ပရိမုခန္တိ …', 'သမီပတ္ထော …', “ပရိဏာယိကာ”, 'ပရိဂ္ဂဟဏတ္ထာယာတိ …')
211986	parikaḍḍhati	lists of inflected forms with --- ('ပရိကဍ္ဎို-ဿန္တိ --- (၂)။ (၃) ပရိကဍ္ဎေုယျာ။ ပရိကဍ္ဎို-ဿာမိ --- ၃၇-၈')
211990	parikaḍḍhatahadaya	quotation 'ပရိကဍ္ဎိုတ-ဟဒယတ္တာ'
211991	parikaḍḍhitvā	inflected form 'ပရိကဍ္ဎိုတွာ'
211993	parikaḍḍhiyamānahadaya	quotation 'ပရိကဍ္ဎိုယမာနဟဒယော'
211996	parikathā	quotation fragments 'သာ (ဝိညတ္တိ)။ ဝါ “ယုတ္တ”န္တိ ဝါ “အနုရူပ”။ အာဒိဝစနံ'; citations 'ခုဒ္ဒသိက္ခာ။ ဂာထာ-၃၇၇။ ၎င်းဋီ'
211998	parikantati	inflected form 'ပရိကန္တိ ---'
212010	parikappakiriyāpaṭikkhepavacana	quotation fragment “မာ ”
212012	parikappati	quotation 'တေန (နာ)။ ဇပ္ပနတဏှာယ ဝသေန န ပရိကပ္ပန္တီတိ အာဟ'
212014	parikappattha	the run-in headword 'ပရိကပ္ပန (နာ) (န၊ ထီ) [+ယု]' with its senses (1)–(3); quotation fragment '(၃) “တက္ကမတ္တေနာ”'
212017	parikappanavisaya	grammarian's note 'အဿထာတိ ... ဒဿေတိ'; quotation fragment 'ဘဝေယျာထာ'
212023	parikappavacana	quotation 'ပရိကပ္ပဝစနံ , “ပဿေယျာ”'
212027	parikappārahadhamma	the next headword 'ပရိကပ္ပါဝဟာရက'
212030	parikappāvahāraka	quotation 'ထေယျာဗလ-ကုသစ္ဆန္ဒ-ပရိကပ္ပါဝဟာရကော'; citations 'ခုဒ္ဒသိက္ခာ။ ၄-ဂာထာ။ ၎င်းဋီ၊ဟောင်း။ ၎င်းဋီ၊သစ်။'
212038	parikappitataṇhā	quotation fragment 'ဧသောဟမသ္မီ'
212039	parikappitanimitta	quotation fragment 'နိမိတ္တဂ္ဂာဟီတိ “ဣတ္ထီ”တိ ဝါ “ပုရိသော”တိ ဝါ “သုဘ”န္တိ ဝါ “အသုဘ”'
212041	parikappitaparittārammaṇa	quotation fragment 'ဒုဗ္ဗလဝတ္ထုကတ္တာ'
212042	parikappitapuggala	quotation fragment '“ပဋိသေ။ ဒိဋ္ဌီ”တိ အာဟ'
212049	parikappitarūpa	quotation fragment '“ဝိပဿနာ။ ” တိ'
212051	parikappitasāmaññākāra	source tag 'သျ' after the bracketed gloss
212054	parikappīyati	quotation fragment 'အတ္တာ'
212056	parikappetabba	quotation fragment 'ကဿစီ'
212060	parikappetvā	trailing 'ပရိကမ္မ၁' (the next headword)
212067	parikamma	opening Pāḷi passage 'ပဌမစိတ္တဥှိ … ပရိ-ကမ္မံ'; a long block of font-encoding debris in ⟨ ⟩ (probably the grammatical note); the whole second printing of senses (1)-(5) with its quotation fragments ('လဒ္ဓမာကာသံ … ပဌမာရုပ္ပမပ္ပေ-တိ', '“ပရိကမ္မာနီ”', '“အပ္ပနာ။ ဘူတတ္တာ”', 'ဝတ္တဗ္ဗက္ခဏေ', '-တိအာဒိ'), citation 'အဘိ၊', stray 'ပရိကမ္မ၁' (twice)
212068	parikamma	stray word 'ပရိကမ္မကတ' (the next headword)
212069	parikammaāloka	Pāḷi fragment 'ပရိကမ္မအာလောကော'
212072	parikammaüpacāramettā	quotation fragment 'မေတ္တာ-ပုဗ္ဗဘာဂဉ္စာ'
212073	parikammakata	headword repeated 'ပရိကမ္မကတ'; citation 'ခုဒ္ဒသိက္ခာ၊ ဋီ၊သစ်'
212082	parikammakicca	quotation fragment 'ပရိ-ကမ္မကိစ္စ န္တိ “'
212083	parikammacitta	Pāḷi fragment 'ပရိကမ္မစိတ္တာနီ'
212086	parikammaṭṭhāna	stray headword 'ပရိကမ္မပထဝီ'
212091	parikammanissaya	grammarian's note '(ဤ၌ နိဿယ-သဒ္ဒါ လိင်္ဂဝိပလ္လာသ။' (change of gender of the word nissaya)
212097	parikammabhāvanā	citation '၉-ပရိစ္ဆေဒ'
212101	parikammamanasikāra	Pāḷi fragment 'ပရိကမ္မမနသိကာ-ရေနာ'
212109	parikammavedanā	page number '(-၃၈-'
212110	parikammavodāna	quotation fragment '“ဂောတြဘုတော”'
212117	parikammasamādhicitta	Pāḷi fragment 'ပရိကမ္မ-သမာဓိစိတ္တေနာ'; Pāḷi commentary passage 'ပရိကမ္မသမာဓိစိတ္တဿာတိ … ပဝတ္တက္ခဏိကသမာဓိစိတ္တဿ'
212118	parikammasamādhiñāṇa	stray headword 'ပရိကမ္မာဂမန'
212122	parikammasiddha	quotation fragment '“နိရောဓသမာပတ္တိသညာ”'
212140	parikammobhāsa	headword repeated 'ပရိကမ္မောဘာသ'
212141	parikammobhāsamanasikārappasuta	stray word 'ပရိကရောတိ' (a later headword) inside the text
212142	parikara	font-encoding debris in ⟨ ⟩ before the definition (probably the grammatical note and references)
212149	parikassati	Pāḷi gloss 'ပရိကဿတီတိ အာကဍ္ဎို-ယတိ'
212156	parikittetvā	stray headword 'ပရိကိရန္တ'
212158	parikirati	trailing sense references with a Pāḷi form '(၂) (ပရိကိရန္တိ)၊ (၃)'
212165	parikilamittha	debris / source fragment 'မာ}(က္ကိ)'
212168	parikkilesa	grammarian's note in Burmese (the ṭīkās on Saraṇagamanakathā 17 explain 'duggatiparikilesaṁ' as a compound; the reading at 163 is corrupt; the doubled 'parikkileso' is a metrical doubling for the upendavajirā metre, so 'parikkilesa' at 176 is a scribal slip), with its citations
212169	parikilesa	grammarian's note in Burmese (the ṭīkās on Saraṇagamanakathā 17 explain 'duggatiparikilesaṁ' as a compound; the reading at 163 is corrupt; the doubled 'parikkileso' is a metrical doubling for the upendavajirā metre, so 'parikkilesa' at 176 is a scribal slip), with its citations
212175	parikīl̤inā	Pāḷi etymology 'ပရိကေဠနာတိ ပရိကီဠနာ'
212182	parikel̤anā	grammarian's note 'ပရိကေဠနာ တိ ပရိကီဠနာ' (parikeḷanā = parikīḷanā); run-on headword 'ပရိက္ကမန'
212185	parikkanta	repeated fragment 'ဘာသိတပရိက္ကန္တ' (twice); textual note that the Paṇ nissaya emends to 'ပရက္ကန္တံ' (from parā + kamu)
212189	parikkamanasutta	citation 'အင်္ဂုတ္တရ-နိကာယပါဠိ ၁၀-နိပါတ်၊ ၄-ပဏ္ဏာသက၊ ၂-ဝဂ်၊ ၉-သုတ်'
212192	parikkametvā	stray headword 'ပရိက္ခတ'
212195	parikkhakajanappasādaka	Pāḷi note 'ပရိက္ခကဇနပ္ပသာဒကန္တိ ဧတ္ထ ဣတိ-သဒ္ဒေါ ဟေတုအတ္ထော'
212197	parikkhata	'(၂)' with the quotation fragment 'တဏှာပရိက္ခာရေ'
212198	parikkhaya	Pāḷi fragments 'ပရိက္ခယာ တိ ပရိက္ခယေနာ', '( ပရိက္ခယ'; citations 'ဣတိဝုတ်။ အဘိ၊ ၁၁၅၊ဣတိဝုတ်၊ဋ္ဌ။' and '(၂) (ဣတိဝုတ်။ ၂၀၂)'
212201	parikkhayamāna	analysis of the form 'ပရိက္ခယ-မာန'
212202	parikkhayasambhavāsaṅkā	quotation fragment '“အဘိ-ပရိက္ခရောတိ ဝါဒနသီလိဿ'
212207	parikkharoti	quotation '“သောဠသပရိက္ခာရန္တိ သောဠသပရိဝါရ”န္တိ'
212212	parikkhāra	the second printing of senses (1)-(5) with its Pāḷi notes and quotations ('ဝုတ္တမ္ပိ “။ ”တိ', 'ဧတ္ထ သမ္ဘာရတ္ထော ပရိက္ခာရ-သဒ္ဒေါ', '“စတုပါရိသုဒ္ဓိသီလာလင်္ကာရော”တိ'); citations 'သုတ္တနိ။ ၂၆၊၂၀၆…-ကင်္ခါ။ ကင်္ခါ၊ဋီ'
212220	parikkhārajāta	grammarian's note '(ဇာတ-သဒ္ဒါ တဗ္ဘော)'; quotation '“အတ္တ-ပရိက္ခာရတ္ထ နော ပရိက္ခာရဇာတ”န္တိ'
212235	parikkhārabhaṇḍaka	Pāḷi fragment 'ပရိက္ခာရဘဏ္ဍကေနာ'
212241	parikkhāramattā	Pāḷi gloss 'ပရိက္ခာရ-ပရိက္ခာရဝိနာသ မတ္တာတိ ပရိက္ခာရဂဟဏံ'
212256	parikkhitta	fragment 'ပါစိတ်ယော' (source or quotation)
212271	parikkhipanaka	Pāḷi gloss 'ပရိက္ခိပနကန္တိ ကဋိယံ ပရိက္ခိပနာရဟံ'
212272	parikkhipanta	stray headword 'ပရိက္ခိပါပေတိ' inside sense (3) of the first copy
212278	parikkhipitabba	trailing '(၂) “ပရိယန္တေသူ”တိအာဒိ' (sense reference with a quotation fragment)
212283	parikkhiyamāna	textual note '(ဤနေရာ ဆဋ္ဌမူ ဋီကာ ပါဌ်၌ ဟု ပါဌ်ပျက်နေသည်။' (the reading of the Chaṭṭha ṭīkā is corrupt here; its quoted form stripped)
212293	parikkhīṇadhana	stray headword 'ပရိက္ခီဏဘဝသံယောဇန'
212300	parikkhīṇabhāvadīpaka	quotation fragment '“အနေ-ကဇာတိသံသာရ”'
212303	parikkhīṇavibhava	stray headword 'ပရိက္ခီဏသီဟဠကုဒါလသဏ္ဌာန'
212312	parikkhīṇāsava	quotation 'ဝသီသတသဟဿေဟိ၊ ပရိက္ခီဏာသဝေဟိ သော'
212315	parikkhepa	citation 'ကင်္ခါ၊ဋီ' in the second copy
212325	parikkhepappamāṇa	Pāḷi gloss 'ပရိက္ခေပပ္ပမာဏန္တိ ပရိဏာဟဿ ပမာဏံ'
212328	parikkhepavilāsasampanna	stray headword 'ပရိက္ခေပါရဟဋ္ဌာန' inside the text
212337	pariklesa	stray headword 'ပရိဂဏေတုံ' inside sense (2)
212347	parigalanta	stray headword 'ပရိဂူဟတိ' inside the text
212352	parigal̤ita	Pāḷi note 'ဣဓ ပရိဂဠိတံ န-ကာရံ အာနေတွာ .... ဧဝမတ္ထော ဂဟေတဗ္ဗော'
212353	parigilanta	fragment 'အာဟ'
212354	parigūhati	citation 'ဝိ၊သင်္ဂဟ၊ဝဇိရ'
212358	parigūhasi	stray headword 'ပရိဂ္ဂဏှနကိစ္စဝန္တု'
212369	pariggaṇhanta	opening fragment '၌ ပရိဂ္ဂဏှန္တီ။'; stray headword 'ပရိဂ္ဂ(ဂ)ဏှန္တ' inside (a); citations '(-ဥဒါန။ ၂၃၊ ၁၆၇၊၃၅၅-နေတ္တိ၊ဋီ။'
212370	parigaṇhanta	opening fragment '၌ ပရိဂ္ဂဏှန္တီ။'; stray headword 'ပရိဂ္ဂ(ဂ)ဏှန္တ' inside (a); citations '(-ဥဒါန။ ၂၃၊ ၁၆၇၊၃၅၅-နေတ္တိ၊ဋီ။'
212374	parigaṇhāti	citations '(၃၇-၉၊ ဣတိဝုတ်၊ဋ္ဌ။ ၂၇-၁၆၇-နေတ္တိ၊ နေတ္တိ၊ဝိ။', inflected forms 'ပရိဂ္ဂဏှီ။ ပရိဂ္ဂ(ဂ)-။ ၂၄၊ (ဂ) ဥဒါန။ ပရိဂ္ဂဏှာမိ ၁၉၀'
212380	pariggaṇhitabba	'(၂)' with 'ပရိဂ္ဂဟေတဗ္ဗာ' (a variant or quotation)
212383	pariggaṇhitvā	debris '(-(၂)'
212392	pariggayha	quotation fragment 'မမာ'; citation 'ဇာ'; reference 'ပရိဂ္ဂယှမာန ၂'
212396	pariggaha	opening Pāḷi 'ပရိဂ္ဂယှတေ “သက”'; a block of font-encoding debris in ⟨ ⟩ (probably the grammatical note); the second printing of senses (1)-(4) with a stray 'ပရိဂ္ဂဟ' and fragments 'စာ။', 'အာဒိ-မာဟ။', '“ဥပဓီ”တိ အာဟ'
212398	pariggahakaraṇa	trailing '(၂) “မယှ”' (sense reference with a quotation fragment)
212404	pariggahalakkhaṇa	quotation fragments '“ပရိဂ္ဂဟလက္ခဏာ”' (twice), 'သမ္မာပရိဂ္ဂဟဏလက္ခ-ပရိဂ္ဂဟ(ဏ)'; the editor's note in Burmese (there are two readings, pariggahalakkhaṇa and pariggahaṇalakkhaṇa, of the same meaning; the ṭīkās explaining it are quoted in full, the oldest, the Mūlaṭīkā, first, for students to weigh)
212405	pariggahaṇalakkhaṇa	quotation fragments '“ပရိဂ္ဂဟလက္ခဏာ”' (twice), 'သမ္မာပရိဂ္ဂဟဏလက္ခ-ပရိဂ္ဂဟ(ဏ)'; the editor's note in Burmese (there are two readings, pariggahalakkhaṇa and pariggahaṇalakkhaṇa, of the same meaning; the ṭīkās explaining it are quoted in full, the oldest, the Mūlaṭīkā, first, for students to weigh)
212419	pariggahavatthu	trailing '(-'
212431	pariggahita	stray headword 'ပရိဂ္ဂဟိတ' inside (2)(b) of the first copy; the second printing of the senses
212437	pariggahitadassanamukha	quotation fragment '“ဗဟုဿုတော”'
212440	pariggahitaniyyāna	fragment '-တိ'
212441	pariggahitaniyyānasati	fragment 'တတြာယံ'
212455	pariggahīyate	Pāḷi gloss 'ကိံ တံ? ပုတ္တဂောဏာဒီကံ'
212462	pariggahessāmi	stray headword 'ပရိဂ္ဂာဟကပညာ'
212463	pariggāhaka	textual note in Burmese: in the Dakkhiṇāvibhaṅga sutta Pāḷi and its commentary the reading is 'ပဋိဂ္ဂာဟကတော', which would be the more fitting reading
212470	parighaṭita	fragment 'တက္ကပရိ-ပရိစ(စ္စ)'
212471	parighāsa	fragment 'ဝဍ္ဎိုတော'
212476	paricattapubba	fragment '(စ္စ)တ္တပုဗ္ဗာ'
212477	pariccattapubba	fragment '(စ္စ)တ္တပုဗ္ဗာ'
212478	pariccattasammosa	stray headword with page number 'ပရိစ္စတ္တသမ္မောသပဋိပက္ခ၃၁၈'
212479	paricattasammosa	stray headword with page number 'ပရိစ္စတ္တသမ္မောသပဋိပက္ခ၃၁၈'
212492	paricarati	citation 'ဇာ၊ ပရိစရန္တ (ခ)'
212503	paricariṁ	stray word 'ပရိစရိတဗ္ဗဓါတု' after the placeholder (a later headword)
212515	paricariyamāna	stray word 'ပရိစရိဿာမိ' printed inside 'ဆည်းကပ်'
212527	paricāraka	quotation '“အန္တေဝါသီ” “ပရိစာရိကော”တိ'
212528	paricārika	quotation '“အန္တေဝါသီ” “ပရိစာရိကော”တိ'
212534	paricārakasol̤asa	inflected form and variant '(က၊ခ) ပရိစာရကသောဠသာနံ (သောဠသန္နံ။ သျာ၊က)'
212539	paricāraṇā	variant-reading notes '(ပရိစာရဏာ သီ၊က-မူကွဲ)။ ပရိစာရိကာ (ပရိစာရဏာ၊ က-မူကွဲ)'; the compiler's note (bracket not closed) on the commentary's reading paricārikā / paricāraṇā / parihāraṇā, citing Kaṅkhā 237
212541	paricārayanta	variant readings '(ပရိစာရယန္တီ၊ သီ၊ဣ-မူကွဲ)။ (ပရိစာရယန္တီတိ၊ သီ၊ဣ-မူကွဲ) (ပရိစာရယန္တီပိ၊ သီ၊ ဣ-မူကွဲ)'
212544	paricārayamāna	grammarian's note '(ဏယ-ပစ္စည်း ရုဠှီကာရိတ်)'; Pāḷi quotation 'ဗြာဟ္မဏ .... နဂ္ဃတီတိ'; fragments 'ကာမဂုဏေဟီ', 'ရမမာနာ'; headword repeated twice
212547	paricāriṁ	stray word 'ပရိစာရိကဒေဝသံဃ' after the placeholder (a later headword)
212563	paricāriyati	fragment 'ပုန “ကာမဂုဏေဟီ”'
212565	paricāriyamāna	grammarian's note '(ဤ၌ ဟေတုကတ္တုရုပ်ဖြစ်၍ “ပရိစာရယမာနော”ဟု ပါဌ်ရှိမူ ယုတ္တတရဖြစ်ရာ၏။' (the reading paricārayamāno would be better)
212568	paricāreti	stray headword 'ပရိစာရေတိ၂' inside the text; quotation fragments 'တေသူ', '“ပလဠတီ”တိ အာဒိ'; list of inflected forms 'ပရိစာရေသိံ ----' and numbers '၁၇၂-၃-၄'
212573	paricārema	grammatical analysis '[+ဏေ+မ]'
212580	paricāresi	grammarian's note '[+ဏေ+ဤ]'; stray headword 'ပရိစိဏ္ဏ' inside the text
212587	pariciṇṇa	quotation fragment 'တေန'
212588	pariciṇṇaṭṭhāna	fragment 'သော အာဟ'
212592	paricita	second copy of the senses; quotations 'ပရိစိတာ သုဝဍ္ဎိုတာ', 'ပရိစိ-တာယာ အဘိဝဍ္ဎိုတာယာတိ အတ္ထော', '“သမန္တတော”', 'အဘိဝဍ္ဎိုတာယာတိ ... ဒဿေတိ', '“အာကာသဋ္ဌဒေဝတာန”န္တိ'
212593	paricita	Pāḷi note '“ပရိစိတာ”တိ။ “ဇိတာ”။ “ပရိဇိတာ”တိ ဝတ္တဗ္ဗေ ဇကာရဿ စ-ကာရံ ကတွာ “ပရိစိတာ”' (paricita for parijita)
212594	paricitakammaṭṭhāna	fragment 'အာဟ'
212596	paricitaṭṭha	stray word 'ပရိစိတမာတုဂာမ' (a later headword)
212607	paricitasāṭheyya	stray word 'ပရိစိတ္တ' (the next headword) inside 'သင်ယူ'
212610	paricitta	the two quoted Pāḷi readings (removed by prep)
212615	paricokkha	variant '(ပရိမောက္ခော၊ သီ)'
212618	pariccajati	Pāḷi grammatical note 'စဇ ဟာနိမှိ ... ပရိစ္စတ္တံ ဓနံ'; encoding debris in ⟨ ⟩; second copy of the senses with the headword; fragment 'ဣတိဝုတ်၊ ဣတိဝုတ်'
212621	pariccajana	start of a second copy '(၁) စွန့်ခြင်း။ (က) စွန့်ကြဲ-ပေးကမ်း-လှူဒါန်း-ခြင်း။' (it continues in the next entry)
212622	pariccajanaka	tail of the second copy of pariccajana's senses and '(၂) အောက်ပုဒ် ကြည့်'; variant '(ပရိစ္စဇာ။ အောက်။ သျာ၊ကံ)'; headword and label 'ပရိစ္စဇနက(တိ)'; grammatical analysis '[ပရိစ္စဇန+က။ ]'
212626	pariccajanta	repeated sense list (a)–(d); stray '(-' debris
212633	pariccajāpetvā	quotation fragment '(က) ဒုတိယတ္ထေရဿာတိ'
212636	pariccajāmi	stray word 'ပရိစ္စဇိတဗ္ဗ' (a later headword) before (c)
212642	pariccajita	quotation fragment '(၁) “မက္ခေတဗ္ဗာနီ”'
212643	pariccajitabba	second copy of (a)-(e); stray word 'ပရိစ္စဇိတဗ္ဗဝတ္ထုပဒဋ္ဌာန၃၄၃' (the next headword with a page number)
212645	pariccajitabbasabhāva	stray word 'ပရိစ္စဇိတုကာမ' (a later headword)
212646	pariccajituṁ	stray '(- (ခ)' at the end
212649	pariccajitvā	commentary quotation '(င) ကဿ ဩဟာယ ဂစ္ဆသီတိ ... ပရိစ္စဇိ-တွာ ဂစ္ဆသိ'
212663	pariccatta	second copy of the senses; stray word 'ပရိစ္စတ္တအတ္တဘာဝ' (the next headword)
212669	pariccattakammaṭṭhāna	stray word 'ပရိစ္စတ္တဇီဝိတ' (a later headword)
212680	pariccattalokāmisa	stray word 'ပရိစ္စတ္တသမ္မောသပဋိပက္ခ' (a later headword)
212681	pariccattavatthuvisaya	quotation fragment '“စိတ္တေနပီ”'
212689	pariccāga	first copy of the senses; stray words 'ပရိစ္စာဂ' and 'ပရိစ္စာဂစေတနာ' (headwords); quotation fragment '“ဝေါသဂ္ဂော”'
212695	pariccāgattha	quotation '(၂) ဝေါဿဂ္ဂ-သဒ္ဒေါ ... ဒုဝိဓတာ ဝုတ္တာ'
212697	pariccāgapaññatti	quotation fragment '“ပရိစ္စာဂပညတ္တီ”တိ'
212699	pariccāgapaññāpanaṭṭhāna	fragment '-တိ'
212709	pariccāgavisesabhāvadassanattha	stray word 'ပရိစ္စာဂဝေါဿဂ္ဂတ္ထ' (a later headword)
212716	pariccāgasīla	stray word 'ပရိစ္စာဂာဒိလက္ခဏ' (a later headword)
212723	paricchada	encoding debris in ⟨ ⟩ (the grammatical analysis); source tags 'အမရကောသဋီကာ။ ဝိ၊ဓါန်၊သျ'; quotation fragment '(၄) “ကောသော”'; quotation 'အယံ ဟေတ္ထ မဟာနာမ ... ပရိဟာယတိ'
212725	paricchadādijāta	fragment '-န္တိ'
212728	paricchijja	run-on article ပရိစ္ဆိဇ္ဇ၂ (ကြိ၊ဝိ) 'ပိုင်းခြား၍။ (က) ဝေဖန်-သိမြင်-၍။ (ခ) စူးစမ်း-ဆင်ခြင်-၍။'
212740	paricchijjamāna	fragment '(ဝုတ္တော)'
212748	paricchindati	second copy of the senses with the headword 'ပရိစ္ဆိန္ဒတိ'
212749	paricchindana	second copy of the senses; stray word 'ပရိစ္ဆိန္ဒနကိရိယာ' (the next headword); fragment 'အာဟ'
212756	paricchindanti	stray word 'ပရိစ္ဆိန္ဒိတာဘာဝ' (a later headword)
212765	paricchindituṁ	stray word 'ပရိစ္ဆိန္ဒိတွာ' (the next headword) inside sense (a)
212769	paricchinna	quotation fragment '“ပရိတ္တ”'
212773	paricchinnakāla	stray word 'ပရိစ္ဆိန္နကာလဘောဇီ' (a later headword) inside 'ပိုင်းဖြတ်'
212776	paricchinnakālabhojī	quotation fragments '“မိတာဟာရ” “ဝိကာလ။ ပရိတ္တာဟာရ”န္တိ အာဟ'
212779	paricchinnagaṇana	fragment '“ တိ'
212780	paricchinnagabbhūpacāra	the compiler's query '(သဗ္ဗဂဗ္ဘော?)'; quotation fragment '“အပရိစ္ဆိန္နဂဗ္ဘူပစာရေ”'
212781	paricchinnacittakkhaṇa	stray word 'ပရိစ္ဆိန္နဓမ္မ' (a later headword) inside the bracket
212791	paricchinnaniddesa	quotation fragment '“သမယ”'; stray word 'ပရိစ္ဆိန္နဘိက္ခုက' (a later headword)
212793	paricchinnappamāṇa	fragment 'မာဏ(တိ)' at the start (end of the headword with its label)
212804	paricchinnarūpa	stray 'ပရိစ္ဆိန္နလေခါ ၆၃' (a later headword and a page number)
212806	paricchinnarūpādiupādānavisaya	quotation '“န စ သမ္မုတိသစ္စဝသေ-နာ”တိအာဒိ'
212810	paricchinnavaṭṭadukkha	stray '(-' at the end
212813	paricchinnavutti	stray word 'ပရိစ္ဆိန္နသာမိက' (a later headword)
212828	pariccheda	encoding debris in ⟨ ⟩ (the grammatical analysis); second copy of the senses; quotations '“စက္ခုဒသကာဒိ။ ”တိ အာဟ။ မတ္တ-သဒ္ဒေါ ...', '“ဧကုပ္ပါဒါ”။ ဂဏနပရိစ္ဆေဒန္တိ ...'; book titles 'နာမရူပပရိစ္ဆေဒ။ ပရမတ္ထဝိနိစ္ဆယ။ သစ္စသင်္ခေပ'; the compiler's note '(ဤ၌ ဝိမာန၊ဋ္ဌ-နှင့်တကွ ... မပါသင့်ပေ။ )' on sense (8); stray word 'ပရိစ္ဆေဒကထာ' (a later headword)
212859	paricchedaniyamadassana	stray word 'ပရိစ္ဆေဒပရိဝဋုမ' (a later headword)
212862	paricchedaparicchinna	quotation fragments '“ဧက။ ဒီပန”'
212867	paricchedaparivaṭumatākaraṇa	stray word 'ပရိစ္ဆေဒရူပ' (a later headword)
212884	paricchedākāsakasiṇa	stray word 'ပရိစ္ဆေဒါနုရူပ' (a later headword) inside 'ဖြစ်သည်'
212889	paricchedānurūpa	quotation fragment '“ဝိပုလာန” အာဟ'
212895	parijana	citation 'ပါစိတ်၊(-ထေရီ'
212897	parijanakammakāra	the compiler's note '(ဤပုဒ် နှစ်ပုဒ်သည် ... ပါဌ်မှန် ဖြစ်ရာ၏။' on kammakara / kammakāra
212914	parijānanaka	quotation 'ဇာနာတီတိ ဇာနကော .... သဉ္ဇာနနကော'
212917	parijānanakicca	quotation fragment '“ပရိညာတ”'
212920	parijānanattha	stray word 'ပရိဇာနနာဒိကိစ္စသာဓန' (a later headword)
212923	parijānanavidhi	quotation fragment '“ကထ”န္တိအာဒိမာဟ'
212929	parijānanādivasappavattanigamana	quotation 'ဝိညာဏဋ္ဌိတိအာဒိနာ ... ပညာဝိမုတ္တနာမဉ္စ'
212932	parijānābhinivesa	stray word 'ပရိဇာနမာန' (a later headword)
212937	parijānāti	citations '၃၅၀-၆၈-၉၊ ၅၄၊ မိလိန္ဒ။ ၂၇၂၊ဣတိဝုတ်၊ဋ္ဌ။'; inflected form 'ပရိဇာနိံသု ပဋိသံ'
212948	parijānittha	stray word 'ပရိဇိဏ္ဏ' (a later headword)
212970	parijhāpanarasa	stray word 'ပရိညတ္တ' at the end (next headword or running head)
212983	pariññā	repeated sense list (1)–(5) (article body repeating the summary); bold markers ']…}' round the three pariññā names
212984	pariññā	grammarian's note 'ယ-ကာရလောပဝသေနာယံ နိဒ္ဒေသော “ပရိညာ”' (the form by elision of ya)
212989	pariññākiccasādhanī	stray word 'ပရိညာတ' inside the text (running head or next headword)
212999	pariññātatta	citation fragment '(-စူဠနိ။'
213012	pariññātavedana	stray word 'ပရိညာတာဟာရ' at the end (next headword or running head)
213022	pariññādi	stray word 'ပရိညာဒိပညတ္တိ' at the end (a later headword)
213035	pariññāpaññā	citation 'ပဋိသံ'; Pāḷi commentary quotation 'သာ ဟိ ဗျာပနဋ္ဌေန ပရိ-သဒ္ဒေန .... ဗျာပိတံ ဇာနနန္တိ ကတွာ ပရိညာတိ ဝုစ္စတိ'
213037	pariññāpaṭikkhepa	quotation fragment '“အပရိ-ညာတ”'
213038	pariññāpaṭivedha	grammarian's note 'ဒုက္ခ-သစ္စန္တိအာဒီသု ပရိညာပဋိဝေဓန္တိအာဒိ ဘာဝ-နပုံသကဝစနံ'
213044	pariññāppabheda	quotation fragment '“ပဉ္စက္ခန္ဓာ”'
213045	pariññābhisamaya	quotation fragment '“ပရိညာဘိသမယေနာ”တိ'; stray 'ပရိညာဘိသမယသံသိဒ္ဓိ ၅၀၃' (a later headword and a page number)
213051	pariññābhisamayādibheda	quotation fragment '“စက္ခုကရဏီ”'
213053	pariññābhisamayānuguṇa	stray 'ပရိညာယ ၄၀၉' (a later headword and a page number)
213057	pariññāya	list of citations '( ၆၉၊၂၇၇၊၄၀၈-အဘိ၊ဝိ။ ၇၃၊၉၄၊…၂၉၀-' (truncated)
213062	pariññāvatthuka	stray word 'ပရိညာသဟဂတ' at the end (a later headword)
213063	pariññāvāra	the opening parenthesis and the closing page number '၁၂၁)'
213064	pariññāvisaya	quotation fragment '“အဝိသေသေနာ”တိအာဒိမာဟ'
213067	pariññāsiddhi	quotation fragment 'ဧဝမ္ပိ “ခယာ”'
213068	pariññeyya	list of inflected forms by sense '(က) ပရိညေယျေ … (ဃ) ပရိညေယျာ'; citation 'ဝိမတိ၊၁'
213070	pariḍayhati	citations 'အဘိ၊ နေတ္တိ'
213083	pariṇata	second copy of senses (1)-(5); quotation fragment '(အတ္တနော) ပရိဏာမေယျ'
213085	pariṇatakāla	stray repeat of the headword 'ပရိဏတကာလ' at the end
213090	pariṇatadvaya	quotation fragment 'ပရိဏတဒွယေ “အတ္တနော”'
213094	pariṇatapallavavaṇṇakāla	Pāḷi quotation 'တရုဏပလ္လဝဝဏ္ဏကာလေ ပဝတ္တံ ပရိဏတပလ္လဝဝဏ္ဏကာလံ'
213101	pariṇamati	second copy of senses (1)-(7); stray headword 'ပရိဏမနသီလ' splitting the fragment 'ပရိ-...ဏမတီ'
213108	pariṇāma	repetition of senses (1)-(5)
213110	pariṇāmakāla	Pāḷi quotations 'ဝဍ္ဎိုတကာ-လော ဂဗ္ဘဂ္ဂဟဏကာလော။ ပရိဏာမကာ-လောတိ ဗလ၀၀dပဿနာကာလော' (with encoding debris 'd')
213111	pariṇāmaja	page number '၂၂၄-'
213115	pariṇāmanappayoga	Pāḷi word 'ပရိဏာမယမာန' (a quoted form) before the gloss
213116	pariṇāmanapayoga	Pāḷi word 'ပရိဏာမယမာန' (a quoted form) before the gloss
213132	pariṇāmeti	citation '(၃၉၇၊၂၁၈)'; '(၃)' with the quotation fragment 'ဓမ္မော'
213140	pariṇāmesuṁ	stray word 'ပရိဏာယက' at the end (the next headword)
213143	pariṇāyaka	feminine form '(ခ) ပရိဏာယိကာ'
213152	pariṇāyakasampanna	feminine form '(၂) ပရိဏာယကသမ္ပန္နာ'
213169	paritassati	variant form '(၁) ပရိတသတီ'
213170	paritasati	variant form '(၁) ပရိတသတီ'
213176	paritassanarūpa	quotation fragment '“သေယျောဟမသ္မီ”'
213178	paritassanāggahaṇa	quotation fragment '“တဏှာဂတာန”န္တိ,'
213182	paritassita	stray 'ပရိတဿိတဝိပ္ဖန္ဒိတ' (a later headword) inside sense (2)
213183	paritasita	stray 'ပရိတဿိတဝိပ္ဖန္ဒိတ' (a later headword) inside sense (2)
213185	paritassitavipphandita	citations '( ၁၈၁-၉၊ ၄၅၉၊)'
213201	paritāsa	inflected form and source tag 'ပရိတာသံ(သီ)'
213203	parituṭṭha	stray word 'ပရိတုလိတ' (a later headword) inside sense (2)
213216	parito	the headword 'ပရိတော' repeated at the head of (3)(a); citation fragments '(-(ခ)။ ဣတိဝုတ်၊ (ဂ)။'
213233	paritosehi	second heading 'ပရိတ္တ၁'; grammatical analysis '[ပရိ+ဒါ+တ။ ]'; repeat of sense (a) at the end
213234	paritta	commentary quotation 'ပရိတ္တာနီတိ အဝဍ္ဎို-တာနိ'
213235	paritta	quotation fragment 'ပရိတ္တေနာ'; grammatical analysis '[ပရိ+တာ+တ]'
213242	parittaṭṭhāna	stray fragment 'န္တိ'
213243	parittakata	commentary quotation 'ပရိတ္တကတံ ဝါ ဟီနံ၊ မတ္တ-သော ကတံ မဇ္ဈိမံ၊ အဓိမတ္တသော ကတံ ပဏီတံ'
213246	parittakamma	quotation fragment 'ပရိတ္တကမ္မ-ပရိတ္တကရဏဋ္ဌာန တော ပုရေတရမေဝါ'
213250	parittakaraṇa	repeated headword 'ပရိတ္တကရဏ'; citation '(-ဝိ၊သင်္ဂဟ။'
213253	parittakasiṇa	commentary quotation 'ပရိတ္တကသိဏဝသေနာ တိ အဝဍ္ဎိုတတ္တာ အပ္ပကကသိဏဝသေန'
213255	parittakasiṇārammaṇa	quotation fragment '“အတ္တာ”'
213257	parittakasiṇugghāṭita	stray word 'ပရိတ္တကာလ' (a later headword) inside the text
213265	parittakiriya	quotation fragment '“ဥဒကံ ဟီ”'
213284	parittaṭṭhitika	quotation 'တေနာဟ “ပရိတ္တဋ္ဌိတိကဿာ”တိ'
213288	parittattika	stray word 'ပရိတ္တဒဿန' (a later headword) inside 'ပြန့်ပြော…သော'
213297	parittadeyyadhammavatthuka	stray fragment 'ပရိတ္တပည' (a later headword)
213308	parittapariyāya	encoding debris 'k' in '၀ေ၀kစ်'; quotation 'အပ္ပ-သဒ္ဒဿ ပရိတ္တပရိယာယံ မနသိ ကတွာ အာဟ -တိ'
213309	parittapāpakamma	stray word 'ပရိတ္တဘယ' (a later headword) at the end
213333	parittasaññī	stray word 'ပရိတ္တသုခ' (a later headword) at the end
213342	parittasubhā	stray fragment 'ပရိတ္တသေ=' at the end (a later headword)
213353	parittātuna	variant form 'ပရိတ္တာတုနာ'
213365	paritāsa	variant form and source tags 'ပရိတ္တာ(တာ။ သီ)'
213366	parittāsa	variant form and source tags 'ပရိတ္တာ(တာ။ သီ)'
213373	parittika	stray word 'ပရိဒမိတ' (a later headword) at the end
213374	parittodaka	commentary quotation '(၂) ပရိတ္တောဒကေတိ လုဠိ-တောဒကေ'
213383	paridameti	variant form 'ပရိ-ဒမေတီ'
213394	paridassati	grammatical note '[+ဤ]'
213406	paridahanti	stray fragment 'ပရိဒဟသိ=' (a later headword)
213412	paridahita	commentary quotation 'ပရိပုဗ္ဗော ဒဟိတ-သဒ္ဒေါ ဝတ္ထနိဝါသနံ ဝဒတီတိ အာဟ'
213433	paridīpeti	quotation 'ဇိနသာသနဿ သေဋ္ဌဘာဝံယေဝ ပရိဒီပေန္တိ'
213434	paridīpituṁ	fragment 'အာဒိ'
213435	paridīpetuṁ	fragment 'အာဒိ'
213436	paridīpetvā	trailing 'ပရိဒေ၀၁' (next headword)
213442	paridubbala	the following articles ပရိဒေဝ 1 (grammatical note, senses (1)-(3) 'weeping / lamenting', citations, see ပရိဒေဝတာ) and ပရိဒေဝ 2 (imperative 'weep / lament')
213447	paridevati	citations and page numbers; trailing next headword 'ပရိဒေဝန' with page numbers
213453	paridevanakāla	encoding debris 'åG' and page number '၆၀'
213455	paridevananimitta	trailing next headword 'ပရိဒေဝနေယျ'
213468	paridevayati	quotation fragment 'ပရိဒေဝ-ယန္တီ'
213488	parideveti	trailing fragment 'မာ၊ ပရိဓံသမာန' (next headword)
213495	paridhaṁsati	quotation fragment 'ပရိဓံသတီ'
213504	paridhāna	stray word 'ပရိဓါဝိတွာ' inside the phrase (a headword from nearby)
213505	paridhāya	quotation 'ကာဠဝတ္ထံ ပရိဓါယာ'
213515	parinijcyāyanarasa	textual note '(၁၃၄-၌ ပရိဇ္ဈာပနရသော-ဟု ပါဌ်ရှိ၏' (at 134 the reading is ပရိဇ္ဈာပနရသော)
213518	pariniṭṭhapeti	quotation fragment '“ဓမ္မဇ္ဈော-သာန”'
213519	pariniṭṭhāpeti	quotation fragment '“ဓမ္မဇ္ဈော-သာန”'
213535	pariniṭṭhitakiccajānanakhīṇāsava	textual note on the reading (in view of 'နိဋ္ဌိတဉာဏကိစ္စဿ' at 122, the reading 'ပရိနိဋ္ဌိတဇာနန-ကိစ္စခီဏာသဝဿ' is better)
213538	pariniṭṭhitapubbakaraṇa	stray headword 'ပရိနိဋ္ဌိတဝါသ' at the start
213543	pariniṭṭhitavītikkama	Pāḷi fragments 'ကိဉ္စာပိ “သဉ္စိစ္စာ” “သဉ္စိစ္စာ”'
213544	pariniṭṭhitasamādhipaññābhāvana	quotation 'အယံ ဟေတ္ထ ယဒိဒံ … အရိယာနံ ဒဿနံ'
213563	parinibbāti	inflected forms with citations 'ပရိနိဗ္ဗာဟိ --- ဗုဒ္ဓဝံ။ ပရိနိဗ္ဗိဿတိ-ထေရ။'
213567	parinibbāna	stray 'ပရိနိဗ္ဗာန၁' inside the note (a headword); trailing next headword 'ပရိနိဗ္ဗာနကာလ'
213569	parinibbānakathā	citation 'ကထာဝတ္ထုပါဠိ၊၂၂-ဝဂ်၊ ၁-ကထာ'
213570	parinibbānakāraṇa	'(၂)' with the quotation fragment '“အပ္ပတိဋ္ဌိတကာရဏာ”တိ'
213574	parinibbānagata	stray headword 'ပရိနိဗ္ဗာနစိတ္တနိရောဓ' inside the phrase
213579	parinibbānañāṇa	citation 'ပဋိသမ္ဘိဒါမဂ္ဂပါဠိ၊ ၁-ဝဂ်၊ ၁-ကထာ။ ၃၅-ဉာဏ်'; grammatical note (in the Pāḷi an aluttasamāsa: ပရိနိဗ္ဗာနေဉာဏံ)
213584	parinibbānadhamma	quotation '(ခ) ပရိနိဗ္ဗာနဓမ္မော'
213586	parinibbānantara	textual note on the reading (this is the reading of the Chaṭṭha edition; another reading would better fit 'အနန္တရတ္ထေ'), partly garbled
213587	parinibbānapaññatti	quotation fragment 'ဥစ္ဆိန္နဘဝနေတ္တိကော'
213589	parinibbānaparikamma	quotation 'ပရိ-နိဗ္ဗာနပရိကမ္မ'
213591	parinibbānapariyāya	encoding debris '၀ေ၀kစ်'
213601	parinibbānasutta	citation 'ဝဂ္ဂပါဠိ၊ ၃-သုတ်'
213602	parinibbānasuttanta	trailing next headword with page number 'ပရိနိဗ္ဗာနသုတ္တန္တပါဠိ၄၆၃'
213608	parinibbānāvaha	stray headword 'ပရိနိဗ္ဗာပယတိ' at the start
213616	parinibbāpetu	stray headword 'ပရိနိဗ္ဗာယတိ' inside the word ငြိမ်းအေး
213623	parinibbāyati	senses (a) and (b) repeated with long lists of citations and inflected forms (ပရိနိဗ္ဗာယန္တိ, ပရိနိဗ္ဗာယိဿန္တိ ---)
213663	parinibbutaṭṭhāna	stray headword 'ပရိနိဗ္ဗုတဒေသကာလဝိသေသဒဿန' inside (c)
213665	parinibbutadesakālavisesadassana	quotation fragment '“ကုသိနာရာယံ”'; trailing next headword with page number 'ပရိနိဗ္ဗုတဒေသကာလဝိသေသဝစန၄၇၃'
213666	parinibbutadesakālavisesavacana	quotation fragment '“ကုသိနာရာယ”'
213670	parinibbutamañcaṭṭhāna	citation 'ဝိ၊ဋ္ဌ၁'
213672	parinibbutasarīra	quotation remnant 'အာဟ'
213674	parinivattati	variant-reading note '(သီ၊ဣ၊က၊ မူကွဲ) တိ'
213682	paripakka	quotation '“မောဃဇိဏ္ဏော”' in the second copy
213687	paripakkagata	quotation fragment '(ခ) “ဣဒါနိ”တိအာဒိနာ'; trailing next headword 'ပရိပက္ကဉာဏဂ္ဂိ'
213703	paripakkavimuttiparipācanīyadhamma	stray headword 'ပရိပက္ကသမ္ဘာရ' splitting အရ-ဟတ္တဖိုလ်
213704	paripakkavedanīya	encoding debris '” န္တိ' at the end
213711	paripakkindriya	quotation fragment '(ခ) ဝုဍ္ဎိုမနွာယ'
213718	paripaccanta	trailing fragment '-ပရိပစ္စိတ တိ' (next headword)
213726	paripaŭhati	quotation fragments and inflected forms 'ပရိပဥှတီတိ။ ပရိပဥှတီ။ ပရိပဥှိံသု -'
213732	paripatati	citation '၂၅၄-၆-' and quotation fragments 'ပရိပတတီ', 'ပရိပတိ' in the second copy
213741	paripantha	stray headword 'ပရိပန္ထ' in (2); quotation '“အာဂတာဂတာန”န္တိအာဒိနာ'
213744	paripanthābhāva	the following articles ပရိပန္ထိက (တိ) 'standing at a crossroads; posted at a crossroads / highway (said of a person); a sentry' (with citation 'ဇာ', stray 'ပရိပါက၁') and ပရိပန္ထီ (ပု) [+ဏီ] '(1) hindrance / danger; (2) connected with a cause of danger / apt to do harm (said of a person); an enemy', with root note 'ပန္ထ ဂတိယံ၊ စုရာဒိ'
213745	paripāka	citation '၂၄၄၊၂၇၇-အဘိ၊ဝိ' in the second copy
213748	paripākakāla	quotation fragment '(က) ဝဍ္ဎိုတကာလော'
213751	paripākagatakāla	trailing next headword 'ပရိပါကဂတမဂ္ဂ'
213767	paripācaka	trailing fragment '(က) စေ'
213777	paripācanīyadhātu	variant-reading note '(သီ၊မူကွဲ)'
213778	paripācayati	quotation fragment 'ဝဍ္ဎိုယမာနေ-သူတိ'
213787	paripāceti	second copy of the senses; stray headword 'ပရိပါစေတိ' inside the text
213788	paripācetuṁ	trailing '(၁)'
213790	paripācenta	trailing next headword 'ပရိပါတယတိ (၂)'
213799	paripātita	quotation fragment 'ပရ-ပါတိတ'
213803	paripāteti	second copy of the senses; stray fragment ') ပရိပါတိံသူ'
213807	paripātesi	stray headword 'ပရိပါလန(ဋ္ဌ)တ္ထ' inside the text
213813	paripālanattha	debris '(-(၂)'
213814	paripālanasamattha	quotation fragment 'ဇောတိပါလော'
213819	paripālīyati	quotation '“ပရိပါလီယတီ”'
213841	paripucchanaparipaŭhākāradassana	quotation fragment '(စ္ဆာ)စ္ဆနပရိပဥှာကာရ-ဒဿနံ'
213842	paripucchānaparipaŭhākāradassana	quotation fragment '(စ္ဆာ)စ္ဆနပရိပဥှာကာရ-ဒဿနံ'
213844	paripucchanta	citation 'သံ၊ဋီ'; trailing next headwords 'ပရိပုစ္ဆာ၁ ၂'
213848	paripucchā	quotation fragment 'အာဝဇ္ဇန္တဿာ'
213849	paripucchā	repeated sense list (1)–(2); quotation fragments '“ပရိပုစ္ဆာ”', '“ပုစ္ဆာယ။ ”တိ'
213852	paripucchāpana	trailing next headword 'ပရိပုစ္ဆာဝိသာရဒ'
213857	paripucchāvisārada	textual note '၆၁-၌ ပရိပုစ္ဆာ-ဟု ဝါကျနှင့် ရှိသည်' (at 61 it stands in the sentence as ပရိပုစ္ဆာ)
213863	paripucchitabba	quotation fragment 'ပရိပုစ္ဆိတဗ္ဗန္တိ ]'
213864	paripucchitasutta	encoding debris ']' and '}' around the quoted words; citation '္ဓသံယုတ်၊ ၂-ဝဂ်၊ ၆-သုတ်'; trailing next headword 'ပရိပုစ္ဆေယျံ'
213868	paripucchiyāna	variant-reading note '(သီ၊ သျာ မူကွဲ)'
213873	paripuṇṇa	quotation fragment 'ဝဍ္ဎိုတဓမ္မော' in the second copy
213876	paripuṇṇaaṭṭhārasadhātuka	trailing next headword 'ပရိပုဏ္ဏကတ္ထေရ'
213880	paripuṇṇakatthera	stray encoding brackets ']' and '}'; note '၁၅၄-၌ “ထမ္ဘာရောပကထေရ်”ဟု ဆိုသည်' (at 154 he is called Thambhāropakatthera)
213884	paripuṇṇakalā	stray headword 'ပရိပုဏ္ဏကာယစိတ္တ' inside the text
213886	paripuṇṇakāya	second copy of senses (a)-(b)
213887	paripuṇṇakāyacitta	running head 'ပရိပုဏ္ဏကာယိကစေတသိကဝီရိယ၅၀၅'
213889	paripuṇṇakāla	fragment 'ဝဍ္ဎို' (quotation or reference)
213892	paripuṇṇakoṭṭhāgāra	headword-like fragment 'ပရိပုဏ္ဏကောသကောဋ္ဌာဂာရ' at the start (a cross-reference)
213894	paripuṇṇakosakoṭṭhāgāra	quotation '“ကောသော”'
213898	paripuṇṇagatta	running head 'ပရိပုဏ္ဏဂုဏနာမ'
213900	paripuṇṇagāha	quotation '“အတ္တာ”'
213907	paripuṇṇacaturadhiṭṭhāna	running head 'ပရိပုဏ္ဏစန္ဒမဏ္ဍလသင်္ကာသ' inside '၄-...ပါး'
213911	paripuṇṇacandamaṇḍalasaṅkāsa	running head 'ပရိပုဏ္ဏစန္ဒမဏ္ဍလသဒိသမုခ၅၀၈'
213913	paripuṇṇacalana	stray '[' at the start
213917	paripuṇṇajaṅgha	running head 'ပရိပုဏ္ဏတာဝစန'; quotation fragment 'တေနာဟ အာဒိ'
213919	paripuṇṇajānana	quotation '“အညာ”'
213922	paripuṇṇattha	'(၂) (က) အာဟ။ (ခ) သမ္ပန္နံ သာလိကေဒါရံ .... ဧတ္ထ ပရိပုဏ္ဏတ္ထော သမ္ပန္န-သဒ္ဒေါ' (quotation fragments for sense 2)
213927	paripuṇṇadvādasavassa	a second, repeated copy of senses (a)-(b)
213938	paripuṇṇapañcaṅga	quotation '“ပရိပုဏ္ဏပဉ္စင်္ဂာ”'
213943	paripuṇṇapaṭibhāna	running head 'ပရိပုဏ္ဏပရက္ကမ'
213944	paripuṇṇapaṇhi	quotations '“အာယတပဏှီ” “ပရိပုဏ္ဏပဏှီ”တိ'
213948	paripuṇṇaparakkama	quotation '“ပရိပုဏ္ဏပရက္ကမာ” တိ'
213950	paripuṇṇapassaddhika	quotation '“ပရိပုဏ္ဏပဿဒ္ဓိကာနီ”'
213962	paripuṇṇabyañjana	quotation fragment '“ဗျဉ္ဇနေဟိ။ ဒေသေထာ”တိ'
213964	paripuṇṇabhattabhājana	merged article 'ပရိပုဏ္ဏဘာဝဂ္ဂဟဏ (န) အခါခပ်သိမ်း ပြည့်စုံသည်၏ အဖြစ် ကို မှတ်ယူခြင်း' ('the noting of the state of being complete at all times')
213969	paripuṇṇamaggakiccatta	quotation '“မဂ္ဂာ”'
213970	paripuṇṇamaggabrahmacariya	quotation 'တေနာဟ “သကလဗြဟ္မစရိယော”'
213992	paripuṇṇavassasāmaṇera	running head 'ပရိပုဏ္ဏဝိပါက'
213993	paripuṇṇavācā	quotation 'တေနာဟ “ပရိပုဏ္ဏဝါစာယာ”'
214000	paripuṇṇavissajjana	'(၂)' with the quotation fragment 'ဧဝံ'
214001	paripuṇṇavīriya	running head 'ပရိပုဏ္ဏဝီသတိဝဿ'
214003	paripuṇṇavīsa	quotation '“ပရိပုဏ္ဏဝီသော”'
214008	paripuṇṇasaṅkappatāparidīpana	quotations '“ပရိပုဏ္ဏသင်္ကပ္ပေါ” “အနေကဇာတိသံသာရ”'
214011	paripuṇṇasaccacatukkakathā	quotation marker 'အာဟ'
214030	paripuṇṇasalila	quotation fragment 'တေနာဟ “ စာ”တိ'
214033	paripuṇṇasīla	citations 'ဣတိဝုတ်၊ အာဟ' and quotation '“ပရိပုဏ္ဏ”'
214036	paripuṇṇasīsa	quotation '“ဥဏှီသသီသော”'
214040	paripuṇṇasekha	quotation fragment 'ဝဍ္ဎိုတသေခ-ဓမ္မော'; running head 'ပရိပုဏ္ဏာကာရဝိဘာဝနမုခ'
214045	paripuṇṇākāravibhāvanamukha	running head 'ပရိပုဏ္ဏာပရိပုဏ္ဏတဏ္ဍုလဖလနိဗ္ဗတ္တိဟေတု၅၂၄'
214053	paripuṇṇindriya	quotations '“ပရိပုဏ္ဏိန္ဒြိယော”တိ' (twice, the second after '(ခ)')
214064	paripūrakāribhāvappatta	quotation '“သမထဗလ”'
214065	paripūrakāribhāvappasaṅga	running head 'ပရိပူရကာရီ'
214066	paripūrakārī	citation 'ဒီ၊ဋ္ဌ၂'
214069	paripūraṇa	quotation '“သီလသမ္ပဒါ”' and fragments 'ဝဍ္ဎိုယာ ပရိပူရဏတ္ထံ။ ဝဍ္ဎိုယာ'
214081	paripūraya	headword-like fragment 'ပရိပူရယမာန' at the start (running head)
214093	paripūriattha	reading query '(ပါရိ-ပူရိအတ္ထော?)'
214096	paripūrita	quotation '“ဝိညူဟီ”' (twice)
214105	paripūritābhibuddha	reading note '(ဝုဒ္ဓံ)'
214113	paripūretuṁ	quotation fragments '“ဧကူနပဉ္စ-သတာန”', '(ခ) “ဝိညူဟီ”'; trailing 'ပရိပူရေန္တ' (the next headword)
214116	paripūretukāma	citation 'ဣတိ-ဝုတ်၊ဋ္ဌ'
214120	paripūrenti	stray headword 'ပရိပူရေသုံ၂' inside the text
214143	paripphanda	quotation 'ပရိပ္ဖန္ဒနံ ပရိပ္ဖန္ဒော'
214145	paripphandana	quotation '“ဖန္ဒာပေတီ”တိ'
214155	paripphandita	quotation '(ခ) ပရိဖန္ဒိတာနီ'
214156	pariphandita	quotation '(ခ) ပရိဖန္ဒိတာနီ'
214162	paripphassa	running head 'ပရိပ္ဖုဋဝိညာဏကိစ္စဝန္တု'
214169	paripphositvā	quotation fragment '“မာ ”-တိ'
214176	pariplavapasāda	running head 'ပရိဗန္ဓကကိလေသ'
214178	paribajcyati	citation 'စာ'
214184	paribandhana	'(ခ) အဂ္ဂိ' (quotation reference for sense b)
214186	paribandhavidhamana	merged article 'ပရိဗန္ဓဝိသုဒ္ဓိသမကာလဝိဘာဝိနီ (ထီ) [...] ဘေးရန်-...-မှ စင်ကြယ်ခြင်းကြောင့် တူမျှသော အချိန်ကာလ၌ တစ်ပြိုင်နက် ပြည့်စုံလေ့ရှိ သော တိုးပွားသော ဥပေက္ခာ။ အောက်ပုဒ်-ကြည့်' with its grammatical analysis and the running head 'ပရိဗာဟိယ' inside it
214193	paribāhira	a second, repeated copy of the whole article; citation 'ဇာတ်'
214195	paribuddha	quotation '“ဩဃါ”'
214198	paribundhati	grammarian's note 'ပရိဗုန္ဓတိ ဥပရောဓေတီတိ ရကာရဿ လ-ကာရံ ကတွာ ပလိဗောဓေါ၊ အသေရိဝိဟာရော'
214199	paribundhana	running head 'ပရိဗ္ဗဇ၂'
214200	paribundhanakicca	quotations '“ဂဏ္ဌနကိလေသော” “ပလိဗုန္ဓနကိလေသော”'
214206	paribbajana	running head 'ပရိဗ္ဗဇဿု' inside sense (1); quotation fragment 'ပရိဗ္ဗဇေ”တိ'
214218	paribbaya	citations 'ဇာတ်၊ပရိဗ္ဗယ။ ဇာတ်၊ ဇာတ်၊'
214223	paribbasāna	running head 'ပရိဗ္ဗာဇက'
214225	paribbājaka	citations 'ပါစိတ်၊ တေန' and quotation '“ဒုက္ခဝေပက္က”'
214226	paribbājakakāla	running head 'ပရိဗ္ဗာဇကပဗ္ဗဇ္ဇာ'
214236	paribbājakapāruta	running head 'ပရိဗ္ဗာဇကဝတ္ထုဂ္ဂဟဏ'
214239	paribbājakavacana	'ပါဠိယံ “ဩဠာရိကံ ခေါ”' (quotation from the canonical text)
214247	paribbājakasamāpanna	running head 'ပရိဗ္ဗာဇကာရာမာဘိမုခ'
214258	paribbājikā	citation 'ဝိ၊ဋ္ဌ၁'
214267	paribbhamana	cross-reference 'ပရိဗ္ဘမနကသတ္တ ၅၉'
214268	paribbhamanaka	run-on article ပရိဗ္ဘမန(ကဏ္ဋက)ကဏ္ဍက (ပု) 'ချာချာလည်-ပတ်ချာလည်-သော-ဆူး-ငြောင့်-စူးရိုးတန်။'
214274	paribbhamanacakka	quotation '“ပရိဗ္ဘမနစက္က”'
214277	paribbhamanākāra	trailing Pāḷi word 'ပရိဗ္ဘမန္တ' (next headword)
214278	paribbhamanta	second printing of senses (1)-(4)
214296	paribbhametvāna	running head 'ပရိဗျတ္တကိစ္စ'
214305	paribyatti	running head 'ပရိဗျူဠှ'
214307	paribyūl̤ha	a second, repeated copy of senses (1)-(3); quotation 'ဘောဂပရိဗျူဠှော'
214310	paribrūhanaka	quotation '“ပူတိမူလာနီ”'; running head 'ပရိဗြူဟိတ'
214331	paribhajjitvā	running head 'ပရိဘဋ၃' between 'ချက်-' and '၍'
214338	paribhaṭṭha	running head 'ပရိဘဏ္ဍ'
214340	paribhaṇḍa	a second, repeated copy of senses (1)-(6); quotations 'တနုကမိဍ္ဎိုကာ ဝုစ္စတိ' and '“ပရိဘဏ္ဍ”'
214341	paribhaṇḍakata	running head 'ပရိဘဏ္ဍကရဏ' inside 'ပြုအပ်...သော'
214346	paribhaṇḍanta	quotations 'တနုကမိဍ္ဎိုကာယ အန္တေ။ တနုကမိဍ္ဎိုကာ ဝုစ္စတိ'
214347	paribhaṇḍapabbata	running head 'ပရိဘတ'
214351	paribhata	note '(၁၇၀-၌ သုခပရိဟတော ရှိသည်' (at 170 the text reads sukhaparihato)
214353	paribhavakata	quotation 'ပရိဘူတန္တိ “ကိမေတေနာ”'
214358	paribhavanahetu	quotation fragment '“ဘော ဘော”'
214361	paribhavappatta	stray word 'ပရိဘဝိံသု'; the following entry 'ပရိဘ၀၀စန (န) … ကြောင်း စကား' with its quotation 'ပရိဘာသတီတိ -တိအာဒီဟိ ပရိဘ၀၀စနေဟိ ပရိဘာသတိ'
214371	paribhavitvā	quotation fragments '(၂) “ဘော ဘော”' and 'ပရိဘာဝနာ “ဘော ဘော”'
214388	paribhāsa	stray '(၁)' at the end
214389	paribhāsaka	quotation fragment '”တိအာဒီဟိ သံတဇ္ဇတာ'
214390	paribhāsati	second printing of senses (1)-(4); list of inflected forms 'ပရိဘာသတေ----။ ၄၀၊ပရိဘာသိံသု ---- ၂၉၂-၃-၄'; quotation fragment 'ပရိဘာသတီ တိ “အသဗ္ဗညူ”'
214393	paribhāsana	stray word 'ပရိဘာသန္တ' inside the chain
214397	paribhāsanta	quotation fragment 'အာဒိမာဟ'
214402	paribhāsayiṁ	stray word 'ပရိဘာသိတ' after the placeholder
214412	paribhāsimhase	Pāḷi word 'ပရိဘာသေတွာ' at the start of (1)
214422	paribhijjanti	stray word 'ပရိဘိန္ဒတိ' after the placeholder
214440	paribhinna	second printing of the senses; textual note '(၁၀၄-တို့၌ ဝိပရိဘိန္နံ-ဟု ရှိသည်။)' (a reading viparibhinnaṁ at 104)
214443	paribhinnapurāṇagaṇḍa	stray word 'ပရိဘုဉ္ဇတိ' at the start
214447	paribhuñjati	repetition of senses (1)-(7); citations and reference lists (မိလိန္ဒ, ကင်္ခါ, ခုဒ္ဒသိက္ခာ, ဝဇိရ, ဣတိဝုတ်, လင်္ကာရ, ဝိ၊သင်္ဂဟ, ဇာ, page numbers); stray words 'ပရိဘုဉ္ဇ', 'ပရိဘုဉ္ဇတိ'; quotation fragment '“သပ္ပါဏက”'
214450	paribhuñjana	repetition of senses (1)-(2)
214464	paribhuñjanta	repetition of senses (1)-(6); stray 'မ၊'
214467	paribhuñjamāna	repetition of senses (1)-(6)
214479	paribhuñjiṁsu	the following entry 'ပရိဘုဉ္ဇိတဗ္ဗ (န) (၁) … (၃) သုံးဆောင်-ခံစား-မှီဝဲ-တတ်သော-သူ' (duplicated in id 214480)
214480	paribhuñjatabba	citation 'ဒီ၊ဋ္ဌ၁' and grammarian's note 'ပရိဘောဂတ္ထော ဟေတ္ထ ပါ-သဒ္ဒေါ၊ တဗ္ဗ-သဒ္ဒေါ စ ဘာဝသာဓနော'; citation '(ကင်္ခါ၊)'; stray headword 'ပရိဘုဉ္ဇိတဗ္ဗဝတ္ထု' at the end
214483	paribhuñjitabbaṭṭha	quotation fragment '“ဘောဂာ”'
214489	paribhuñjituṁ	repetition of senses (1)-(7); citations and references (မိလိန္ဒ, ကင်္ခါ, ဝိ၊သင်္ဂဟ, ဣတိဝုတ်, ကင်္ခါ၊ဋီ၊ဟောင်း, သံ၊ဋီ၁, page numbers)
214490	paribhuñjitukāma	second printing of senses (1)-(5)
214491	paribhuñjitvā	second printing of senses (1)-(4); Pāḷi word 'ပရိဘုဉ္ဇိတွာ'
214506	paribhuñjeyya	stray word 'ပရိဘုတ္တ' inside (3)
214511	paribhutta	first copy of senses (1)-(4); Pāḷi quotation 'ဣဒံ ဝုတ္တံ ယံ မယာ … နိဗ္ဗာနသုခံ ပရိဘုဉ္ဇိယမာနံ' inside (4)
214513	paribhuttaāhārapaccaya	stray word 'ပရိဘုတ္တနဂရ' at the end
214529	paribhuttaphala	stray headword 'ပရိဘုတ္တမဟာဗောဓိဝိဘူသိတ၅၉၆' inside the text
214535	paribhuttāvasesa	stray word 'ပရိဘူတ' inside the text
214536	paribhuttāhāra	trailing debris '(-'
214541	paribhūta	quotation 'ပရိဘူတန္တိ “ကိမေတေနာ”။ ဟီဠိတော'
214548	paribhedalakkhaṇa	quotation fragment '“ဘိဇ္ဇန”'
214551	paribhoga	first copy of senses (1)-(5); stray 'ပရိဘောဂ' in the first copy's (3); quotation fragment '“ဝိသ-ပရိဘောဂော”'; encoding debris '}' (twice)
214555	paribhogakāla	quotation fragment '(၂) “သစ္စ”။'; debris '(-(၄)။'
214563	paribhogajiṇṇa	Pāḷi word 'ပရိဘောဂတဏှာ' at the start of (a)
214565	paribhogataṇhā	stray markers '(က)၊ (၁)။'
214567	paribhogattha	second printing of the senses; citation '(-ဝိ၊သင်္ဂဟ။'; quotation 'ပရိဘောဂတ္ထော ဟိ အယံ ပါ-သဒ္ဒေါ'
214573	paribhogapaccaya	Pāḷi fragment '(ခ) ပရိဘောဂပတ္တ'
214580	paribhogapāti	trailing '(က)'
214589	paribhogamaṇiratanākārasampatti	quotation 'တေနာဟ “ဓေါဝနဝေဓနာဒီဟီ”တိအာဒိ'
214593	paribhogamukhadassana	quotation fragment 'အာဒိ'
214595	paribhogayogga	stray '(ခ) အာဒိမာဟ' (quotation fragment)
214597	paribhogayogya	quotation fragment '(က) ကပ္ပိယစီဝရာနိ'
214598	paribhogarasa	Pāḷi word 'ပရိဘောဂဝတ္ထ' at the start of (a)
214612	paribhogasīsa	citation 'ကင်္ခါ၊'
214622	paribhogupaghāta	quotation fragment '“ဘောဂူပဃါတိကာ”'
214624	paribhojanīya	stray markers and citation '(၁)၊ ဝိ၊သင်္ဂဟ။ (၂)'
214627	paribhotabba	quotation fragments '“ဒဟရာ” “ဒဟရာ”'
214632	parimajjati	repetition of senses (1)-(9); Pāḷi quotation 'စက္ခုမတော ပုရိသဿ … န ပညာယတိ၊ သော'; fragments 'အာဟ', '”န္တိ', '“ပရိမဇ္ဇီ””'; stray word 'ပရိမဇ္ဇန္တ'
214634	parimajjana	note '(၂၆၇-၌၊ဋီ၊သစ်။ ၂၀၇-၌ ပရိမဒ္ဒနမတ္တေနပိ-ဟု ရှိ ကြသည်။' (at 267 and 207 the text reads parimaddanamattenapi)
214636	parimajjanta	repetition of senses (1)-(5); stray word 'ပရိမဇ္ဇိတ'
214644	parimajjita	stray '(၄)' before the placeholder
214648	parimajjitvā	repetition of senses (1)-(7); fragment 'အာဟ'
214654	parimaṇḍala	second printing of senses (1)-(6); quotation fragments '“ပရိမဏ္ဍလ”။ -န္တိ။'
214675	parimaddanadhamma	stray 'ပရိမဒ္ဒန္တ ၃၅' (headword and page number)
214682	parimaddāpeyya	grammar note '[+ဥံ]'
214685	parimaddita	stray '(၃)' before «S1»
214696	parimasati	quotation fragment for sense (c) '(ဂ) (ပါဒတလံ) ပရိမဇ္ဇီ'
214706	parimāṇa	fragment 'အာဟ'; citation 'သီ၊ဋီ၊'; stray headword 'ပရိမာဏဒဿန'; 'သစ်၊(၃)'; grammarian's note 'နု-သဒ္ဒေန ဟေတ္ထ … ပရိမေယျတ္ထော စ'
214710	parimāṇapariccheda	quotation fragment 'အာဒိမာဟ'
214712	parimāṇavācī	quotation fragment '“ယာဝကီဝ”'
214722	parimitaparicchinnaṭṭhāna	quotation fragment '“အပိ စာ”တိအာဒိမာဟ'
214732	parimitāhāra	stray word 'ပရိမုခ' inside the text
214738	parimukha	repetition of senses (1)-(2); page numbers '၂၇၁-၂-၄-၅-၆'; quotation fragments '“ကမ္မဋ္ဌာနာဘိမုခ”', 'အာဟ', '“ပရိဏာယိကာ”'; stray word 'ပရိမုခ'
214747	parimuccasi	grammar note '[+ယ+ဣH]'
214751	parimuccissati	stray word 'ပရိမုဋ္ဌ' after the placeholder
214758	parimuñcati	truncated Pāḷi quotation 'ဧဝံ ဣမံ နိဝါပံ နိဝုတ္ထံ သဗ္ဗသော မိဂဇာတာ ပရိ-'
214761	parimuṭṭha	quotation “ပရိမုဋ္ဌဿတိနော”တိ
214764	parimutti	second printing of senses (1)-(2)
214766	parimusitabbarūpa	quotation fragment “မုသာ”
214774	parimocanakāraṇa	stray word 'ပရိမောစယတိ' at the end
214778	parimocayati	Pāḷi quotation 'ယောဟံ သေနာယ နာယကော၊ သေနင်္ဂံ ပရိဟာပေတွာ၊ အတ္တာနံ ပရိမောစယေ'
214787	parimoceti	stray '(-ပရိပရိမောစေတုံ။'; Pāḷi quotation 'အတ္တာနံ ပရိမောစယီတိ … ပရိမောစေသီတိ ပုစ္ဆတိ'
214790	parimocetvā	citation 'ဝိသင်္ဂဟ'
214792	parimocenta	second printing of senses (1)-(2); Pāḷi fragment 'ပရိယ'
214799	pariyaṅka	citation 'ကစ္စည်း' (Kaccāyana)
214801	pariyatta	repeated sense list (1)–(6); grammarian's note 'ဟလန္တိ ဧတ္ထ ဟ-ကာရော နိပါတမတ္တော၊ အလန္တိ အတ္ထော'; verse quotation 'သတ္တျံ နိဝါရဏေ တိတ္တိယံ၊ ပရိယတ္တံ ယထိစ္ဆိတေ'; quotation fragment '“အလဂဒ္ဒေါ”'
214806	pariyatti	repetition of senses (1)-(4); Pāḷi quotation 'အတ္ထကာမေန ပရိယာပုဏိတဗ္ဗတော, ဒိဋ္ဌဓမ္မိကာဒိပုရိသတ္တ-'
214807	pariyattiattha	stray '(တိ) (၂)' and quotation fragment '“မာ ပိဋကသမ္ပဒါနေနာ”' at the end
214809	pariyattiantaradhāna	page number '၆၇-'
214815	pariyattidhamma	stray headword 'ပရိယတ္တိဓမ္မပ္ပဝတ္တန' at the end
214818	pariyattidhammaparicaya	Pāḷi quotation 'ယဿ ပသံသိတံ, အတိသယေန ဝါ သုတံ အတ္ထိ၊ သော “သုတဝါ”'
214823	pariyattidhammassavana	quotation fragment 'သုတဝါ'
214824	pariyattidhammassutiyuta	stray headword 'ပရိယတ္တိပဋိဘာနဝန္တု' printed inside the word ကြားနာ
214825	pariyattidhammārammaṇa	a following article run into the text: 'ပရိယတ္တိဓရ (တိ) ပရိယတ်-ဘုရားရှင်စာပေ-ပါဠိ, အဋ္ဌကထာ, ဋီကာ-ကို ဆောင်သော၊ သူ။'
214832	pariyattipariharaṇa	stray headword 'ပရိယတ္တိဗာဟုသစ္စ' at the start
214836	pariyattibheda	second printing of senses (1)-(2); quotation fragment “ပရိယတ္တီ”
214837	pariyattimaccharī	stray headword 'ပရိယတ္တိဝိဘာဂ' at the end
214838	pariyattimūlaka	fragment 'အာဒိ'
214840	pariyattivāvaṭa	encoding debris '(⟨y,õmyÅd-⟩ ⟨0syúw-oH⟩)'
214842	pariyattivimukhatāpaññatti	quotation fragment 'အဿုတဝါ'
214846	pariyattisaddhamma	stray headword 'ပရိယတ္တိသာသနပ္ပဒေသ' at the end
214848	pariyattisavana	quotation fragment 'ပရိယတ္တိသဝနေနာ'
214852	pariyattisutta	fragment 'တတ္ထ “သာသနဝရ”'
214853	pariyanta	homonym number 'ပရိယန္တ၁'; quotation 'နိသိတခုရမယနေမိနာ'; variant note 'ဖလေဟီ-(ထလေဟိ၊ သီ)'; citations 'အဘိ၊ မဟာနိ'
214855	pariyanta	stray headword 'ပရိယန္တကတ' at the start
214856	pariyanta	a following article 'ပရိယန္တ၅ (တိ) [သဟ+ပရိယန္တ၊ သပရိယန္တ-ဟု ဆိုလိုလျက် သ-ကို ချေထားသည်။ ] (၁) … (၂) …' with its grammatical note and the quotation 'သပရိယန္တာတိ ဝါ ဝတ္တဗ္ဗေ သ-ကာရလောပေါ ကတောတိ ဝေဒိတဗ္ဗော'
214860	pariyantakārī	stray headword 'ပရိယန္တစာရီ' at the end
214864	pariyantacārī	fragment '(၁) ပရိယန္တစာရီ။' at the end
214868	pariyantadassāvī	stray headword 'ပရိယန္တပါရိသုဒ္ဓိသီလ၁' at the end
214873	pariyantapariccheda	a following article run into the text: 'ပရိယန္တပါရိသုဒ္ဓိသီလ၁ (န) အပိုင်းအခြား-အဆုံး-ရှိသော ထက် ဝန်းကျင် စင်ကြယ်သည်၏အဖြစ်ဟု ဆိုအပ်၊ … စင်ကြယ်သော သီလ။'
214876	pariyantabhāṇī	stray headword 'ပရိယန္တသညိတ' at the end
214877	pariyantarahita	fragment 'ပရိယန္တရဟိတ။'
214881	pariyantasikkhāpada	fragment 'ပရိယန္တသိက္ခာပဒါန။'
214885	pariyantika	stray headword 'ပရိယာဂာရ' at the end
214895	pariyādātuṁ	Pāḷi fragment '(ခ) ပရိယာဒါတု'
214896	pariyādāna	citation 'ပရိယာဒါန(ကင်္ခါ။ ၂၀၉)'; fragment 'ပရိယာဒါနာယာ'; stray headword 'ပရိယာဒါနဘာဇနီယ'
214899	pariyādānattha	fragment '(၁) ပရိယာဒါနတ္ထ။'
214900	pariyādānabhājanīya	fragment 'အာဒိ'
214906	pariyādāya	second printing of the senses; citation '(ဣတိဝုတ်။ ၂၀၇)'
214914	pariyādinnacitta	citation 'ပရိယာဒိန္နစိတ္တာ(ဣတိဝုတ်။ ၂၄၅)'
214921	pariyādinnasineha	run-in article 'ပရိယာဒိယတိ၁ (ကြိ) [ပရိ+အာ+ဒါ(ဒီ)+ယ+တိ] …' with its grammatical analysis, a second copy of it, citation '(ဣတိဝုတ်၊ဋ္ဌ။ )' and quotation 'ပရိယာဒိယတီတိ ပရိက္ခီဏောတိ၊ ဒီ-သဒ္ဒဥှိ သဒ္ဒဝိဒူ ခယတ္ထံ ဝဒန္တိ။'
214922	pariyādiyati	citation '(ပေဋကော။ )'; fragment 'ပရိယာဒိယေ-ယျာထာ'; headword 'ပရိယာဒိ(ဒီ)ယတိ၂'
214924	pariyādiyana	debris 'မ၊ (-'
214928	pariyādiyanta	fragment 'အာဟ'
214929	pariyādiyanti	headword 'ပရိယာဒိယန္တိ၂'
214932	pariyādiyiṁsu	run-in article 'ပရိယာဒိယိတဗ္ဗ (တိ) ထက်ဝန်းကျင်မှ ပိုင်းခြား၍ ယူအပ်သော၊ … ကုန်ခန်းစေအပ်သော။'
214937	pariyādiyeyya	stray headword 'ပရိယာပဒါန' printed inside the word သိမ်းကျုံး
214943	pariyāpanna	quotation fragment 'ဥပါဒိန္နာ'
214945	pariyāpannagaṇa	citation '(ကင်္ခါ။ ၂၉၅)'
214947	pariyāpannanicchaya	quotation 'န ဟိ “ပရိယာန္နာ”'
214951	pariyāpādeti	stray headword 'ပရိယာပုဏနပ္ပကာရ' at the end
214952	pariyāpādenti	run-in article 'ပရိယာပုဋ = ပရိယာပုတ (တိ) [+တ] သင်ယူ-သရဇ္ဈာယ်-အပ်သော။'
214962	pariyāpuṇāti	headword 'ပရိယာပုဏာတိ'; fragment 'ပရိယာပုဏာမီ'
214978	pariyāpuṇitvā	fragment 'ပရိယာပုဏီယတိ ပရိယာပုဏိတွာ။'
214988	pariyāya	quotations 'ဂတ-သဒ္ဒေါ ဟိ ပကာရပရိယာယော', 'အာဒိ-ဝစနံ', 'ပရိယာ-ယေနာပီ', 'ဧတေဟိ ပရိယာ-ယေဟီ', 'သသမုဒ္ဒပရိယာယ', 'အတ္တပရိယာယ'; homonym number 'ပရိယာယ၁'
214990	pariyāyakathā	fragment '-တိအာဒိ'; quotation 'ပရိယာယ-သဒ္ဒေါ ဝါ ကာရဏေ၊ တသ္မာ ကပ္ပိယကာရဏဝသေန ဝုတ္တာ ကထာ ပရိယာယကထာ။'
214991	pariyāyakamma	quotation fragment 'အဗ္ဗောဟာရိကာ'
214993	pariyāyati	citation '(ကင်္ခါ၊ဋီ၊သစ်။ )'
214994	pariyāyadassana	quotation 'ပရိ-ယာယဒဿနတ္ထန္တိ ၀ေ၀စန-ဒဿနတ္ထံ'
215009	pariyāyantara	quotation fragments '(၁) “တထာ”။ (၂) “အစ္ဆ” “ဝိပ္ပသန္န”န္တိ'
215010	pariyāyantaradassana	quotation fragment '(၂) “ဇိန-ဝစန”။'
215021	pariyāyaparicchindakapaññā	editorial note '(က) ဟု မူကွဲရှိ။'
215023	pariyāyabojjhaṅga	stray headword 'ပရိယာယဘတ္တဘောဇန' at the start
215025	pariyāyabhatta	stray '(၂)' before «S1»
215030	pariyāyabhāsana	quotation fragment 'အဟ'
215032	pariyāyabheda	stray headword 'ပရိယာယဝစန' at the end
215035	pariyāyavacana	second printing of senses (1)-(4); quotation fragments 'န္တိ “ဝိသံယောဂာယာ”', 'ပရိယာယဝစန'; citation '(ဣတိဝုတ်။ ၂၁၈)'
215036	pariyāyavacananiddhāraṇa	stray headword 'ပရိယာယဝိသေသဗောဓန' at the end
215039	pariyāyavibhāvanā	quotation '“ပရိယာ။ သုဗောဓနဉ္စာ”-တိ'
215044	pariyāyavevacanavisiṭṭha	Pāḷi quotation 'ပရိယာယဝေဝစနဝိသိဋ္ဌာ ဝေဝစနဟာရဿ'
215045	pariyāyasaddadīpaka	quotation '၀ေ၀စနပကာသကန္တိ ပရိယာယသဒ္ဒဒီပကံ။'
215051	pariyāyahetu	quotation fragment “ပုဗ္ဗဘာဂမဂ္ဂော”
215053	pariyāyāyatana	fragment 'နနု'
215060	pariyāvaruṁ	stray headword 'ပရိယာဟနနရသ' at the end
215061	pariyāhata	Pāḷi fragment '(၁) တက္ကပရိယာဟတ။ (၂)'
215064	pariyiṭṭha	fragments 'ဥက္ကဍ္ဎိုယျတိ။ ပရိယိဋ္ဌမတ္တေယေဝါ-(ကင်္ခါ။ ၁၂၂)။'
215068	pariyukkaṇṭhati	quotation fragment '“မာ}”တိ' (garbled)
215072	pariyuṭṭhaṭṭhāyī	quotation fragment '(၂) “ပရိယုဋ္ဌဋ္ဌာယိနော”'
215075	pariyuṭṭhāti	'---'
215077	pariyuṭṭhāna	quotation '“ကာမန္ဓာ။ ပဿတီ”'
215080	pariyuṭṭhānatibbatā	quotation 'အာသဝါနံ ဝဍ္ဎို။'
215084	pariyuṭṭhānapaṭipakkha	debris '(-'
215087	pariyuṭṭhānapavatta	stray headword 'ပရိယုဋ္ဌာနပ္ပဟာန' at the end
215094	pariyuṭṭhānamandatā	quotation fragment 'ပရိယုဋ္ဌာန-မန္ဒတာယာ။'
215095	pariyuṭṭhānavighāta	stray headword 'ပရိယုဋ္ဌာနသမတ္ထသက္ကာယဒိဋ္ဌိက' at the end
215097	pariyuṭṭhānasakkāyadiṭṭhi	quotation 'ဧဝံ “သာနုသယာ”။'
215105	pariyuṭṭhānānusayappahānakicca	stray headword 'ပရိယုဋ္ဌာနီယ' at the end
215117	pariyuṭṭhita	stray headword 'ပရိယုဋ္ဌိတ'; fragments 'ပရိယုဋ္ဌိတာန', 'ပရိ-ယုဋ္ဌိတာန'; citation 'ပရိယုဋ္ဌိတာ(ဣတိဝုတ်။ ၂၂၄)'
215128	pariyudāsitvā	stray headword 'ပရိယေဋ္ဌိမူလက' at the start; quotation '“အဗြာဟ္မ-ဏအမနုဿာ”'
215129	pariyeṭṭhi	source tag '(နေတ္တိ)' (twice); fragment 'ပရိ-ယေဋ္ဌီ'
215132	pariyeṭṭhisuddhi	quotation fragment 'ပရိယေဋ္ဌိသုဒ္ဓီ'
215133	pariyeṭṭhuṁ	quotation fragment 'ဝိဇ္ဇာစရဏပရိယေဋ္ဌု'
215135	pariyesati	citations and fragments '(၃၉၈-၉၊ ၂၇၀-ကင်္ခါ။ ပရိယေသတိ ၂၉။ (-၉၀- ကင်္ခါ။ ပရိယေသိဿံ-စရိယာ။'
215139	pariyesana	stray headword 'ပရိယေသနက'
215140	pariyesanaka	quotation '(၁) “မိတ္တဂဝေသနော”တိ။'
215145	pariyesanakkhetta	Pāḷi word 'ပရိယေသနဒုက္ခမူလ'
215157	pariyesanamūlaka	stray headword 'ပရိယေသနာနာပဇ္ဇန' at the end
215166	pariyesanāraha	run-in article 'ပရိယေသနုပါယ (ပု) ရှာ မှီးခြင်း၏အကြောင်း။'
215182	pariyesita	fragment 'ပရိယေသိတ။'
215192	pariyesiyamāna	quotation 'ဗြာဟ္မဏော “မာ ”တိ အာဟ။'
215201	pariyoga	fragment '”တိ။'
215203	pariyogāhaṇa	headword tail, label and analysis 'ဏ (န၊ထီ) [+ ယု]'; grammatical note 'ဂာ-ကာရံ ရဿံ ကတွာပိ ပဌန္တိ။'
215207	pariyogāhaṇasuñña	headword tail and label 'ဏသုည (န)'
215212	pariyogāhitabba	quotation fragment 'ဝိစေတဗ္ဗ'
215217	pariyogāl̤ha	Pāḷi fragment '(၂) ပရိယောဂာဠှေနာ'
215222	pariyodāpana	fragment 'ပရိ-ပရိယောဒပေတိ =။'
215226	pariyodapetuṁ	cross-reference '= ပရိယောဒါပေတုံ' with bare numbers '၇၀၁ ၈၇'; fragments 'ပရိ-ယောဒပေယျာ', 'ပရိယောဒပေတုံ='
215228	pariyodapenta	fragment 'ပရိယောဒပေန္တိ='
215233	pariyodapeyyuṁ	stray headword 'ပရိယောဒါတ'
215239	pariyodātadassī	stray headword 'ပရိယောဒါပကဉာဏ' at the end
215241	pariyodātamagga	Pāḷi word 'ပရိယော-ဒါတမဂ္ဂ'
215261	pariyonandhitvā	quotation fragment 'အတ္တသမ္ဘဝ'
215267	pariyonahanamaṁsa	fragment 'ပရိယောနဟနမံသ။'
215270	pariyosāna	repeated '(က) ပရိယောသာန' (headword after sense marker)
215293	pariyosānappatti	stray word 'ပရိယောသာနသဘာဝ' (a following headword)
215298	pariyosānavāra	quotation fragment '“အဝသာနေ ]”'
215301	pariyosānasol̤asaka	Pāḷi commentary sentence 'ဟေဋ္ဌာ သောဠသကေတိ ပရိယောသာနသောဠသ-ကဿ အနန္တရာတီတသောဠသကေ'
215307	pariyosāpana	quotation fragment '“ကာ ”'
215309	pariyosāpita	quotation 'ဗြဟ္မစရိယပရိယောသာနံ။ ဝိဟာသီ'
215310	pariyosāpitajīvanakāla	Pāḷi 'တေနာဟ “ယတ္တက”န္တိအာဒိ'
215312	pariyosāpeti	source tag '(ဝဇိရ။'; list of forms 'ပရိယောသာပေ-ပရိယောသာပေန္တ'
215320	pariyosita	a second '(၃)' with the quotation fragment '“အသင်္ခတာ”'
215324	pariyositakicca	quotation fragment '“နိမ္မိတတ္တာ”'
215332	parirakkhanta	stray word 'ပရိရက္ခေ' (a margin headword) inside the gloss
215335	parirakkhitabba	stray word 'ပရိရက္ခိတဗ္ဗ'
215343	parirundhati	stray word 'ပရိရုန္ဓတီ'
215345	parilehati	stray words 'ပရိလေဟိသ။ ပရိဝဇ္ဇတိ' (headwords)
215347	parivaccha	Pāḷi commentary passage 'လောကေ ဟိ ဒီဃမဒ္ဓါနံ … ဟောတီတိ' and source tag 'ဇု'
215351	parivajjana	stray word 'ပရိဝဇ္ဇနတ္ထ' (a margin headword) inside sense (1)
215354	parivajjanappahāna	Pāḷi commentary sentence 'ပဋိသေဝနပ္ပဟာနံ ဝါတိ … သင်္ဂဏှာတိ'
215355	parivajjanabhāvanadīpana	quotation fragment '“ပရူပဃါတတ္ထာယာ”တိအာဒိ'
215358	parivajjanīyaṭṭhāna	Pāḷi 'အဋ္ဌ မန္တနဿ ပရိဝဇ္ဇနီယဋ္ဌာ-နာနိ'
215359	parivajjanta	stray word 'ပရိဝဇ္ဇယန္တိ' inside the gloss
215380	parivajjitabhāvadīpana	quotation fragment '“ပရူပဃါတတ္ထာယာ”တိအာဒိ'
215389	parivajjeti	Pāḷi 'ပရိဝဇ္ဇေဟီ တိ ပရိဝဇ္ဇ။ ပရိဝဇ္ဇေထ၁'; citation 'ဣတိဝုတ်၊ဋ္ဌ။ ၁၄၇၊၃၂'; list of inflected forms 'ပရိဝဇ္ဇေ --- ပရိဝဇ္ဇေယျံ'
215394	parivajjenta	a second '(၂)' with the inflected form 'ပရိဝဇ္ဇေန္တော'
215398	parivajjeyyaṁ	stray word 'ပရိဝဋုမ၂' (a following headword)
215405	parivaṭuma	forms '(၁) ပရိဝဋုမော။ (၂) ပရိဝဋုမော။ ပရိဝဋုမော', citation '(ဝိ၊သင်္ဂဟ။ ၁၄၁)', stray ')', '(၃) ပရိဝဋုမတော'
215406	parivaṭumakata	stray word 'ပရိဝဋုမဘာဝ' (a following headword)
215412	parivaṭṭa	senses printed twice in the source; translated once; Pāḷi commentary 'အာဗန္ဓနဋ္ဌေနာတိ … ဒဿေတိ' and source tag '(ဝိ၊သင်္ဂဟ။ )'
215414	parivaṭṭati	senses printed twice in the source; translated once; stray word 'ပရိဝဋ္ဋတီ'
215424	parivaṭṭeti	Pāḷi word 'ပရိဝဋ္ဋေသီ'
215425	parivaṭṭetvā	second printing of senses (1)-(3)
215429	parivaḍḍhati	stray word 'ပရိဝဏ္ဏယန္တ' (a following headword)
215439	parivatta	senses printed twice in the source; translated once; reference 'သာရတ္ထ၊ ပရိဝတ္တက ၂'
215440	parivattaka	senses printed twice in the source; translated once; quotation fragment '“ဒဿာမီ”'
215442	parivattakadvāra	Pāḷi 'ပရိဝတ္တကဒွာရမေဝါ' and citation '(ဝိ၊သင်္ဂဟ။ ၂)'
215445	parivattajāta	grammarian's note '(ဂာထာ၌ ပရိဝတ္တဇာတာ။ ဋ္ဌ-၌ ပရိဝတ္တကဇာတာ-ဟု က-ပါလျက် ရှိ။ )' (the verse reads parivattajātā, the commentary parivattakajātā with -ka-) and stray word 'ပရိဝတ္တတိ'
215446	parivattati	senses printed twice in the source; translated once; source tag '(ဝိ၊သင်္ဂဟ။ )', stray word 'ပရိဝတ္တတိ' and stray brackets
215448	parivattana	senses printed twice in the source; translated once; stray word 'ပရိဝတ္တန' inside sense (20); quotation fragment '“သီဟော”'; citation '(ဝိ၊သင်္ဂဟ။ ၄၁၇)'
215450	parivattanakathā	Pāḷi word 'ပရိဝတ္တ-နကထာ'
215458	parivattanaṭṭha	stray word 'ပရိဝတ္တနပကတိက' (a margin headword) inside sense (2)
215459	parivattanattha	a second '(၁)' with the stray word 'ပရိဝတ္တ-နတ္ထ'
215461	parivattanadhanadhañña	Pāḷi phrase 'ပရိ-ဝတ္တဓနဓညဝသေနာ'
215464	parivattanapada	quotation '“ပရိဗ္ဗယဒါနဂ္ဂဟဏာဒိဝသေနာ”'
215467	parivattanamanta	Pāḷi 'ပုစ္ဆထ နေ'
215470	parivattanavidhi	Pāḷi 'တတြာယံ ဘိက္ခုဿ ပါထေယျတဏ္ဍုလာ ဟောန္တိ'
215472	parivattanasaṇḍāsa	Pāḷi commentary 'နာဠိက-သဏ္ဍာသန္တိ ဓမနနာဠိကဉ္စေဝ ပရိဝတ္တန-သဏ္ဍာသဉ္စ'
215480	parivattanta	senses printed twice in the source; translated once
215484	parivattamāna	second printing of senses (1)-(8)
215486	parivattayati	quotation fragment '(၁) ပဝတ္တယန္တီ တိ “မာ ”'
215490	parivattayamāna	a second '(၂)' with the inflected form 'ပရိဝတ္တယမာနော'
215506	parivattiṁsu	stray word 'ပရိဝတ္တိတ' (a following headword)
215507	parivattita	senses printed twice in the source; translated once
215519	parivattitvā	senses printed twice in the source; translated once
215520	parivattiya	stray word 'ပရိဝတ္တိယာ'
215527	parivattetabba	Pāḷi fragment '(၂) ပရိဝတ္တေတဗ္ဗ'
215529	parivatteti	Pāḷi fragment '(၃) ပရိဝတ္တေတီ'
215530	parivatteti	senses printed twice in the source; translated once (the second copy headed 'ပရိဝတ္တေတိ၂'); inflected forms 'ပရိဝတ္တေန္တီ', 'ပရိဝတ္တေတီ'
215531	parivattetuṁ	second printing of senses (1)-(6)
215534	parivattetvā	repeated sense list (1)–(11)
215535	parivattetha	trailing Pāḷi word 'ပရိဝတ္တေန္တ' after «S1»
215536	parivattenta	senses printed twice in the source; translated once; quotation fragment '“ယံ ခေါ”တိအာဒိမာဟ'
215553	parivattessanti	stray word 'ပရိဝဒေန္တိက' (a margin headword) inside the chain
215559	parivadentika	inflected form '(၁) ပရိဝဒေန္တိကာ' and source tags 'ဍဲ။ ဎီ'
215561	parivasati	source tag '(သုတ္တနိ။'
215582	parivāragāthā	stray '(-'
215596	parivāraparikkhāra	Pāḷi 'ပရိဝါရပရိ-က္ခာရဝသေနာ'
215611	parivārayakkha	stray word 'ပရိဝါရယသ' (a margin headword) inside the chain
215620	parivārayutta	quotation fragment '“ဥဂ္ဂာ”'
215622	parivāravacana	a second '(၂)' with the quotation '“သတ္တ သမာ-ပရိဝါရသံဝတ္တနိက ဓိပရိက္ခာရာ”' (with the stray word 'ပရိဝါရသံဝတ္တနိက' inside it)
215631	parivārasampatti	quotation fragment '“ဥဠာရော”'
215633	parivārasampattisaṁvattaniyapuññakamma	stray word 'ပရိဝါရဟံသ' (a following headword)
215643	parivārābhāva	quotation fragment '“အပ္ပပရိဝါရော”တိ'
215644	parivārāvasāna	stray word 'ပရိဝါရိတ' (a following headword)
215655	parivāreti	stray '(-။'
215667	parivāsa	citations '၇၊၁၈-ဝိ၊သင်္ဂဟ', 'ဝိ၊သင်္ဂဟ၊ဋီ', '(ကင်္ခါ။ ၁၄၅)'; stray margin words 'ပရိဝါသ' (four times) and 'ပရိဝါသကမ္မဝါစာနုသာရ' inside the text
215676	parivāsadānatthanidassanattha	Pāḷi 'ပရိဝါသဒါနတ္ထနိဒဿနတ္ထေ ဟေသာ ပါဠိ'
215686	parivāsavattacaraṇa	stray word 'ပရိဝါသာရဟ' (a margin headword)
215690	parivāsābhāva	quotation “ဆာဒနပစ္စယာပီ”တိ အာဒိ
215691	parivāsāraha	Pāḷi commentary 'ပရိဝါသာရဟဿာ … ပဋိစ္ဆန္နသံဃါဒိသေသာပတ္တိကဿ' with citation '(ဝိ၊သင်္ဂဟ။ ၃၉၂)' and source 'ဝိနယာလင်္ကာရ'
215714	parivitakkesi	stray word 'ပရိဝိဒိတရူပါဒီနဝ' (a following headword)
215738	parivisayati	Pāḷi word 'ပရိဝိသယန္တီ'
215759	parivīmaṁsanapariyosāna	stray word 'ပရိဝီမံသနသုတ္တ' inside the second gloss (the next headword)
215761	parivīmaṁsanasutta	citation 'သံယုတ္တနိကာယ၊ နိဒါနသံယုတ္တ၊ ၆-ဝဂ်၊ ၁-သုတ်'
215763	parivīmaṁsamāna	stray word 'ပရိဝုဋ္ဌာန' at the end (a later headword)
215764	parivīmaṁsā	quotation fragment 'ပရိဝီမံသမာပဇ္ဇတီ'
215770	parivuḍḍhi	quotation 'ဝုဍ္ဎိုမနွာယာတိ ပရိဝုဍ္ဎိုမာဂမ္မ'
215771	parivuta	second printing of senses (a)-(b)
215774	parivuttha	second printing of senses (1)-(3)
215775	parivuttha	stray word 'ပရိဝုဒ္ဓိတ' at the end (a later headword)
215776	parivutthadivasa	Pāḷi quotation 'ဩဓါနသမောဓါနော … ဒါတဗ္ဗပရိဝါသော ဝုစ္စတိ'
215779	parivuddhi	quotation fragment 'ဝုဍ္ဎိုန္တိ'
215790	pariveṇagga	stray word 'ပရိဝေဏပရိစ္ဆေဒ' inside the gloss (a later headword); quotation fragment 'ပရိဝေဏဂ္ဂေနာ'
215791	pariveṇaṅgaṇa	'ပရိဝေဏင်္ဂဏ' (the headword repeated)
215813	parivesanapariyanta	stray word 'ပရိဝေါဒါတဒဿန' inside the gloss
215821	parisakappika	quotation fragment 'နော ပရိသကပ္ပိကေနာ'; citation '(ဝိ၊သင်္ဂဟ။ ၃၂၉)'
215822	parisakkati	quotation fragment 'ဝိသက္ကတီ' (inside the repeat)
215842	parisaṅkamāna	stray word 'ပရိသင်္ကိတ' inside sense (2); quotation 'ပရိသင်္ကမာနောတိ “ဝါရေဿန္တီ”'; fragment '(၂) ရာဇာ ....'
215845	parisaṅkita	stray '(၃)' before «S1»
215855	parisaṅkhāra	quotation fragment 'အယံ “ပရိသင်္ခါရော”'
215861	parisaññū	stray word 'ပရိသဒူသက' inside the second sentence (a later headword)
215870	parisaddavisiṭṭha	Pāḷi quotation 'ပရိသဒ္ဒဝိသိဋ္ဌော ဝါ ဣဓ စရ-သဒ္ဒေါ … “ပလဠတီ”-တိအာဒိ'
215872	parisanta	stray word 'ပရိသန္န' at the end (a later headword)
215880	parisapariyanta	trailing Pāḷi word 'ပရိသပါရိဝါသိယ' (next headword)
215885	parisappati	'(၃) ပရိသပ္ပသီ' after sense (3) (an inflected form)
215892	parisabbhantara	quotation fragment 'အဗ္ဘန္တရပရိသာယာ'
215897	parisamatta	quotation fragment '“အဝေါစာ”'
215899	parisamāpana	quotation fragment 'မာ အာမိသဒါယာဒါ'
215900	parisamāpanattha	quotation '(၂) နိဗ္ဗာနန္တိ ဝါ ဧတ္ထ ဣတိ-သဒ္ဒေါ အာဒိအတ္ထော'
215909	parisara	quotation 'ဥပါန္တဘူ ပရိသရော'
215923	parisasārajjabhaya	'ပရိသသာရဇ္ဇဘယ' (the headword repeated)
215927	parisahati	Pāḷi word 'ပရိသဟန္တီ'
215932	parisā	source tags '(ဓါန်။' twice; stray word 'ပရိသာ' inside (b) ⟦ပဋိပုစ္ဆာဝိနီတ⟧; the list of references '(၂၇၊ ၇၀-အဘိ၊ပု။ … ဝိ၊သင်္ဂဟ။ )' with a grammarian's note '(သ္မိံဝိဘတ်ကို တိပြု, )---'; quotation fragment 'ပရိသတီ'
215934	parisākasaṭa	quotations '“ပရိသာကသဋော” “ကသဋပရိသာ”တိအာဒိ။ “ကသဋပရိသာ” “ပရိသာကသဋော”'
215942	parisāvacara	trailing Pāḷi word 'ပရိသိဉ္စန္တ' (another headword)
215955	parisinehuppāda	trailing Pāḷi word 'ပရိသုက္ခဘာဝ' (another headword)
215958	parisukkha	quotation fragment 'မနုဿာ၊ (ပ)'
215966	parisujjhati	quotation fragment 'ပရိ-သုဇ္ဈန္တီ'
215967	parisujjhana	quotation fragment '“သီလပရိသုဒ္ဓါ”တိ'
215971	parisuddhaākarasamuṭṭhita	stray words 'ပရိသုဒ္ဓဥပ္ပတ္တိမဂ္ဂသင်္ခါတ၇၉၇' (the next headword and a page number) inside the gloss
215977	parisuddhakamma	stray word 'ပရိသုဒ္ဓကာယဝစီပယောဂသမန္နာဂတ' inside the gloss (a later headword)
215986	parisuddhakittasadda	stray word 'ပရိသုဒ္ဓစရိယာ' at the start (a later headword)
215989	parisuddhagamana	quotation 'တေနာဟ “ဓမ္မလဒ္ဓါ”တိ'
215995	parisuddhacitta	quotation fragment 'ပရိသုဒ္ဓစိတ္တာန'
215997	parisuddhajāta	stray word 'ပရိသုဒ္ဓတရ' inside the gloss (a later headword)
216009	parisuddhadhañña	stray word 'ပရိသုဒ္ဓပကတိဘာဝါဝိဇဟနလက္ခဏ' at the end (a later headword)
216014	parisuddhapakatibhāvāvijahanalakkhaṇa	quotation fragment '“ဆဠင်္ဂုပေက္ခာ”'; stray words 'ပရိသုဒ္ဓပကတိဘာဝါဝိဇဟနာကာရဘူတ၈၀၁' (the next headword and a page number)
216030	parisuddhapāl̤i	stray word 'ပရိသုဒ္ဓဗြဟ္မစရိယစရဏ' at the end (a later headword)
216043	parisuddhabhāvanādīpana	quotation '“နီလာဒီန”န္တိ-အာဒိမာဟ'
216044	parisuddhabhāvanibandhana	quotation 'နီလာဒိ-သဒ္ဒါ ဝိယ … ပဏ္ဍရသဒ္ဒဿ ပဝတ္တိ'
216071	parisuddhasantāna	quotation 'သကလသံကိလေသပ္ပဟာနေန … ဥပါလိတ္ထေရာဒိပုဗ္ဗာစရိယေဟိ'
216077	parisuddhasālipiṇḍasaṅkhacuṇṇapiṇḍavaṇṇa	grammatical analysis '[ပရိ-… သုဒ္ဓ+သာလိပိဏ္ဍ+သင်္ခစုဏ္ဏပိဏ္ဍ+ဝဏ္ဏ]' with the stray word 'ပရိသုဒ္ဓသီလ' inside it
216084	parisuddhasīlasampatti	stray word 'ပရိသုဒ္ဓသုဝဏ္ဏမယ' at the end (a later headword)
216095	parisuddhāgamana	stray word 'ပရိသုဒ္ဓါပရိသုဒ္ဓဝဏ္ဏ' at the end (a later headword)
216115	parisuddhodaka	stray word 'ပရိသုမ္ဘန' at the end (a later headword)
216116	parisupaṭṭhāpaka	citation abbreviation 'ပါစိတ်ယော'
216126	parisussitvā	stray word 'ပရိသေသ' at the start (a later headword)
216135	parisādhayiṁ	stray word 'ပရိသောဓေတိ' at the start
216151	parisosa	quotation 'တဒပေယျမာနံ ပရိ-သောသမေတိ'
216158	parissaja	metrical-grammatical note 'ဆန္ဒာနုရက္ခဏဌာနဖြစ်၍ သ-၌ ဒွေဘော်ပြု၊ ဇ-တစ်လုံးချေကာ ပရိဿဇေ-ဟု ရှိနေသည်'
216164	parissajjitvā	quotation fragment '“ကိံ ဣဒ”'
216168	parissama	fragment 'အပ၊ ပရိဿမဝိနောဒနတ္ထ ၂' (a cross-reference)
216178	parissaya	grammatical analysis '[ပရိဿယ + အ]'
216196	parissayavinodana	Pāḷi quotation fragment 'ပရိဿယဝိနောဒနန္တိ ဥတုပရိဿယာဒိ… ဝိဟာရာဒိအာဝသထံ' (commentary gloss)
216200	parissayasahana	source tag '“သီ-ဟော”'
216211	parissāvana	quotation fragment 'ဝုတ္တမ္ပိ “။ ”တိ'
216215	parissāvanacol̤abandhanaṭṭhāna	quotation '“ပရိ-ဿာဝနစောဠဗန္ဓနဋ္ဌာနေ”'
216219	parissāvita	citation '(-ကင်္ခါ၊ဋီ၊သစ်။'
216234	pariharaṇa	first printing of senses (1)-(5); quotation fragments '“ပီတမလ္လော”', '“ကိလေသာ”', 'ပရိဟရဏ'; citation '(-ဝိ၊ သင်္ဂဟ။'
216247	pariharaṇavatthu	quotation fragment 'ပဋိက္ခေပေါ ကတော'
216253	pariharati	second printing of senses (a)-(o); fragments 'ပရိဟရတိ ၁၀', 'ပရိ', 'ဇာ၊ ပရိဟရတိ ၁', 'ပဝိ၊သင်္ဂဟ', 'အာစရိယော “ယသ္မာ”။ “တတ္ထာ”။ နေတ္တိ၊ဋီ၊'
216255	pariharanta	second printing of senses (a)-(n); quotation fragments '“သီဟဠဒီပ”န္တိအာဒိ-မာဟ', 'အာစရိယော “။ ”န္တိ အာဟ', '“ဩဠာရိကံ ခေါ”တိအာဒိမာဟ'
216267	pariharitabba	second printing of senses (a)-(e); source tag '“သိခရဏီသီ”'
216272	pariharitabbasūci	Pāḷi word 'ပရိဟရိတုံ' at the start
216273	pariharituṁ	first printing of senses (a)-(i); quotation fragment 'ဧတေ'
216274	pariharitukāma	citation '(-ကင်္ခါ၊ဋီ၊ သစ်။'
216275	pariharitvā	second printing of senses (a)-(j); fragments 'ပါစိတ်၊', 'တထာဂတဿ (ရီ)'
216281	parihariyamāna	second printing of senses (a)-(d); Pāḷi quotation 'သကျရာဇကုလေ ပဋိသန္ဓိံ ဂဟေတွာ … အနုပါပုဏိ'
216282	pariharīyamāna	second printing of senses (a)-(d); Pāḷi quotation 'သကျရာဇကုလေ ပဋိသန္ဓိံ ဂဟေတွာ … အနုပါပုဏိ'
216301	parihātabba	editorial note '(ပရိဟာတဗ္ဗာတိ ပရိဟရိတဗ္ဗာ-ဟု သီ၊သျာ မူအတိုင်း ရှိမှ ကောင်းမည်။' ('it would be better to read pariharitabbā, as in the Sī. and Syā. editions')
216303	parihāna	second printing of senses (1)-(2) and an empty (3)
216309	parihānadhamma	second printing of senses (1)-(3); stray Pāḷi word 'ပရိဟာနာသမ္ဘဝ' in (3)
216312	parihānāsambhava	quotation fragment '“ဥပရိဂုဏေဟီ”'
216313	parihāni	word analysis '[ပရိဟာနိ + ဣ]'
216324	parihānimukha	quotation fragment 'အဝုဍ္ဎိုမုခေ'; stray 'ပရိဟာပန' (the next headword)
216334	parihāpita	quotation fragment 'ဝဍ္ဎိုတံ'
216347	parihāyati	stray 'စေ။' (causative suffix, apparently misplaced); citation 'ပရိဟာယတု-ပရိဟာယတိ မိလိန္ဒ'
216364	parihāyitvā	citation '( ဣတိဝုတ်၊ဋ္ဌ။'
216369	parihāyissāma	stray 'ပရိဟာရ' (the next headword)
216374	parihāra	second printing of the senses; quotation fragment 'ပရိဟာရဉ္စာ “ပရိဟာရော”'; stray words 'ပရိဟာရ', 'ပရိဟာရဒဿန'
216383	parihārapatha	second printing of senses (1)-(2); stray 'ပရိဟာရဝစန' (a later headword)
216384	parihārabhāriya	quotation fragment 'ပရိဟာရဘာရိ-ယဋ္ဌေနာ'
216396	parihārikā	stray 'ပရိဟာသတိ' (a later headword)
216408	parihita	citation 'ဒီ၊'; stray 'ပရိဟီန' (a later headword)
216410	parihīna	quotation 'ပရိဟီနော(ဣတိဝုတ်။ ၂၅၆)။' and a repeated sense number '(၂)'
216416	parihīnacakkhuka	stray 'ပရိဟီနတ္တ' (a later headword) inside the text
216419	parihīnajjhāna	'(၂) ပရိဟီနဇ္ဈာနဿာ' (quotation word)
216428	parihīnaparivāra	stray 'ပရိဟီနဝေဂ' (a later headword) inside the text
216438	parihīnāparihīna	quotation 'ပရိဟီနာပရိဟီနဝသေနာ(ကင်္ခါ။ ၁၂၀)။'
216439	parihīnāyatana	quotation word 'ပရိဟီနာယတနဿာ'
216441	parihīyati	stray 'ပရိဠာဟ' (a later headword) inside 'စွန့် … လွှတ်အပ်၏'
216444	paril̤āha	quotation words 'ပရိဠာဟော။ ပရိဠာဟော။ ပရိဠာဟေဟီ။ ပရိဠာဟာ။'
216446	paril̤āhakilesasatasahassa	quotation 'သဗ္ဗဒထရပရိဠာဟကိလေသသတသဟဿာနိ'
216452	paril̤āhana	quotation 'ပရိဠာဟနဋ္ဌေန ကာမပရိဠာဟော'
216459	paril̤āhapariyesanā	stray 'ပရိဠာဟဝိနယရသ' (a later headword)
216466	paril̤āhavinayarasa	stray 'ပရိဠာဟဝိဝဇ္ဇိတကာယိကစေတသိကသုခပ္ပတ္တိ၈၅၃' (the next headword and a page number) inside the text
216472	paril̤āhavūpasamanattha	stray 'ပရိဠာဟာဘိဘူတ' (a later headword) inside the text
216484	parul̤hakesa	spelling note 'ပရုဠှ-ပရူ(ရု)'
216491	parūpakkamadukkha	Pāḷi quotation 'အတ္တူပက္ကမဒုက္ခံ ပရူပက္ကမဒုက္ခံ သင်္ခါရဒုက္ခံ ဝိပရိဏာမဒုက္ခံ'
216494	parūpaghāta	stray 'ပရူပဃါတကရဏ' (a later headword) inside sense (2)
216496	parūpaghātakara	citation '(-ကင်္ခါ။ ၂၂၀-'
216501	parūpaghātamantajānanaka	stray 'ပရူပဃါတာဝဟ' (a later headword)
216516	parūpaddavakara	quotation word '“ကာဠကဏ္ဏီ”'
216518	parūpanissayarahita	quotation word '“မာရဘဉ္ဇနော”'
216520	parūparodhanivāraṇa	stray 'ပရူပဝါဒ၁' (a later headword)
216521	parūparodhapaṭisaṁyutta	citation 'အံ၊ဋ္ဌ၂'
216527	parūpavādavippaṭisāravadhabandhanādi	stray 'ပရူပဝါဒသဥှိတ' (a later headword) inside 'သူတစ် … ပါး'
216538	parūpahāraṭṭhakathā	quotation 'ပရူပဟာရဋ္ဌကထာယံ'
216540	parūpārambha	merged following articles 'ပရူ(ရု)ဠှ၁ (တိ) [ပ+ရုဟ+တ] ဖြစ်-ပေါက်-သော။ (က) ရှည်လျားသော။ (ခ) ရှင်သန်-ကြီးထွား-သော။' and '(ရု)ဠှ၂ (တိ) [ပရုဠှ+အ] ရှည်သော မုတ်ဆိတ် မွေးရှိသော၊ မုတ်ဆိတ်မွေး ဖုံးအုပ်နေသော ပါးစပ်။'
216543	parūl̤haavasesaloma	spelling variant '(ဂျိုင်း)'; Pāḷi quotation 'ပရူဠှကစ္ဆလောမာ ပရူဠှနခါ ပရူဠှအဝသေသလောမာ စ'
216544	parūl̤hakaccha	spelling variant '(ဂျိုင်း)'
216545	parūl̤hakacchanakhaloma	spelling variant '(ဂျိုင်း)'; quotation 'ပရူဠှကစ္ဆာတိ ပရူဠှကစ္ဆလောမာ'; editorial note '(ဤအဖွင့် တို့ကို ထောက်လျှင် “ပရူဠှကစ္ဆလောမနခါ” ဟု ရှိက ပိုရှင်းသည်။' ('judging by these glosses, parūḷhakacchalomanakhā would be clearer')
216546	parūl̤hakacchaloma	spelling variant '(ဂျိုင်း)'
216562	parokkha	encoding debris ']' and '}' around the two Pāḷi names
216564	parocattālīsa	quotation word '“အနစ္စန္တိကတော”'
216573	parodittha	stray 'ပရောပဃါတ' (a later headword); word analysis '[ ပ+ ]'
216578	parodhaka	variant-reading notes 'ပရောဓကော(သျာ။ မူကွဲ)။ “ပရရောဓကော” “ပရောဓကော”'
216580	paropaghāta	stray 'ဒေတိ'
216581	paropaññāsa	quotation word 'ပရောပညာသာ'
216584	paropaṇṇāsa	stray 'ပရောပဏ္ဏာသဓမ္မ' (a later headword) at the start
216592	paropadesanirapekkha	stray 'ပရောပရ' (a later headword)
216594	paropadesasambhūta	quotation 'ဣတရေသံ သုတမယဉာဏသံဝဍ္ဎိုတတ္တာ'
216596	paropara	Pāḷi fragment '(၁)(၂) ပရောပရာ။ (-။'
216600	paropariya	stray 'ပရောပရိယတ္တဝေမတ္တ' (a later headword) inside the text; Pāḷi grammatical note 'ပရာနိ စ အပရာနိ စ … ပရောပရာနီတိ ဝုစ္စတိ'
216610	parovāda	stray 'ပရောသဟဿ' (a later headword) inside the text; quotation word 'နိက္ကဍ္ဎိုတာ၊'
216614	parosatavagga	citation 'ဇာတကပါဠိ၊ ၁-နိပါတ၊ ၁၁-ဝဂ်။ ၂၄-'
216616	parosahassajātaka	citation '၁-နိပါတ်၊ ၁၀-ဝဂ်၊ ၉-ဇာတ်'
216622	pala	encoding debris ']' and '}' around ပိုလ် and ပို
216624	palagaṇḍa	quotation word '“ပလဂဏ္ဍော”'
216625	palagaṇḍantevāsī	stray 'ပလပတိ' (a later headword) inside the text
216626	palaṇḍaka	quotation fragment 'ဂရဟတ္ထေ အပိ-ကာရော အာဒီသု'
216636	palapariccheda	stray 'ပလမ္ဗတိ' (a later headword)
216641	palabbhati	quotation fragment '”တိအာဒိနာ'
216649	palambati	fragments 'ပလလဏ္ဍုပက၊' and 'န ပလောဘေယျာသီ”'
216650	palambheti	quotation fragment 'ပလလဏ္ဍုပက၊ န ပလောဘေယျာသီ”'
216655	palaya	grammatical note 'ဏော' (suffix)
216656	palala	grammatical note 'ပလ လဝနပဝနေသု၊ အလော၊ ပလာလောပိ' (root, suffix, variant form)
216657	palāla	grammatical note 'ပလ လဝနပဝနေသု၊ အလော၊ ပလာလောပိ' (root, suffix, variant form)
216659	palata	quoted reading '“ပလတာ”'
216663	palasata	run-on article ပလသတ၃ (ပု) [+ဏ] ကြံ့ 'ပလတာ', with the editors' note on the readings palata / palasatā in the Chaṭṭha and other editions
216674	palātadhītu	quotation fragment 'ပလာတဓီတာယာ'
216679	palāpatumba	trailing 'ပလာပိတ' (start of another headword)
216684	palāpavīhi	source tag 'အာဟ'
216690	palāpeti	inflected form 'ပလာပေတွာ'
216708	palāyati	list of inflected forms with --- and a page number ('၁၁၇၊ပလာယသိ --- ဇာ၊ပလာယထ---'); trailing 'ပလာယနကဂန္တ' (start of another headword)
216712	palāyana	dangling fragment 'ကြည့်။'; headword ပလာယန၂ with label (န) and analysis bracket
216719	palāyanattha	trailing 'ပလာယနမိဂ' (start of another headword)
216742	palāyita	trailing 'ပလာယိတဗ္ဗ' (start of another headword)
216745	palāyitajātaka	citation 'ဇာတကပါဠိ၊ ၂-နိပါတ၊ ၈-ဝဂ်၊ ၉-ဇာတ်၊'
216746	palāyitadvaya	quotation fragment 'ပလာယိတ-ဒွယမ္ပိ စ'
216747	palāyitaparibbājaka	note of variant readings '(ပလာသီပရိ-ဗ္ဗာဇကံ။ ပလာယိပရိဗ္ဗာဇကံ။ သျာ၊ဣ။ မူကွဲ။'
216761	palāyīparibbājaka	trailing 'ပလာလစုမ္ဗဋက' (start of another headword)
216762	palāyiparibbājaka	trailing 'ပလာလစုမ္ဗဋက' (start of another headword)
216765	palāla	a stray '(၂)' before «S1»
216771	palālaṇḍupaka	note on a reading with citation '(ကင်္ခါ။ ၂၈၈-၌ ပလလဏ္ဍုပကံ-ဟု ရှိ။' (Kaṅkhā 288 reads palalaṇḍupakaṁ)
216773	palāladhūma	trailing 'ပလာလပီဌ' (start of another headword)
216780	palālapīṭhaka	Pāḷi fragment '(၂) ပလာလ-ပီဌက'
216781	palālapuñja	'ပလာလဘူတ' (a headword) intruded inside ကောက်ရိုးစု; quotation fragment 'နိက္ကဍ္ဎိုတွာ'; trailing '(၂) ပလာလပုဉ္ဇ'
216789	palālavaraṇaka	headword analysis 'ပလာလဝရဏ-က'; trailing 'ပလာသ၁' (start of another headword)
216795	palāsa	senses (1)-(6) printed twice, translated once; quotation fragments 'ပလာသေနာ', 'ပလာသာနီ'
216806	palāsapuñja	editorial note on the reading: where a secluded lodging suitable for one practising kammaṭṭhāna is described, all texts read 'ပလာလပုဉ္ဇံ', only here 'ပလာသပုဉ္ဇံ'; by the sense it should be 'palālapuñjaṁ = straw heap'
216816	palāsasirisaphala	note on the reading: '(ဆဋ္ဌမူ၌ “ပလာသသိရိဖလာဒိဒါရုနာ”ဟု ရှိသည်။ အနက်မရ။' (the Chaṭṭha edition reads palāsasiriphalādidārunā; no meaning obtained)
216823	palāl̤ayamāna	quotation fragment 'ပလာဠယမာ-နဿာ'
216824	palika	grammarian's note 'ပလိကောတိ ပါဠိမဓိတေတိ ပါဠိကော၊ ပါ-ဠိကောဝ ပလိကော'
216827	palikha	grammarian's note 'ပလိခ။ ဃကာရဿ ပန ခ-ကာရံ ကတွာ ပလိခေါ' (gh replaced by kh)
216831	palikhaṇati	inflected form 'ပလိခဏိ'
216839	paligijjhati	inflected form 'ပလိ-ဂိဇ္ဈတီ'
216841	paliguṇṭhita	trailing 'ပလိဃ၂' (start of another headword)
216843	paligedha	quotation fragment 'ဝဍ္ဎိုတံ'
216845	paligha	headword repeated 'ပလိဃ'
216847	palighatthambhamatthaka	quotation fragment '“ဧကော ဒွေ”'
216851	palighaparivattika	Pāḷi word 'ပလိဃပရိဝတ္တိက'
216855	palita	form with citation 'ပလိတ(ဝိ၊သင်္ဂဟ။ ၄၄၆)'; repeated sense marker '(၂)'
216857	palitakesa	headword analysis 'ပလိ-တကေသ'
216860	palitabhāvakaraṇakicca	quotation 'ပါလိစ္စ'
216862	palipa	quotation 'ပလိပေါ'
216877	palibuddha	Pāḷi fragment 'ပလိဗုဒ္ဓ (၁)'
216894	palibundhitvā	trailing 'ပလိဗောဓ' (start of another headword)
216899	palibodha	grammarian's note and quotation at the end: '(၁) အာယူဟနံ။ ကမ္မဋ္ဌာနဘာဝနံ ပလိဗုဒ္ဓေတိ ဥပရောဓေတိ ပဝတ္တိတုံ န ဒေတီတိ ပလိဗောဓေါ ရ-ကာရဿ လ-ကာရံ ကတွာ'; a stray 'ပလိဗောဓ' inside the list of requisites
216914	palibodhapaṭicchādaka	trailing 'ပလိဗောဓသီသ' (start of another headword)
216915	palibodhamūla	grammarian's note 'ပရိဗုန္ဓတိ ဥပရောဓေတီတိ ရ-ကာရဿ လ-ကာရံ ကတွာ ပလိဗောဓေါ'
216918	palibodhasīsa	Pāḷi word 'ပလိဗောဓ-သီသ'
216923	palibodhitabāhavimokkha	grammarian's note in square brackets on the compound (should read ပလိဗောဓိတဗာဟဝိမောက္ခာ; bahubbīhi; analysis of the sentence); trailing 'ပလိဗောဓေန္တ' (start of another headword)
216928	palibodheti	Pāḷi word 'ပလိဗောဓေန္တီ'
216933	palimajjeti	quotation '“သောဓေယျာ”တိ'
216935	palimpati	note on a reading '၄၅-၌ ပလိပ္ပတိ-ဟု ရှိသည်' (at 45 it reads palippati)
216944	paliveṭhita	quotation 'တေနာဟ “ပလိဝေဌိတော”တိ'; citation 'မ၊ဋီ'; trailing 'ပလိဝေဌိတဗာဟ ၃' (another headword)
216948	paliveṭhitabāha	note on a reading '(၂၁၂-၌ ပလိဗောဓိတ-ဟု ရှိသည်' (at 212 it reads palibodhita)
216969	palujjati	quotation fragments and inflected forms 'ပလုဇ္ဇန္တီ။ သော ပလုဇ္ဇေယျာ။ (-(ခ)။ ) (ဂ) ပလုဇ္ဇန္တီ။ (ဃ) ပလုဇ္ဇေယျု။'
216970	palujjana	headword and inflected-form fragments 'ပလုဇ္ဇနဓမ္မ (ခ)။ (၂) ပလုဇ္ဇနတ္တာ။ ပလု-ဇ္ဇနတာယာ။'
216974	palujjanaṭṭha	note on a reading '၁၂၅-၌ လုစ္စနဋ္ဌေန-ဟု ရှိသည်' (at 125 it reads luccanaṭṭhena)
216983	palujjitvā	'ပလုဒ္ဓ၁' (a headword) intruded inside the gloss
216994	paleti	citation 'ဒီ၊ (ဃ)'; inflected form 'ပလေဟိတီ'
216996	paletha	trailing 'ပလောက' (start of another headword)
217007	palokayī	trailing 'ပလောဌေတိ' (start of another headword)
217009	palokī	quotation '“ဘိဇ္ဇနသဘာဝ”န္တိ'
217010	paloṭheti	note on a reading '(၂၉၅-၌ သဟ မဉ္စပဋိပါဒကေဟိ ပဝေဓေန္တိ-ဟု ရှိသည်' (at 295 it reads saha mañcapaṭipādakehi pavedhenti)
217016	palobhanakiriyā	quotation '“ဥက္ကဏ္ဌန္တူ”'
217022	palobhayati	fragment 'တာ သု'
217035	palobhiyamāna	Pāḷi word with page number 'ပလောဘေတိ ၅၄'
217052	palla	fragment 'အပိ စ'
217053	palla	trailing 'ပလ္လင်္က၁' (start of another headword)
217054	pallaṅka	grammarian's notes 'ပလ္လင်္ကန္တိ ဧတ္ထ ပရိ-သဒ္ဒေါ “သမန္တတော”' (twice), '“ပလိဗုဒ္ဓေါ”', 'ပရိသမန္တတော အင်္ကီယတေ … ကတွာ'; fragment 'အပိ စ'
217060	pallaṅkadāyaka	trailing 'ပလ္လင်္ကဒါယက ထေရ်' (next headword)
217069	pallaṅkappahonakāsana	'ပလ္လင်္ကဝရမဇ္ဈ' (a headword) intruded inside the gloss
217080	pallaṅkavematta	trailing 'ပလ္လင်္ကသေဋ္ဌ' (start of another headword)
217087	pallaṅkaseṭṭha	quotation '“မဏိသောဏ္ဏစိတ္တေ”'
217092	pallaṅkābhujitaṭṭhāna	quotations '“ပလ္လင်္ကော” “ပလ္လင်္က”'
217097	pallatthita	quotation 'ဒေါသာ ဘယာ အထ ဝါ ရာဂရတ္တာ၊ ပလ္လတ္ထိတော ဗာလော အသံသယံ သော'; source tag 'ချာ'
217098	pallala	'ပလ္လဝက' (a headword) intruded inside ချိုင့်ဝှမ်း; commentary gloss 'မဟာဥဒကရဟဒေါတိ မဟာဥဒကဘရိတံ ပလ္လလံ'
217100	pallavaka	grammarian's note in square brackets: a yadicchaka noun, a name arising at will without regard to the word's meaning
217102	pallavati	note on the reading: Suttanipāta 451 reads 'ဒီပါ ဒီပံ ဥပလ္လဝိံ', likewise Dhamma(pada?) 61, so the form is probably from the root plu
217104	pallaviṁ	trailing 'ပလ္လောမ' (start of another headword)
