id	headword	iast	words_restored	drafted	burmese_before_start	burmese_now_start
210168	ပမတ္တကရဏဋ္ဌ	pamattakaraṇaṭṭha	မေ့	yes	လျော့ခြင်းကို- ပြု- ဖြစ်စေ- ခြင်းဟူသော-အနက်-သဘော။	မေ့ လျော့ခြင်းကို- ပြု- ဖြစ်စေ- ခြင်းဟူသော-အနက်-သဘော။
210173	ပမတ္တဇနသန္တာသ	pamattajanasantāsa	မေ့	yes	လျော့သောလူတို့၏ ထိတ်လန့်ခြင်း။ အောက် ပုဒ်ကြည့်။	မေ့ လျော့သောလူတို့၏ ထိတ်လန့်ခြင်း။ အောက် ပုဒ်ကြည့်။
210184	ပမတ္တာကာရပ္ပတ္တ	pamattākārappatta	မေ့	yes	လျော့ခြင်းဟူသော အခြင်းအရာသို့ ရောက် သော၊ မိန်းမော-တွေဝေ- သော	မေ့ လျော့ခြင်းဟူသော အခြင်းအရာသို့ ရောက် သော၊ မိန်းမော-တွေဝေ-
210236	ပမာဏပရိစ္ဆေဒ	pamāṇapariccheda	(၁)	yes	အတိုင်းအရှည်- ပမာဏ- ၏ အပိုင်းအခြား။ (၂) အတိုင်းအရှည်- ပမာဏ- 	(၁) အတိုင်းအရှည်- ပမာဏ- ၏ အပိုင်းအခြား။ (၂) အတိုင်းအရှည်- ပမ
210258	ပမာဏရဟိတ	pamāṇarahita	(၁)	yes	အတိုင်းအရှည်-ပမာဏ-မှကင်းသော၊အတိုင်း အရှည်- ပမာဏ- မရှိသော။ (က	(၁) အတိုင်းအရှည်-ပမာဏ-မှကင်းသော၊အတိုင်း အရှည်- ပမာဏ- မရှိသော
210264	ပမာဏဝိရဟိတ	pamāṇavirahita	(၁)	yes	နှုိင်းယှဥ်-တိုင်းတာ-ခြင်းမှ ကင်းသော၊ မနှုိင်း ယှဥ်- မတိုင်း	(၁) နှုိင်းယှဥ်-တိုင်းတာ-ခြင်းမှ ကင်းသော၊ မနှုိင်း ယှဥ်- မတိ
210270	ပမာဏာတိက္ကန္တ	pamāṇātikkanta	(၁)	yes	အတိုင်းအရှည်ကို ကျော်လွန်ခြင်း။ (တိ) (၂) အတိုင်းအရှည်ကို ကျေ	(၁) အတိုင်းအရှည်ကို ကျော်လွန်ခြင်း။ (တိ) (၂) အတိုင်းအရှည်ကို
210294	ပမာဒကာရဏဋ္ဌ	pamādakāraṇaṭṭha	မေ့	yes	လျော့ခြင်း၏ အကြောင်း၏ အဖြစ်ဟူသော-အနက်-သဘော။	မေ့ လျော့ခြင်း၏ အကြောင်း၏ အဖြစ်ဟူသော-အနက်-သဘော။
210314	ပမာဒပတိရူပက	pamādapatirūpaka	အတု	yes	ဖြစ်သော မေ့လျော့ခြင်း၊ မေ့လျော့ခြင်းအတု။	အတု ဖြစ်သော မေ့လျော့ခြင်း၊ မေ့လျော့ခြင်းအတု။
210332	ပမာဒဟေတုက	pamādahetuka	မေ့	yes	လျော့ခြင်းဟူသော အကြောင်းရှိသော၊ မေ့ လျော့ခြင်းကြောင့်ဖြစ်သော	မေ့ လျော့ခြင်းဟူသော အကြောင်းရှိသော၊ မေ့ လျော့ခြင်းကြောင့်ဖြစ
210333	ပမာဒါဓိကရဏ	pamādādhikaraṇa	မေ့	yes	လျော့ခြင်းဟူသောအကြောင်း။	မေ့ လျော့ခြင်းဟူသောအကြောင်း။
210337	ပမာဒါပတ္တိဟေတု	pamādāpattihetu	မေ့	yes	လျော့ခြင်းသို့ ရောက်ခြင်း၏ အကြောင်း။	မေ့ လျော့ခြင်းသို့ ရောက်ခြင်း၏ အကြောင်း။
210406	ပမုတ္တတာလဖလ	pamuttatālaphala	ကြေ	yes	ကျသော ထန်းသီး။	ကြေ ကျသော ထန်းသီး။
210407	ပမုတ္တပုပ္ဖသဉ္ဆန္န	pamuttapupphasañchanna	ကြေ	yes	ကျသော ပန်းတို့ဖြင့် ကောင်းစွာဖုံးလွှမ်းအပ် သော။	ကြေ ကျသော ပန်းတို့ဖြင့် ကောင်းစွာဖုံးလွှမ်းအပ် သော။
210533	ပယာတုံ	payātuṁ	(၁)	yes	သွား-ကျင့်သုံး-ခြင်းငှာ။ (၂) ဖြစ်ခြင်းငှာ။ (၂) ပယာတ၁ (၂)ကြည့	(၁) သွား-ကျင့်သုံး-ခြင်းငှာ။ (၂) ဖြစ်ခြင်းငှာ။ (၂) ပယာတ၁ (၂)
210622	ပယောဂကရဏ	payogakaraṇa	(၁)	yes	အားထုတ်မှုကို ပြုလုပ်ခြင်း။ (၂) အားထုတ်မှု ကို ပြုလုပ်ရာ (အခ	(၁) အားထုတ်မှုကို ပြုလုပ်ခြင်း။ (၂) အားထုတ်မှု ကို ပြုလုပ်ရာ
210625	ပယောဂကာလ	payogakāla	အား	yes	ထုတ်-ပြုလုပ်-ရာ အခါ။	အား ထုတ်-ပြုလုပ်-ရာ အခါ။
210630	ပယောဂဂဏနာ	payogagaṇanā	အား	yes	ထုတ်ခြင်း-လုံ့လ-ပယောဂ- အရေအတွက်။ ပယောဂနိဒဿန	အား ထုတ်ခြင်း-လုံ့လ-ပယောဂ- အရေအတွက်။ ပယောဂနိဒဿန
210632	ပယောဂဇာတိက	payogajātika	ပြု	yes	လုပ်-အားထုတ်-ခြင်းဟူသော အကြောင်း-ဇာတ်- ရှိသော။	ပြု လုပ်-အားထုတ်-ခြင်းဟူသော အကြောင်း-ဇာတ်- ရှိသော။
210639	ပယောဂနိပ္ဖါဒိတ	payoganipphādita	အား	yes	ထုတ်မှု-လုံ့လ-ဝီရိယ-သည် ပြီးစေအပ်သော။	အား ထုတ်မှု-လုံ့လ-ဝီရိယ-သည် ပြီးစေအပ်သော။
210640	ပယောဂနိဗ္ဗတ္တိ	payoganibbatti	အား	yes	ထုတ်မှု- လုံ့လ- ပယောဂ-၏ ဖြစ်ခြင်း- ပြီး ခြင်း။ “နိပ္ဖန္နာ”။	အား ထုတ်မှု- လုံ့လ- ပယောဂ-၏ ဖြစ်ခြင်း- ပြီး ခြင်း။ “နိပ္ဖန္န
210655	ပယောဂဖန္ဒနာ	payogaphandanā	အား	yes	ထုတ်မှု- လုံ့လ- ပယောဂဟူသော တုန်လှုပ် ခြင်း။	အား ထုတ်မှု- လုံ့လ- ပယောဂဟူသော တုန်လှုပ် ခြင်း။
210658	ပယောဂဘေဒ	payogabheda	(၁) အား	yes	ထုတ်မှု-လုံ့လ-ပယောဂ- ကွဲပြား- ထူးခြား-ခြင်း။ (၂) အားထုတ်မှု-	(၁) အား ထုတ်မှု-လုံ့လ-ပယောဂ- ကွဲပြား- ထူးခြား-ခြင်း။ (၂) အား
210661	ပယောဂမညနာ	payogamaññanā	အား	yes	ထုတ်မှု- လုံ့လ- ပယောဂကို စွဲ၍ဖြစ်သော အောက်မေ့မှတ်ထင်ခြင်း။	အား ထုတ်မှု- လုံ့လ- ပယောဂကို စွဲ၍ဖြစ်သော အောက်မေ့မှတ်ထင်ခြင်
210669	ပယောဂဝိပတ္တိ	payogavipatti	အား	yes	ထုတ်မှု- လုံ့လ- ပယောဂ-၏ ဖောက်ပြန်-မှားယွင်း-ခြင်း၊ ဖောက်ပြန်	အား ထုတ်မှု- လုံ့လ- ပယောဂ-၏ ဖောက်ပြန်-မှားယွင်း-ခြင်း၊ ဖောက်
210676	ပယောဂဝိသေသ	payogavisesa	အား	yes	ထုတ်မှု-လုံ့လ-ပယောဂ-၏ အထူး။	အား ထုတ်မှု-လုံ့လ-ပယောဂ-၏ အထူး။
210680	ပယောဂသမတ္တ	payogasamatta	အား	yes	ထုတ်မှု-လုံ့လ-ပယောဂ-တူမျှသည်၏အဖြစ်။	အား ထုတ်မှု-လုံ့လ-ပယောဂ-တူမျှသည်၏အဖြစ်။
210681	ပယောဂသမုဋ္ဌာန	payogasamuṭṭhāna	ပြု	yes	လုပ်-အားထုတ်-ခြင်းဟူသော-ဖြစ်ကြောင်း-သမုဋ္ဌာန်-ရှိသော။ ပယောဂဇ	ပြု လုပ်-အားထုတ်-ခြင်းဟူသော-ဖြစ်ကြောင်း-သမုဋ္ဌာန်-ရှိသော။ ပယ
210687	ပယောဂသမ္ပတ္တိ	payogasampatti	(က)	yes	အားထုတ်ခြင်း- လုံ့လ- ပယောဂ-၏ ပြည့်စုံ ခြင်း၊ ပြည့်စုံသော-အား	(က) အားထုတ်ခြင်း- လုံ့လ- ပယောဂ-၏ ပြည့်စုံ ခြင်း၊ ပြည့်စုံသော
210692	ပယောဂသမ္ပဒါ	payogasampadā	အား	yes	ထုတ်မှု- လုံ့လ- ပယောဂ-၏ ပြည့်စုံခြင်း။ ပယောဂဗလ-ကြည်။	အား ထုတ်မှု- လုံ့လ- ပယောဂ-၏ ပြည့်စုံခြင်း။ ပယောဂဗလ-ကြည်။
210693	ပယောဂသမ္ပန္န	payogasampanna	အား	yes	ထုတ်မှု- လုံ့လ- ပယောဂ-နှင့် ပြည့်စုံသော၊ သူ။	အား ထုတ်မှု- လုံ့လ- ပယောဂ-နှင့် ပြည့်စုံသော၊ သူ။
210703	ပယောဂါဘာဝ	payogābhāva	(၁)	yes	အားထုတ်ခြင်း-လုံ့လ-ပယောဂ-၏ မရှိခြင်း။ (၂) ပြယုဂ်- ပုံစံ- ၏ မ	(၁) အားထုတ်ခြင်း-လုံ့လ-ပယောဂ-၏ မရှိခြင်း။ (၂) ပြယုဂ်- ပုံစံ-
210721	ပယောဇနဒဿန	payojanadassana	(၁)	yes	အကျိုးကို ပြခြင်း။ (တိ) (၂) အကျိုးကို ပြ သော (စကား)။	(၁) အကျိုးကို ပြခြင်း။ (တိ) (၂) အကျိုးကို ပြ သော (စကား)။
210762	ပယောဇိတပုရိသ	payojitapurisa	စေ	yes	ခိုင်း-တိုက်တွန်း-အပ်သော ယောကျာ်း၊ သူ လျှိုမင်းချင်း။	စေ ခိုင်း-တိုက်တွန်း-အပ်သော ယောကျာ်း၊ သူ လျှိုမင်းချင်း။
210763	ပယောဇိတမနုဿ	payojitamanussa	စေ	yes	ခိုင်း- တိုက်တွန်း- အပ်သောလူ၊ သူလျှိုမင်း ချင်း။	စေ ခိုင်း- တိုက်တွန်း- အပ်သောလူ၊ သူလျှိုမင်း ချင်း။
210773	ပယောဇေထ	payojetha	(၁)	yes	ယှဥ်စေကုန်၏၊ စေ့ဆော်-ပြုလုပ်-အားထုတ်-ကုန်၏။ (၂) ယှဥ်စေကုန်လေ	(၁) ယှဥ်စေကုန်၏၊ စေ့ဆော်-ပြုလုပ်-အားထုတ်-ကုန်၏။ (၂) ယှဥ်စေကု
210792	ပရအာမိသပိဏ္ဍ	paraāmisapiṇḍa	သူ	yes	တစ်ပါးတို့၏-စားဖွယ်-အာမိသ-အစိုင်အခဲ၊ သူတစ်ပါးတို့၏ စားဖွယ်ဆွ	သူ တစ်ပါးတို့၏-စားဖွယ်-အာမိသ-အစိုင်အခဲ၊ သူတစ်ပါးတို့၏ စားဖွယ
210812	ပရကိစ္စတ္တကိစ္စ	parakiccattakicca	သူ	yes	တစ်ပါးတို့၏-အမှု-ကိစ္စ, မိမိ၏-အမှု-ကိစ္စ။	သူ တစ်ပါးတို့၏-အမှု-ကိစ္စ, မိမိ၏-အမှု-ကိစ္စ။
210821	ပရကုလပေသန	parakulapesana	သူ	yes	တစ်ပါး-လင်ယောကျာ်း-၏ အိမ်သို့-စေလွှတ်-ပို့ပေး-ခြင်း။	သူ တစ်ပါး-လင်ယောကျာ်း-၏ အိမ်သို့-စေလွှတ်-ပို့ပေး-ခြင်း။
210891	ပရဃရဝိလောပ	paragharavilopa	သူ	yes	တစ်ပါးတို့၏ အိမ်၌ လုယက်ခြင်း။	သူ တစ်ပါးတို့၏ အိမ်၌ လုယက်ခြင်း။
210904	ပရစိိတ္တဇာနနက	paraciittajānanaka	သူ	yes	တစ်ပါး၏စိတ်ကို သိတတ်သော၊ သူ။ “သော ဟီ”။	သူ တစ်ပါး၏စိတ်ကို သိတတ်သော၊ သူ။ “သော ဟီ”။
210917	ပရစိတ္တာနုဝတ္တန	paracittānuvattana	သူ	yes	တစ်ပါးတို့၏ စိတ်အလိုသို့-လိုက်နာ-ဆောင် ရွက်-ခြင်း။	သူ တစ်ပါးတို့၏ စိတ်အလိုသို့-လိုက်နာ-ဆောင် ရွက်-ခြင်း။
210945	ပရတီရဝါသိက	paratīravāsika	တစ်	yes	ဖက်ကမ်း-ထိုမှာဘက်ကမ်း-၌ နေလေ့ရှိသော၊ သူ။	တစ် ဖက်ကမ်း-ထိုမှာဘက်ကမ်း-၌ နေလေ့ရှိသော၊ သူ။
210947	ပရတောဃောသ	paratoghosa	(၁) သူ	yes	တစ်ပါးတို့၏-တရား-စကား-သံ၊ သူတစ်ပါး တို့၏ အထံမှဖြစ်သော-တရား-စ	(၁) သူ တစ်ပါးတို့၏-တရား-စကား-သံ၊ သူတစ်ပါး တို့၏ အထံမှဖြစ်သော
210973	ပရဒတ္တူပဇီဝီ	paradattūpajīvī	သူ	yes	တစ်ပါးတို့-ပေးလှူ-စွန့်ကြဲ-အပ်သော ပစ္စည်း ကို အမှီပြု၍ အသက်မ	သူ တစ်ပါးတို့-ပေးလှူ-စွန့်ကြဲ-အပ်သော ပစ္စည်း ကို အမှီပြု၍ အသ
210975	ပရဒါနပကာသန	paradānapakāsana	သူ	yes	တစ်ပါးတို့၏-အလှူ-လှူရာဌာန-ကို-ညွှန်ပြ-ပြောဆို-ခြင်း။	သူ တစ်ပါးတို့၏-အလှူ-လှူရာဌာန-ကို-ညွှန်ပြ-ပြောဆို-ခြင်း။
211005	ပရဒုက္ခပရိဇာနန	paradukkhaparijānana	သူ	yes	တစ်ပါးတို့၏- ဆင်းရဲ-ဒုက္ခ-ကို ပိုင်းခြား၍ သိ ခြင်း။ အထက်ပုဒ်	သူ တစ်ပါးတို့၏- ဆင်းရဲ-ဒုက္ခ-ကို ပိုင်းခြား၍ သိ ခြင်း။ အထက်ပ
211025	ပရနိကာယိက	paranikāyika	တစ်	yes	ပါးသော- နိကာယ်- ဂိုဏ်း-၌ ဖြစ်သော၊ သူ။	တစ် ပါးသော- နိကာယ်- ဂိုဏ်း-၌ ဖြစ်သော၊ သူ။
211040	ပရနိမ္မိတဝသဝတ္တီ	paranimmitavasavattī	ပရ-	yes	နိမ္မိတဝသဝတ္တီနတ်တို့၏ နေရာဘုံ၊ ပရ-နိမ္မိတဝသဝတ္တီနတ်-ဘုံ-ပြည	ပရ-နိမ္မိတဝသဝတ္တီနတ်တို့၏ နေရာဘုံ၊ ပရ-နိမ္မိတဝသဝတ္တီနတ်-ဘုံ-
211044	ပရနေယျဗုဒ္ဓိက	paraneyyabuddhika	သူ	yes	တစ်ပါးသည်- ဆွဲဆောင်-သိစေ- အပ်သော အသိဉာဏ်ရှိသော၊ သူ။	သူ တစ်ပါးသည်- ဆွဲဆောင်-သိစေ- အပ်သော အသိဉာဏ်ရှိသော၊ သူ။
211089	ပရပရိဂ္ဂဟိတဝတ္ထု	parapariggahitavatthu	သူ	yes	တစ်ပါးတို့သည်-သိမ်းပိုက်-သိမ်းဆည်း-အပ် သော-ပစ္စည်း-ဝတ္ထု။	သူ တစ်ပါးတို့သည်-သိမ်းပိုက်-သိမ်းဆည်း-အပ် သော-ပစ္စည်း-ဝတ္ထု။
211115	ပရပီဠာနိဝတ္တိဝစန	parapīl̤ānivattivacana	သူ	yes	တစ်ပါးတို့ကို-ညှဥ်းဆဲ-နှိပ်စက်-ခြင်းမှ-ဆုတ် နစ်-ရှောင်ကြဥ် -	သူ တစ်ပါးတို့ကို-ညှဥ်းဆဲ-နှိပ်စက်-ခြင်းမှ-ဆုတ် နစ်-ရှောင်ကြဥ
211137	ပရပ္ပဝါဒသာသန	parappavādasāsana	သူ	yes	တစ်ပါးတို့၏- အယူ-ဝါဒ-နှင့် ဗုဒ္ဓသာသနာ။	သူ တစ်ပါးတို့၏- အယူ-ဝါဒ-နှင့် ဗုဒ္ဓသာသနာ။
211150	ပရဘဏ္ဍာဘိမုခီ	parabhaṇḍābhimukhī	သူ	yes	တစ်ပါးတို့၏-ပစ္စည်း-ဥစ္စာ-ကို-အာရုံပြု-ရှေး ရှု-ခြင်းရှိသော။	သူ တစ်ပါးတို့၏-ပစ္စည်း-ဥစ္စာ-ကို-အာရုံပြု-ရှေး ရှု-ခြင်းရှိသ
211155	ပရဘဝသညိတ	parabhavasaññita	တစ်	yes	ပါးသောဘဝ-တမလွန်ဘဝ-ဟု-သိမှတ်-ခေါ် ဆို-အပ်သော။	တစ် ပါးသောဘဝ-တမလွန်ဘဝ-ဟု-သိမှတ်-ခေါ် ဆို-အပ်သော။
211171	ပရမအလင်္ကတ	paramaalaṅkata	(၁)	yes	အလွန်အကြူး- အထူး- တန်ဆာဆင်အပ် သော။ (၂) ကောင်းမြတ်သော တန်းဆာတ	(၁) အလွန်အကြူး- အထူး- တန်ဆာဆင်အပ် သော။ (၂) ကောင်းမြတ်သော တန်
211246	ပရမတ္ထဒေသနာ	paramatthadesanā	(၁)	yes	ပရမတ္ထတရားတို့ကို- ဟောပြော-ပြသ- ခြင်း (သဒ္ဒပဗန္ဓ)။ (၂) ပရမတ္	(၁) ပရမတ္ထတရားတို့ကို- ဟောပြော-ပြသ- ခြင်း (သဒ္ဒပဗန္ဓ)။ (၂) ပ
211324	ပရမတ္ထသဘာဝ	paramatthasabhāva	(၁)	yes	ပရမတ္ထတရားတို့၏ - သဘော - လက္ခဏာ။ (တိ) (၂) ပရမတ္ထတရား-သဘော-လက	(၁) ပရမတ္ထတရားတို့၏ - သဘော - လက္ခဏာ။ (တိ) (၂) ပရမတ္ထတရား-သဘေ
211372	ပရမဓမ္မကထိက	paramadhammakathika	ထူး	yes	မြတ်-ထင်ပေါ်-ကျော်ကြား-သော- တရား ဟောပုဂ္ဂိုလ် - ဓမ္မကထိက။	ထူး မြတ်-ထင်ပေါ်-ကျော်ကြား-သော- တရား ဟောပုဂ္ဂိုလ် - ဓမ္မကထိက
211375	ပရမဓိတိန္ဒြိယ	paramadhitindriya	(ခ)	yes	အလွန်- တည်ကြည်- ငြိမ်သက်- မလှုပ်ရှက်-သော ဣန္ဒြေရှိသော၊ သူ။ (	(ခ) အလွန်- တည်ကြည်- ငြိမ်သက်- မလှုပ်ရှက်-သော ဣန္ဒြေရှိသော၊ သ
211379	ပရမနိပစ္စကာရ	paramanipaccakāra	(၁)	yes	အလွန်-နှိမ့်ချ-တုပ်ဝပ်-ရိုသေ-မှုကို ပြုခြင်း။ (တိ) (၂) အလွန်	(၁) အလွန်-နှိမ့်ချ-တုပ်ဝပ်-ရိုသေ-မှုကို ပြုခြင်း။ (တိ) (၂) အ
211396	ပရမပတ္တိပ္ပတ္တ	paramapattippatta	(က)	yes	အမြတ်ဆုံး အဖို့အစု(နိဗ္ဗာန်)သို့ ရောက်သော၊ သူ။ (ခ) မြတ်သော အ	(က) အမြတ်ဆုံး အဖို့အစု(နိဗ္ဗာန်)သို့ ရောက်သော၊ သူ။ (ခ) မြတ်သ
211397	ပရမပတ္တိပတ္တ	paramapattipatta	(က)	yes	အမြတ်ဆုံး အဖို့အစု(နိဗ္ဗာန်)သို့ ရောက်သော၊ သူ။ (ခ) မြတ်သော အ	(က) အမြတ်ဆုံး အဖို့အစု(နိဗ္ဗာန်)သို့ ရောက်သော၊ သူ။ (ခ) မြတ်သ
211489	ပရမသလ္လေခဝုတ္တိ	paramasallekhavutti	(၁)	yes	အလွန်- ခေါင်းပါးစေ- ခြိုးခြံ- ခြင်းဟူသော အသက်မွေးခြင်း။ (တိ)	(၁) အလွန်- ခေါင်းပါးစေ- ခြိုးခြံ- ခြင်းဟူသော အသက်မွေးခြင်း။ 
211530	ပရမဿာသပ္ပတ္တ	paramassāsappatta	(က)	yes	အလွန်သက်သာရာ အရဟတ္တဖိုလ်, နိဗ္ဗာန်သို့ ရောက်သော၊ သူ။ (ခ) အလွ	(က) အလွန်သက်သာရာ အရဟတ္တဖိုလ်, နိဗ္ဗာန်သို့ ရောက်သော၊ သူ။ (ခ)
211603	ပရမ္ပရဘောဇန	paramparabhojana	(၁)	yes	ပရမ္ပရဘောဇဥ်၊ နောက်နောက် ဖိတ်သောသူ ၏ ဘောဇဥ်၊ နောက်နောက်၌ ဖိတ	(၁) ပရမ္ပရဘောဇဥ်၊ နောက်နောက် ဖိတ်သောသူ ၏ ဘောဇဥ်၊ နောက်နောက်၌
211667	ပရလောကဂမန	paralokagamana	(၁)	yes	တမလွန်လောက- နောက်ဘဝသို့- သွား-ပရလောကတ္တိက ရောက်-ခြင်း။ (တိ) 	(၁) တမလွန်လောက- နောက်ဘဝသို့- သွား-ပရလောကတ္တိက ရောက်-ခြင်း။ (
211673	ပရလောကတ္ထ	paralokattha	(၁)	yes	တမလွန်လောက- နောက်ဘဝ- ဟူသော အကျိုး။ (၂) တမလွန်လောက-နောက်ဘဝ-၌ဖ	(၁) တမလွန်လောက- နောက်ဘဝ- ဟူသော အကျိုး။ (၂) တမလွန်လောက-နောက်ဘ
211675	ပရလောကနိဗ္ဗာန	paralokanibbāna	တမ	yes	လွန်လောက-နောက်ဘဝ-နှင့် နိဗ္ဗာန်။	တမ လွန်လောက-နောက်ဘဝ-နှင့် နိဗ္ဗာန်။
211678	ပရလောကပတ္တ	paralokapatta	တမ	yes	လွန်လောက-နောက်ဘဝ-သို့ ရောက်သော၊ သူ။	တမ လွန်လောက-နောက်ဘဝ-သို့ ရောက်သော၊ သူ။
211684	ပရလောကဝိဇယ	paralokavijaya	တမ	yes	လွန်လောက- နောက်ဘဝ- ကို- အောင်နိုင်-လွှမ်းမိုး-ခြင်း။	တမ လွန်လောက- နောက်ဘဝ- ကို- အောင်နိုင်-လွှမ်းမိုး-ခြင်း။
211691	ပရလောကသမ္ပတ္တိဟေတုဘူတဟိတ	paralokasampattihetubhūtahita	တမ	yes	လွန်လောက၌-ပြည့်စုံမှု-စည်းစိမ်-ချမ်းသာ-၏ အကြောင်းဖြစ်သော- ကေ	တမ လွန်လောက၌-ပြည့်စုံမှု-စည်းစိမ်-ချမ်းသာ-၏ အကြောင်းဖြစ်သော-
211703	ပရဝတ္ထုပရာမာသ	paravatthuparāmāsa	သူ	yes	တစ်ပါး၏-ပစ္စည်း-ဥစ္စာ၌- မှားယွင်း-ဖောက် ပြန်-သောစွာ-သုံးသပ်-	သူ တစ်ပါး၏-ပစ္စည်း-ဥစ္စာ၌- မှားယွင်း-ဖောက် ပြန်-သောစွာ-သုံးသ
211712	ပရဝသတာဇနန	paravasatājanana	သူ	yes	တစ်ပါး၏ အလိုသို့ လိုက်ရသည်၏အဖြစ်ကို ဖြစ်စေခြင်း။	သူ တစ်ပါး၏ အလိုသို့ လိုက်ရသည်၏အဖြစ်ကို ဖြစ်စေခြင်း။
211759	ပရဝိတ္တူပကရဏ	paravittūpakaraṇa	သူ	yes	တစ်ပါး၏- နှစ်သက်- ဝမ်းမြောက်- ခြင်း၏ အကြောင်းဖြစ်သော-နှစ်သက်	သူ တစ်ပါး၏- နှစ်သက်- ဝမ်းမြောက်- ခြင်း၏ အကြောင်းဖြစ်သော-နှစ်
211762	ပရဝီရိယဃာတီ	paravīriyaghātī	သူ	yes	တစ်ပါးတို့၏- လုံ့လ-ဝီရိယ- ကြိုးစား-အား ထုတ်- မှု-ကို ဖျက်ဆီး	သူ တစ်ပါးတို့၏- လုံ့လ-ဝီရိယ- ကြိုးစား-အား ထုတ်- မှု-ကို ဖျက်
211769	ပရဝိသံဝါဒနဝစန	paravisaṁvādanavacana	သူ	yes	တစ်ပါးတို့ကို- ချွတ်ယွင်း-လွဲမှား- စေတတ် သော စကား။	သူ တစ်ပါးတို့ကို- ချွတ်ယွင်း-လွဲမှား- စေတတ် သော စကား။
211776	ပရဝိဟေဌနစ္ဆန္ဒ	paraviheṭhanacchanda	သူ	yes	တစ်ပါးကို-ညှဥ်းဆဲ-နှိပ်စက်-ခြင်း၌ဖြစ်သော-အလို-ဆန္ဒ။	သူ တစ်ပါးကို-ညှဥ်းဆဲ-နှိပ်စက်-ခြင်း၌ဖြစ်သော-အလို-ဆန္ဒ။
211777	ပရဝိဟေဌနဆန္ဒ	paraviheṭhanachanda	သူ	yes	တစ်ပါးကို-ညှဥ်းဆဲ-နှိပ်စက်-ခြင်း၌ဖြစ်သော-အလို-ဆန္ဒ။	သူ တစ်ပါးကို-ညှဥ်းဆဲ-နှိပ်စက်-ခြင်း၌ဖြစ်သော-အလို-ဆန္ဒ။
211781	ပရဝေတနဘတ	paravetanabhata	သူ	yes	တစ်ပါး၏-အခ-လုပ်အားခ-ဖြင့်-အသက်မွေး သူ၊ အလုပ်သမား၊ သူရင်းငှား	သူ တစ်ပါး၏-အခ-လုပ်အားခ-ဖြင့်-အသက်မွေး သူ၊ အလုပ်သမား၊ သူရင်းင
211785	ပရသံဟရဏ	parasaṁharaṇa	သူ	yes	တစ်ပါး၏-ပစ္စည်းဥစ္စာကို-ဆောင်ယူ-ခိုးဝှက်-ခြင်း။ “ပရသံဟရဏံ”တိ	သူ တစ်ပါး၏-ပစ္စည်းဥစ္စာကို-ဆောင်ယူ-ခိုးဝှက်-ခြင်း။ “ပရသံဟရဏံ
211793	ပရသတ္တရောဓက	parasattarodhaka	တစ်	yes	ပါးသော သတ္တဝါကို-ချုပ်ချယ်-ညှဥ်းဆဲ-နှိပ် စက်-တတ်သော၊ သူ။	တစ် ပါးသော သတ္တဝါကို-ချုပ်ချယ်-ညှဥ်းဆဲ-နှိပ် စက်-တတ်သော၊ သူ။
211795	ပရသတ္တဝိဟိံသန	parasattavihiṁsana	တစ်	yes	ပါးသော သတ္တဝါကို-ညှဥ်းဆဲ- နှိပ်စက်-ခြင်း။	တစ် ပါးသော သတ္တဝါကို-ညှဥ်းဆဲ- နှိပ်စက်-ခြင်း။
211803	ပရသန္တကဂ္ဂဟဏ	parasantakaggahaṇa	(၁)	yes	သူတစ်ပါး၏-ဥစ္စာ-ပစ္စည်း-ကို ခိုးယူခြင်း။ (တိ) (၂) သူတစ်ပါး၏-	(၁) သူတစ်ပါး၏-ဥစ္စာ-ပစ္စည်း-ကို ခိုးယူခြင်း။ (တိ) (၂) သူတစ်ပ
211812	ပရသန္တကဟရဏ	parasantakaharaṇa	သူ	yes	တစ်ပါး၏- ဥစ္စာ-ပစ္စည်း-ကို- ဆောင်ယူ- ခိုး ဝှက်-ခြင်း။	သူ တစ်ပါး၏- ဥစ္စာ-ပစ္စည်း-ကို- ဆောင်ယူ- ခိုး ဝှက်-ခြင်း။
211817	ပရသန္တတိပတိတ	parasantatipatita	သူ	yes	တစ်ပါးတို့၏ ခန္ဓာအစဥ်၌ ကျရောက်သော။ “အတ္တာ” “လော-ကော”။	သူ တစ်ပါးတို့၏ ခန္ဓာအစဥ်၌ ကျရောက်သော။ “အတ္တာ” “လော-ကော”။
211821	ပရသန္တာနပတိတ	parasantānapatita	သူ	yes	တစ်ပါး၏-သန္တာန်-ခန္ဓာကိုယ်-၌ ကျရောက် သော။	သူ တစ်ပါး၏-သန္တာန်-ခန္ဓာကိုယ်-၌ ကျရောက် သော။
211825	ပရသမယဝိဝဇ္ဇန	parasamayavivajjana	သူ	yes	ပရသမုဒ္ဒဝါသီ တစ်ပါးတို့၏-အယူ-ဝါဒ-ကို-ကြဥ်ဖယ်-ရှောင် ကွင်း-ခြ	သူ ပရသမုဒ္ဒဝါသီ တစ်ပါးတို့၏-အယူ-ဝါဒ-ကို-ကြဥ်ဖယ်-ရှောင် ကွင်း
211903	ပရာပကာရနိမိတ္တ	parāpakāranimitta	သူ	yes	တစ်ပါးတို့၏- ပြစ်မှား- ကျူးလွန်- ခြင်းဟူ သော-အကြောင်းရှိ-အကြ	သူ တစ်ပါးတို့၏- ပြစ်မှား- ကျူးလွန်- ခြင်းဟူ သော-အကြောင်းရှိ-
211907	ပရာပရာဓခမိတ	parāparādhakhamita	သူ	yes	တစ်ပါးတို့၏-ပြစ်မှား-လွန်ကျူး-မှုကို သည်း ခံတတ်သော၊ သူ။	သူ တစ်ပါးတို့၏-ပြစ်မှား-လွန်ကျူး-မှုကို သည်း ခံတတ်သော၊ သူ။
211908	ပရာပရာဓနိဗ္ဗတ္တ	parāparādhanibbatta	သူ	yes	တစ်ပါးတို့၏-ပြစ်မှား-လွန်ကျူး- မှုကြောင့် ဖြစ်သော။	သူ တစ်ပါးတို့၏-ပြစ်မှား-လွန်ကျူး- မှုကြောင့် ဖြစ်သော။
211992	ပရိကဍ္ဎိယမာန	parikaḍḍhiyamāna	ထက်	yes	ဝန်းကျင် - ထိုမှ ဤမှ - ဆွဲငင်အပ်သော။ အောက်ပုဒ်ကြည့်။	ထက် ဝန်းကျင် - ထိုမှ ဤမှ - ဆွဲငင်အပ်သော။ အောက်ပုဒ်ကြည့်။
212000	ပရိကန္တနကာလ	parikantanakāla	ထက်	yes	ဝန်းကျင်မှ- လှီး-ဖြတ်-ဖောက်-ခွဲ-ရာ အခါ။ အထက်ပုဒ်ကြည့်။	ထက် ဝန်းကျင်မှ- လှီး-ဖြတ်-ဖောက်-ခွဲ-ရာ အခါ။ အထက်ပုဒ်ကြည့်။
212001	ပရိကန္တနဟေတု	parikantanahetu	ထက်	yes	ဝန်းကျင်မှ-လှီး-ဖြတ်-ဖောက်-ခွဲ-ခြင်းဟူသော အကြောင်း။ ပရိကန္တန	ထက် ဝန်းကျင်မှ-လှီး-ဖြတ်-ဖောက်-ခွဲ-ခြင်းဟူသော အကြောင်း။ ပရိက
212009	ပရိကပ္ပကိရိယာ	parikappakiriyā	ကြံ	yes	စည်-တွေးဆ-စဥ်းစား-အောက်မေ့-မှတ်ထင်-ခြင်း ကြိယာ။ အောက်ပုဒ်-ကြ	ကြံ စည်-တွေးဆ-စဥ်းစား-အောက်မေ့-မှတ်ထင်-ခြင်း ကြိယာ။ အောက်ပုဒ
212017	ပရိကပ္ပနဝိသယ	parikappanavisaya	ကြံ	yes	စည်- တွေးဆ- စဥ်းစား- ဆင်ခြင်- ခြင်းလျှင် အရာရှိသော။ အဿထာတိ သ	ကြံ စည်- တွေးဆ- စဥ်းစား- ဆင်ခြင်- ခြင်းလျှင် အရာရှိသော။ အဿထာ
212018	ပရိကပ္ပနာပဝတ္တိ	parikappanāpavatti	ကြံ	yes	စည်-တွေးဆ-စဥ်းစား-ဆင်ခြင်-သောအားဖြင့် ဖြစ်ခြင်း။	ကြံ စည်-တွေးဆ-စဥ်းစား-ဆင်ခြင်-သောအားဖြင့် ဖြစ်ခြင်း။
212022	ပရိကပ္ပမတ္တသိဒ္ဓ	parikappamattasiddha	ကြံ	yes	စည်-တွေးဆ-စဥ်းစား-ဆင်ခြင်-ခြင်းမျှဖြင့် ပြီး သော။	ကြံ စည်-တွေးဆ-စဥ်းစား-ဆင်ခြင်-ခြင်းမျှဖြင့် ပြီး သော။
212029	ပရိကပ္ပါဝဟာရ	parikappāvahāra	ကြံ	yes	စည်-တွေးဆ-စဥ်းစား-ဆင်ခြင်-ခြင်းဖြင့် ခိုး ခြင်း၊ ကြံစည်-တွေး	ကြံ စည်-တွေးဆ-စဥ်းစား-ဆင်ခြင်-ခြင်းဖြင့် ခိုး ခြင်း၊ ကြံစည်-
212045	ပရိကပ္ပိတပ္ပဒေသ	parikappitappadesa	ကြံ	yes	စည်-တွေးဆ-အပ်သောအရပ်။ ပရိကပ္ပိတ-ဋ္ဌာန-ကြည့်။	ကြံ စည်-တွေးဆ-အပ်သောအရပ်။ ပရိကပ္ပိတ-ဋ္ဌာန-ကြည့်။
212047	ပရိကပ္ပိတဘေဒ	parikappitabheda	ကြံ	yes	စည်-တွေးဆ-အပ်သော-အထူး-အပြား၊ (ကွဲ ပြား-ခြားနား-ခြင်း)။	ကြံ စည်-တွေးဆ-အပ်သော-အထူး-အပြား၊ (ကွဲ ပြား-ခြားနား-ခြင်း)။
212054	ပရိကပ္ပီယတိ	parikappīyati	ကြံ	yes	စည်-တွေးဆ-စဥ်းစား-ဆင်ခြင်-အပ်၏။ “အတ္တာ”။	ကြံ စည်-တွေးဆ-စဥ်းစား-ဆင်ခြင်-အပ်၏။ “အတ္တာ”။
212056	ပရိကပ္ပေတဗ္ဗ	parikappetabba	ကြံ	yes	စည်-တွေးဆ-စဥ်းစား-ဆင်ခြင်- အပ်-သင့်-ထိုက်-သော။ “ကဿစီ”။	ကြံ စည်-တွေးဆ-စဥ်းစား-ဆင်ခြင်- အပ်-သင့်-ထိုက်-သော။ “ကဿစီ”။
212060	ပရိကပ္ပေတွာ	parikappetvā	ကြံ	yes	စည်-တွေးဆ-စဥ်းစား-ဆင်ခြင်-၍။ ပရိကမ္မ၁	ကြံ စည်-တွေးဆ-စဥ်းစား-ဆင်ခြင်-၍။ ပရိကမ္မ၁
212063	ပရိကပ္ပေယျ	parikappeyya	ကြံ	yes	စည်-တွေးဆ-စဥ်းစား-ဆင်ခြင်-ရာ၏။	ကြံ စည်-တွေးဆ-စဥ်းစား-ဆင်ခြင်-ရာ၏။
212064	ပရိကပ္ပေယျုံ	parikappeyyuṁ	ကြံ	yes	စည်-တွေးဆ-စဥ်းစား-ဆင်ခြင်-ကုန်ရာ၏။	ကြံ စည်-တွေးဆ-စဥ်းစား-ဆင်ခြင်-ကုန်ရာ၏။
212075	ပရိကမ္မကရဏ	parikammakaraṇa	(၁)	yes	ပရိကံကို ပြုခြင်း။ (တိ) (၂) ပရိကံကို ပြုရာ (အခါ)။ (၂) အောက်ပ	(၁) ပရိကံကို ပြုခြင်း။ (တိ) (၂) ပရိကံကို ပြုရာ (အခါ)။ (၂) အေ
212097	ပရိကမ္မဘာဝနာ	parikammabhāvanā	(က)	yes	(အပ္ပနာကို) ပြု - စီရင် - ဖြစ်စေ - တတ်သော ဘာဝနာ။ (ခ)ရှေးဦး-အ	(က) (အပ္ပနာကို) ပြု - စီရင် - ဖြစ်စေ - တတ်သော ဘာဝနာ။ (ခ)ရှေး
212144	ပရိကရဗန္ဓနဋ္ဌာန	parikarabandhanaṭṭhāna	ခါး	yes	စည်းကြိုးကို-တုပ်နှောင်-ချည်တည်း-ဖွဲ့စည်း-ရာ အရပ်။	ခါး စည်းကြိုးကို-တုပ်နှောင်-ချည်တည်း-ဖွဲ့စည်း-ရာ အရပ်။
212163	ပရိကိရေယျုံ	parikireyyuṁ	(၁)	yes	ပစ်ဖောက်ကုန်ရာ၏။ (၂) ခြံရံကုန်ရာ၏၊ ဝန်း ရံ-ဝိုင်းအုံ-ကုန်ရာ၏	(၁) ပစ်ဖောက်ကုန်ရာ၏။ (၂) ခြံရံကုန်ရာ၏၊ ဝန်း ရံ-ဝိုင်းအုံ-ကုန
212167	ပရိကိလိဿန	parikilissana	ထက်	yes	ဝန်းကျင်-ပူပန်-ပူလောင်-ခြင်း။	ထက် ဝန်းကျင်-ပူပန်-ပူလောင်-ခြင်း။
212190	ပရိက္ကမမာန	parikkamamāna	ထက်	yes	ဝန်း ကျင်-လှည့်လည်-သွားလာ-သော၊ သူ။	ထက် ဝန်း ကျင်-လှည့်လည်-သွားလာ-သော၊ သူ။
212197	ပရိက္ခတ	parikkhata	(၁)	yes	ထက်ဝန်းကျင်-ခြံရံ-သိုင်းဝိုင်း-အပ်သော။ (၂) ထက်ဝန်းကျင်- ပြုပ	(၁) ထက်ဝန်းကျင်-ခြံရံ-သိုင်းဝိုင်း-အပ်သော။ (၂) ထက်ဝန်းကျင်- 
212205	ပရိက္ခရဏဝိသိဋ္ဌ	parikkharaṇavisiṭṭha	ထက်	yes	ဝန်းကျင်မှ-ပြုပြင်-စီရင်-ခြင်းဖြင့် အထူးပြုအပ် သော(တရား)။	ထက် ဝန်းကျင်မှ-ပြုပြင်-စီရင်-ခြင်းဖြင့် အထူးပြုအပ် သော(တရား)
212324	ပရိက္ခေပပါကာရ	parikkhepapākāra	အကာ	yes	အရံတံတိုင်း။	အကာ အရံတံတိုင်း။
212327	ပရိက္ခေပဗ္ဘန္တရ	parikkhepabbhantara	(၁)	yes	အကာအရံ၏ အတွင်း။ (၂) အခွေ-အပတ်-၏ အတွင်း။	(၁) အကာအရံ၏ အတွင်း။ (၂) အခွေ-အပတ်-၏ အတွင်း။
212329	ပရိက္ခေပသင်္ချာ	parikkhepasaṅkhyā	အကာ	yes	အရံဟူသော အရေအတွက်။	အကာ အရံဟူသော အရေအတွက်။
212342	ပရိဂဏေတွာ	parigaṇetvā	(၁)	yes	ရေတွက်၍။ (၂) နှုိင်းယှဥ်၍၊ ဝေဖန်၍။	(၁) ရေတွက်၍။ (၂) နှုိင်းယှဥ်၍၊ ဝေဖန်၍။
212344	ပရိဂယှတိ	parigayhati	ထက်	yes	ဝန်းကျင်မှ-ယူ-သိမ်းဆည်း-အပ်၏။	ထက် ဝန်းကျင်မှ-ယူ-သိမ်းဆည်း-အပ်၏။
212360	ပရိဂေါပိယ	parigopiya	ထက်	yes	ဝန်းကျင် လုံခြုံအောင်စောင့်ရှောက်၍။	ထက် ဝန်းကျင် လုံခြုံအောင်စောင့်ရှောက်၍။
212377	ပရိဂ္ဂဏှာမိ	pariggaṇhāmi	(၁) စူး	yes	စမ်း-ဆင်ခြင်-၏။ (၂) ကိုင်တွယ်-သုံးသပ်-၏။ ပရိဂ္ဂဏှာတိ-ကြည့်။	(၁) စူး စမ်း-ဆင်ခြင်-၏။ (၂) ကိုင်တွယ်-သုံးသပ်-၏။ ပရိဂ္ဂဏှာတိ
212380	ပရိဂ္ဂဏှိတဗ္ဗ	pariggaṇhitabba	(၁)	yes	(ဉာဏ်ဖြင့်) သိမ်းဆည်းအပ်သော၊ စူးစမ်း-ဆင်ခြင်-အပ်သော။ (၂) သိမ	(၁) (ဉာဏ်ဖြင့်) သိမ်းဆည်းအပ်သော၊ စူးစမ်း-ဆင်ခြင်-အပ်သော။ (၂)
212383	ပရိဂ္ဂဏှိတွာ	pariggaṇhitvā	(၁)	yes	သိမ်းဆည်း၍။ (က)ဉာဏ်ဖြင့် ပိုင်းခြားယူ၍။ (ခ) စူးစမ်း-ဆင်ခြင်-	(၁) သိမ်းဆည်း၍။ (က)ဉာဏ်ဖြင့် ပိုင်းခြားယူ၍။ (ခ) စူးစမ်း-ဆင်ခ
212392	ပရိဂ္ဂယှ	pariggayha	(၁)	yes	သိမ်းဆည်း၍၊ စူးစမ်း-ဆင်ခြင်-၍။ (၂) သိမ်း ပိုက်၍။ (၃) ပွေ့ပို	(၁) သိမ်းဆည်း၍၊ စူးစမ်း-ဆင်ခြင်-၍။ (၂) သိမ်း ပိုက်၍။ (၃) ပွေ
212394	ပရိဂ္ဂယှန္တိ	pariggayhanti	(၁)	yes	သိမ်းဆည်းအပ်ကုန်၏။ (၂) သိမ်းယူအပ်ကုန် ၏။ (၃) ပေါင်းယူအပ်ကုန်	(၁) သိမ်းဆည်းအပ်ကုန်၏။ (၂) သိမ်းယူအပ်ကုန် ၏။ (၃) ပေါင်းယူအပ်
212395	ပရိဂ္ဂယှမာန	pariggayhamāna	(၁) ပညာ	yes	ဖြင့် ကြံဆ၍ယူအပ်သော။ (၂) ပေါင်းယူအပ် သော။ (၃) ရေတွက်တိုင်းတာ	(၁) ပညာ ဖြင့် ကြံဆ၍ယူအပ်သော။ (၂) ပေါင်းယူအပ် သော။ (၃) ရေတွက်
212465	ပရိဂ္ဂါဟကပုဂ္ဂလ	pariggāhakapuggala	လက်	yes	ခံ-သိမ်းပိုက်-တတ်သော ပုဂ္ဂိုလ်။	လက် ခံ-သိမ်းပိုက်-တတ်သော ပုဂ္ဂိုလ်။
212524	ပရိစရေယျာထ	paricareyyātha	(က)	yes	ဆည်းကပ်-ခစား-ပြုစု-လုပ်ကျွေး-ကုန်ရာ၏။ (ခ) လှည့်လည်-ကျက်စား-က	(က) ဆည်းကပ်-ခစား-ပြုစု-လုပ်ကျွေး-ကုန်ရာ၏။ (ခ) လှည့်လည်-ကျက်စ
212542	ပရိစာရယန္တိ	paricārayanti	(၁)	yes	(အာရုံတို့၌ ဣန္ဒြေတို့ကို) ဖြစ်ပွားစေကုန်၏၊ စံစား- ရွှင်ပျော	(၁) (အာရုံတို့၌ ဣန္ဒြေတို့ကို) ဖြစ်ပွားစေကုန်၏၊ စံစား- ရွှင်
212544	ပရိစာရယမာန	paricārayamāna	(၁)	yes	ပြုစု-လုပ်ကျွေး- တတ်သော၊ သူ။ (ဏယ-ပစ္စည်း ရုဠှီကာရိတ်)။ (၂) ပ	(၁) ပြုစု-လုပ်ကျွေး- တတ်သော၊ သူ။ (ဏယ-ပစ္စည်း ရုဠှီကာရိတ်)။ (
212548	ပရိစာရိံ	paricāriṁ	(၁)	yes	(အာရုံတို့၌ ဣန္ဒြေတို့ကို) ဖြစ်ပွားစေပြီ။ (၂) စံစား-ရွှင်ပျေ	(၁) (အာရုံတို့၌ ဣန္ဒြေတို့ကို) ဖြစ်ပွားစေပြီ။ (၂) စံစား-ရွှင
212568	ပရိစာရေတိ	paricāreti	(၁)	yes	(အာရုံတို့၌ ဣန္ဒြေတို့ကို) ဖြစ်ပွားစေ၏။ (၂) ပရိစာရေတိ၂ စံစား	(၁) (အာရုံတို့၌ ဣန္ဒြေတို့ကို) ဖြစ်ပွားစေ၏။ (၂) ပရိစာရေတိ၂ စ
212570	ပရိစာရေန္တ	paricārenta	(၁)	yes	(အာရုံတို့၌ ဣန္ဒြေတို့ကို) ဖြစ်ပွားစေတတ် သော။ (၂) စံစား-ရွှင	(၁) (အာရုံတို့၌ ဣန္ဒြေတို့ကို) ဖြစ်ပွားစေတတ် သော။ (၂) စံစား-
212572	ပရိစာရေန္တိ	paricārenti	(၁)	yes	(အာရုံတို့၌ ဣန္ဒြေတို့ကို) ဖြစ်ပွားစေကုန်၏။ (၂) စံစား-ရွှင်ပ	(၁) (အာရုံတို့၌ ဣန္ဒြေတို့ကို) ဖြစ်ပွားစေကုန်၏။ (၂) စံစား-ရွ
212574	ပရိစာရေမိ	paricāremi	(၁)	yes	(အာရုံတို့၌ ဣန္ဒြေတို့ကို) ဖြစ်ပွားစေ၏။ (၂) စံစား-ရွှင်ပျော်	(၁) (အာရုံတို့၌ ဣန္ဒြေတို့ကို) ဖြစ်ပွားစေ၏။ (၂) စံစား-ရွှင်ပ
212575	ပရိစာရေယျ	paricāreyya	(၁)	yes	(အာရုံတို့၌ ဣန္ဒြေတို့ကို) ဖြစ်ပွားစေရာ၏။ (၂) စံစား-ရွှင်ပျေ	(၁) (အာရုံတို့၌ ဣန္ဒြေတို့ကို) ဖြစ်ပွားစေရာ၏။ (၂) စံစား-ရွှင
212578	ပရိစာရေသိံ	paricāresiṁ	(၁)	yes	(အာရုံတို့၌ ဣန္ဒြေတို့ကို) ဖြစ်ပွားစေပြီ။ (၂) စမ္ပယ်-ရွှင်ပျ	(၁) (အာရုံတို့၌ ဣန္ဒြေတို့ကို) ဖြစ်ပွားစေပြီ။ (၂) စမ္ပယ်-ရွှ
212580	ပရိစာရေသိ	paricāresi	(၁)	yes	(အာရုံတို့၌ ဣန္ဒြေတို့ကို) ဖြစ်ပွားစေ၏။ (၂) စံစား-ရွှင်ပျော်	(၁) (အာရုံတို့၌ ဣန္ဒြေတို့ကို) ဖြစ်ပွားစေ၏။ (၂) စံစား-ရွှင်ပ
212581	ပရိစာရေသုံ	paricāresuṁ	(၁)	yes	(အာရုံတို့၌ ဣန္ဒြေတို့ကို) ဖြစ်ပွားစေကုန်ပြီ။ (၂) စံစား-ရွှင	(၁) (အာရုံတို့၌ ဣန္ဒြေတို့ကို) ဖြစ်ပွားစေကုန်ပြီ။ (၂) စံစား-
212586	ပရိစာရေဟိ	paricārehi	(၁)	yes	(အာရုံတို့၌ ဣန္ဒြေတို့ကို) ဖြစ်ပွားစေလော့။ (၂) စံစား-ရွှင်ပျ	(၁) (အာရုံတို့၌ ဣန္ဒြေတို့ကို) ဖြစ်ပွားစေလော့။ (၂) စံစား-ရွှ
212606	ပရိစိတသယန	paricitasayana	လေ့	yes	လာ-လေ့ကျက်-ပြုမူလေ့ရှိ-သော-လျောင်း-အိပ်-ခြင်းရှိသော(ဂောဓိကမထ	လေ့ လာ-လေ့ကျက်-ပြုမူလေ့ရှိ-သော-လျောင်း-အိပ်-ခြင်းရှိသော(ဂောဓ
212684	ပရိစ္စတ္တသမ္မောသ	pariccattasammosa	(၁)	yes	စွန့်ပယ်အပ်သော မေ့လျော့ခြင်း။ (တိ) (၂) စွန့်ပယ်အပ်သော မေ့လျေ	(၁) စွန့်ပယ်အပ်သော မေ့လျော့ခြင်း။ (တိ) (၂) စွန့်ပယ်အပ်သော မေ
212700	ပရိစ္စာဂပဋိဿဂ္ဂ	pariccāgapaṭissagga	(၁)	yes	စွန့်ပယ်တတ်သောတရားဟူသော- စွန့်ပစ်-စေလွှတ်-တတ်သောတရား၊ (၂) စွ	(၁) စွန့်ပယ်တတ်သောတရားဟူသော- စွန့်ပစ်-စေလွှတ်-တတ်သောတရား၊ (၂
212835	ပရိစ္ဆေဒကရဏ	paricchedakaraṇa	(၁)	yes	အပိုင်းအခြားကို ပြုခြင်း။ (တိ) (၂) အပိုင်း အခြားကို ပြုတတ်သေ	(၁) အပိုင်းအခြားကို ပြုခြင်း။ (တိ) (၂) အပိုင်း အခြားကို ပြုတ
213077	ပရိဍယှမာနစိတ္တ	pariḍayhamānacitta	ထက်	yes	ဝန်းကျင် လောင်ကျွမ်းသော စိတ်ရှိသော။	ထက် ဝန်းကျင် လောင်ကျွမ်းသော စိတ်ရှိသော။
213083	ပရိဏတ	pariṇata	(၁)	yes	(ကိုယ်, နှုတ်တို့ဖြင့်) ညွတ်- ကိုင်း- ရှုိင်း- ပြီး သော။ (၂)	(၁) (ကိုယ်, နှုတ်တို့ဖြင့်) ညွတ်- ကိုင်း- ရှုိင်း- ပြီး သော။
213101	ပရိဏမတိ	pariṇamati	(၁) သက်	yes	ရောက်-တည်ရှိ-၏။ (၂) ရင့်ကျက်၏၊ ရင့် ကျက်ခြင်းသို့ ရောက်၏။ (၃	(၁) သက် ရောက်-တည်ရှိ-၏။ (၂) ရင့်ကျက်၏၊ ရင့် ကျက်ခြင်းသို့ ရေ
213130	ပရိဏာမေတဗ္ဗ	pariṇāmetabba	(၁)	yes	ညွတ်စေအပ်သော။ (၂)ဖောက်ပြန်-ပြောင်း လွဲ-စေအပ်သော။	(၁) ညွတ်စေအပ်သော။ (၂)ဖောက်ပြန်-ပြောင်း လွဲ-စေအပ်သော။
213132	ပရိဏာမေတိ	pariṇāmeti	(၁)	yes	ညွတ်စေ၏၊ ဆောင်၏။ (၂) ဖောက်ပြန်-ပြောင်းလွဲ-စေ၏။ (၃) မြဲစေ၏၊ ပ	(၁) ညွတ်စေ၏၊ ဆောင်၏။ (၂) ဖောက်ပြန်-ပြောင်းလွဲ-စေ၏။ (၃) မြဲစေ
213155	ပရိဏာယိကာ	pariṇāyikā	(က)	yes	ဦးစီး-ဦးဆောင် - အကြီးအမှူးဖြစ် -။ (ခ) ဦးစီး-ဦးဆောင်-စီမံခန့်	(က) ဦးစီး-ဦးဆောင် - အကြီးအမှူးဖြစ် -။ (ခ) ဦးစီး-ဦးဆောင်-စီမံ
213171	ပရိတဿန	paritassana	(၁) တပ်	yes	မက်-တောင့်တ-စွဲလန်း-ခြင်း။ (၂) ထိတ်လန့်-ကြောက်ရွံ့-ပူပန်-ခြင	(၁) တပ် မက်-တောင့်တ-စွဲလန်း-ခြင်း။ (၂) ထိတ်လန့်-ကြောက်ရွံ့-ပ
213184	ပရိတဿိတဗ္ဗ	paritassitabba	တပ်	yes	မက်- တောင့်တ- အပ်-သင့်-ထိုက်- သော။	တပ် မက်- တောင့်တ- အပ်-သင့်-ထိုက်- သော။
213188	ပရိတဿေယျ	paritasseyya	(၁)	yes	တပ်မက်-တောင့်တ-ရာ၏။ (၂) ထိတ်လန့်-ကြောက်ရွံ့-ရာ၏။ ပရိတဿတိ ကြည	(၁) တပ်မက်-တောင့်တ-ရာ၏။ (၂) ထိတ်လန့်-ကြောက်ရွံ့-ရာ၏။ ပရိတဿတိ
213196	ပရိတာပေန္တ	paritāpenta	ထက်	yes	ဝန်းကျင်-ပြင်းစွာ-ပူလောင်-ဆင်းရဲ-စေသော။	ထက် ဝန်းကျင်-ပြင်းစွာ-ပူလောင်-ဆင်းရဲ-စေသော။
213247	ပရိတ္တကမ္မကရဏ	parittakammakaraṇa	တား	yes	ဆီး-ကာကွယ်-စောင့်ရှောက်-မှုကို ပြုခြင်း။ အထက် (၃) ပုဒ်ကြည့်။	တား ဆီး-ကာကွယ်-စောင့်ရှောက်-မှုကို ပြုခြင်း။ အထက် (၃) ပုဒ်ကြ
213259	ပရိတ္တကသိဏုဂ္ဃါဋိမာကာသာရမ္မဏ	parittakasiṇugghāṭimākāsārammaṇa	သေး	yes	ငယ်သော ကသိုဏ်းဝန်းကို ခွာ၍ ရအပ်သော ကောင်းကင်ပညတ်ဟူသော အာရုံရ	သေး ငယ်သော ကသိုဏ်းဝန်းကို ခွာ၍ ရအပ်သော ကောင်းကင်ပညတ်ဟူသော အာ
213303	ပရိတ္တပစ္စုပဋ္ဌာန	parittapaccupaṭṭhāna	ကာ-	yes	မာဝစရတရားဟု ဉာဏ်၌ ရှေးရှူထင်သော။	ကာ-မာဝစရတရားဟု ဉာဏ်၌ ရှေးရှူထင်သော။
213348	ပရိတ္တာဏကရ	parittāṇakara	တား	yes	ဆီး-ကာကွယ်-စောင့်ရှောက်-ခြင်းကို ပြုတတ် သော၊ သူ။	တား ဆီး-ကာကွယ်-စောင့်ရှောက်-ခြင်းကို ပြုတတ် သော၊ သူ။
213359	ပရိတ္တာယိတွာ	parittāyitvā	တား	yes	ဆီး-ကာကွယ်-စောင့်ရှောက်-၍။	တား ဆီး-ကာကွယ်-စောင့်ရှောက်-၍။
213364	ပရိတ္တာလောက	parittāloka	အား	yes	နည်း- သေးငယ်- ကြာရှည်မတည်- သော အလင်း။	အား နည်း- သေးငယ်- ကြာရှည်မတည်- သော အလင်း။
213408	ပရိဒဟိ	paridahi	ဝတ်	yes	ရုံ-ဝတ်ဆင်-ပြီ။ ပရိဒဟတိ၂ ကြည့်။	ဝတ် ရုံ-ဝတ်ဆင်-ပြီ။ ပရိဒဟတိ၂ ကြည့်။
213420	ပရိဒဟေယျာသိ	paridaheyyāsi	ဝတ်	yes	ရုံ-ဝတ်ဆင်-ရာ၏။ ပရိဒဟတိ၂ ကြည့်။	ဝတ် ရုံ-ဝတ်ဆင်-ရာ၏။ ပရိဒဟတိ၂ ကြည့်။
213427	ပရိဒီပယမာန	paridīpayamāna	ထင်	yes	ရှားစွာဖော်ပြတတ်သော။	ထင် ရှားစွာဖော်ပြတတ်သော။
213432	ပရိဒီပိတဓမ္မက္ခန္ဓ	paridīpitadhammakkhandha	ထင်	yes	ရှားစွာ ဖော်ပြအပ်သော-ဓမ္မက္ခန္ဓာ-တရား အစု။	ထင် ရှားစွာ ဖော်ပြအပ်သော-ဓမ္မက္ခန္ဓာ-တရား အစု။
213434	ပရိဒီပိတုံ	paridīpituṁ	ထင်	yes	ရှားစွာ- ဖော်ပြ- သိစေ-ခြင်းငှာ။ အာဒိ။	ထင် ရှားစွာ- ဖော်ပြ- သိစေ-ခြင်းငှာ။ အာဒိ။
213435	ပရိဒီပေတုံ	paridīpetuṁ	ထင်	yes	ရှားစွာ- ဖော်ပြ- သိစေ-ခြင်းငှာ။ အာဒိ။	ထင် ရှားစွာ- ဖော်ပြ- သိစေ-ခြင်းငှာ။ အာဒိ။
213441	ပရိဒီပေဿန္တိ	paridīpessanti	ထင်	yes	ရှားစွာ-ဖော်ပြ-သိစေ-ကုန်လတ္တံ့။ ပရိဒီပေတိ-ကြည့်။	ထင် ရှားစွာ-ဖော်ပြ-သိစေ-ကုန်လတ္တံ့။ ပရိဒီပေတိ-ကြည့်။
213445	ပရိဒေဝကာရဏ	paridevakāraṇa	ငို	yes	ကြေး-မြည်တမ်း-ခြင်း၏ အကြောင်း။	ငို ကြေး-မြည်တမ်း-ခြင်း၏ အကြောင်း။
213451	ပရိဒေဝနကထာ	paridevanakathā	ငို	yes	ကြေး-မြည်တမ်း-အပ်သော စကား။	ငို ကြေး-မြည်တမ်း-အပ်သော စကား။
213454	ပရိဒေဝနဂါထာ	paridevanagāthā	ငို	yes	ကြေး-မြည်တမ်း-အပ်သော ဂာထာ။	ငို ကြေး-မြည်တမ်း-အပ်သော ဂာထာ။
213457	ပရိဒေဝနာကာရ	paridevanākāra	ငို	yes	ကြေး-မြည်တမ်း-သော- အခြင်းအရာ- အမူ အရာ။	ငို ကြေး-မြည်တမ်း-သော- အခြင်းအရာ- အမူ အရာ။
213471	ပရိဒေဝယမာန	paridevayamāna	ငို	yes	ကြေး- မြည်တမ်း- သော၊ သူ။	ငို ကြေး- မြည်တမ်း- သော၊ သူ။
213472	ပရိဒေဝယဝှေါ	paridevayavho	ငို	yes	ကြေး- မြည်တမ်း- ကုန်ပြီ။ ပရိဒေဝယတိ-ကြည့်။	ငို ကြေး- မြည်တမ်း- ကုန်ပြီ။ ပရိဒေဝယတိ-ကြည့်။
213512	ပရိဓောဝတိ	paridhovati	ဆေး	yes	ကြော-သုတ်သင်-၏။	ဆေး ကြော-သုတ်သင်-၏။
213524	ပရိနိဋ္ဌာနကာလ	pariniṭṭhānakāla	ထက်	yes	ဝန်းကျင်-အကြင်းမရှိ-ပြီးဆုံး-ပြီးစီး-ရာအခါ။	ထက် ဝန်းကျင်-အကြင်းမရှိ-ပြီးဆုံး-ပြီးစီး-ရာအခါ။
213526	ပရိနိဋ္ဌာပန	pariniṭṭhāpana	(၁)	yes	ထက်ဝန်းကျင်-ပြီးဆုံး-ပြီးစီး-စေခြင်း။ (တိ)(၂) ထက်ဝန်းကျင်-ပြ	(၁) ထက်ဝန်းကျင်-ပြီးဆုံး-ပြီးစီး-စေခြင်း။ (တိ)(၂) ထက်ဝန်းကျင
213532	ပရိနိဋ္ဌိတဥဒ္ဒေသ	pariniṭṭhitaüddesa	ထက်	yes	ဝန်းကျင်-ပြီးဆုံး-ပြီးစီး-သော ပါဠိသင်ခြင်းရှိ သော၊ ပါဠိသင်ပြ	ထက် ဝန်းကျင်-ပြီးဆုံး-ပြီးစီး-သော ပါဠိသင်ခြင်းရှိ သော၊ ပါဠိသ
213541	ပရိနိဋ္ဌိတလာဘ	pariniṭṭhitalābha	ထက်	yes	ဝန်းကျင်- ပြီးဆုံး-ပြီးစီး- ပြီးသော (သင်္ကန်း) လာဘ်။	ထက် ဝန်းကျင်- ပြီးဆုံး-ပြီးစီး- ပြီးသော (သင်္ကန်း) လာဘ်။
213543	ပရိနိဋ္ဌိတဝီတိက္ကမ	pariniṭṭhitavītikkama	ထက်	yes	ဝန်းကျင်-ပြီးဆုံး-ပြီးစီး-ပြီးသော-လွန်ကျူး-ကျော်နင်း-ခြင်း။ 	ထက် ဝန်းကျင်-ပြီးဆုံး-ပြီးစီး-ပြီးသော-လွန်ကျူး-ကျော်နင်း-ခြင
213546	ပရိနိဋ္ဌိတသာလ	pariniṭṭhitasāla	ထက်	yes	ဝန်းကျင် ဆောက်လုပ်ပြီးစီးသော ဇရပ်။	ထက် ဝန်းကျင် ဆောက်လုပ်ပြီးစီးသော ဇရပ်။
213547	ပရိနိဋ္ဌိတသိက္ခ	pariniṭṭhitasikkha	ထက်	yes	ဝန်းကျင်-ပြီးဆုံး-ပြီးစီး-ပြီးသော ဖြည့်ကျင့်မှုရှိ သော၊ ဖြည့	ထက် ဝန်းကျင်-ပြီးဆုံး-ပြီးစီး-ပြီးသော ဖြည့်ကျင့်မှုရှိ သော၊ 
213558	ပရိနိပ္ဖါဒိတ	parinipphādita	ထက်	yes	ဝန်းကျင်-ပြီးဆုံး-ပြီးစီး-စေအပ်သော။	ထက် ဝန်းကျင်-ပြီးဆုံး-ပြီးစီး-စေအပ်သော။
213566	ပရိနိဗ္ဗာတုကာမ	parinibbātukāma	ပရိ	yes	နိဗ္ဗာန်ပြုခြင်းငှာ အလိုရှိသော၊ သူ။	ပရိ နိဗ္ဗာန်ပြုခြင်းငှာ အလိုရှိသော၊ သူ။
213569	ပရိနိဗ္ဗာနကထာ	parinibbānakathā	ပရိ	yes	နိဗ္ဗာန်နှင့် စပ်၍ မေးမြန်း-ဖြေဆို-အပ်သော စကား။ ကထာဝတ္ထုပါဠိ	ပရိ နိဗ္ဗာန်နှင့် စပ်၍ မေးမြန်း-ဖြေဆို-အပ်သော စကား။ ကထာဝတ္ထု
213570	ပရိနိဗ္ဗာနကာရဏ	parinibbānakāraṇa	(၁)	yes	ငြိမ်း-အေး-စေခြင်း၏အကြောင်း။ (၂) ပရိ နိဗ္ဗာန်-ပြု-ဝင်စံ-ခြင်	(၁) ငြိမ်း-အေး-စေခြင်း၏အကြောင်း။ (၂) ပရိ နိဗ္ဗာန်-ပြု-ဝင်စံ-
213571	ပရိနိဗ္ဗာနကာလ	parinibbānakāla	ပရိ	yes	နိဗ္ဗာန်-ပြု-ဝင်စံ-ရာ အခါ။ (က) ပရိနိဗ္ဗာန် စံခါ နီးသော အခါ။ 	ပရိ နိဗ္ဗာန်-ပြု-ဝင်စံ-ရာ အခါ။ (က) ပရိနိဗ္ဗာန် စံခါ နီးသော အ
213585	ပရိနိဗ္ဗာနဓာတု	parinibbānadhātu	ပရိ	yes	နိဗ္ဗာန်ဝင်စံခြင်း-ငြိမ်းအေးခြင်း-သဘော၊ ပရိ နိဗ္ဗာနဓါတ်။	ပရိ နိဗ္ဗာန်ဝင်စံခြင်း-ငြိမ်းအေးခြင်း-သဘော၊ ပရိ နိဗ္ဗာနဓါတ်။
213587	ပရိနိဗ္ဗာနပညတ္တိ	parinibbānapaññatti	ပရိ	yes	နိဗ္ဗာန်စံခြင်း-ငြိမ်းအေးခြင်း-ကို အပြားအားဖြင့် သိစေတတ်သော 	ပရိ နိဗ္ဗာန်စံခြင်း-ငြိမ်းအေးခြင်း-ကို အပြားအားဖြင့် သိစေတတ်
213589	ပရိနိဗ္ဗာနပရိကမ္မ	parinibbānaparikamma	ပရိ	yes	နိဗ္ဗာန်ဝင်စံခြင်း၏ ပရိကံ၊ ပရိနိဗ္ဗာန်ဝင်စံတော် မမူမီကာလကို 	ပရိ နိဗ္ဗာန်ဝင်စံခြင်း၏ ပရိကံ၊ ပရိနိဗ္ဗာန်ဝင်စံတော် မမူမီကာလ
213590	ပရိနိဗ္ဗာနပရိစ္ဆေဒ	parinibbānapariccheda	ပရိ	yes	ပရိနိဗ္ဗာနမဉ္စ နိဗ္ဗာန်ဝင်စံခြင်း အပိုင်းအခြား၊ ပရိနိဗ္ဗာန်အ	နိဗ္ဗာန်ဝင်စံခြင်း အပိုင်းအခြား၊ ပရိနိဗ္ဗာန်အပိုင်း အခြားကို
213598	ပရိနိဗ္ဗာနသဘာဝ	parinibbānasabhāva	ပရိ	yes	နိဗ္ဗာန်စံဝင်ခြင်း- ခန္ဓာတို့မှ ငြိမ်းအေးခြင်း-သဘောရှိသော။ ပ	ပရိ နိဗ္ဗာန်စံဝင်ခြင်း- ခန္ဓာတို့မှ ငြိမ်းအေးခြင်း-သဘောရှိသေ
213600	ပရိနိဗ္ဗာနသမယ	parinibbānasamaya	ပရိ	yes	နိဗ္ဗာန်စံတော်မူရာအခါ။	ပရိ နိဗ္ဗာန်စံတော်မူရာအခါ။
213624	ပရိနိဗ္ဗာယတု	parinibbāyatu	(က)	yes	ငြိမ်းအေးပါစေ။ (ခ) ပရိနိဗ္ဗာန်ဝင်စံပါလော့။ အထက်ပုဒ်-ကြည့်။	(က) ငြိမ်းအေးပါစေ။ (ခ) ပရိနိဗ္ဗာန်ဝင်စံပါလော့။ အထက်ပုဒ်-ကြည့
213626	ပရိနိဗ္ဗာယန	parinibbāyana	(၁) (က)	yes	ငြိမ်းအေးခြင်း။ (ခ) ပရိနိဗ္ဗာန်ဝင်စံခြင်း။ (တိ) (၂) ပရိနိဗ္ဗ	(၁) (က) ငြိမ်းအေးခြင်း။ (ခ) ပရိနိဗ္ဗာန်ဝင်စံခြင်း။ (တိ) (၂) 
213630	ပရိနိဗ္ဗာယန္တ	parinibbāyanta	(က)	yes	ငြိမ်းအေးသော၊ သူ။ (ခ) ပရိနိဗ္ဗာန်ဝင်စံသော၊ သူ။	(က) ငြိမ်းအေးသော၊ သူ။ (ခ) ပရိနိဗ္ဗာန်ဝင်စံသော၊ သူ။
213631	ပရိနိဗ္ဗာယန္တိ	parinibbāyanti	(က)	yes	ငြိမ်းအေးကုန်၏။ (ခ) ပရိနိဗ္ဗာန်ဝင်စံကုန်၏။ ပရိနိဗ္ဗာယတိ-ကြည့	(က) ငြိမ်းအေးကုန်၏။ (ခ) ပရိနိဗ္ဗာန်ဝင်စံကုန်၏။ ပရိနိဗ္ဗာယတိ-
213649	ပရိနိဗ္ဗာယေယျ	parinibbāyeyya	(က)	yes	ငြိမ်းအေးရာ၏။ (ခ) ပရိနိဗ္ဗာန်ဝင်စံရာ၏။ ပရိနိဗ္ဗာယတိ-ကြည့်။	(က) ငြိမ်းအေးရာ၏။ (ခ) ပရိနိဗ္ဗာန်ဝင်စံရာ၏။ ပရိနိဗ္ဗာယတိ-ကြည့
213650	ပရိနိဗ္ဗာယေယျံ	parinibbāyeyyaṁ	(က)	yes	ငြိမ်းအေးရာ၏။ (ခ) ပရိနိဗ္ဗာန် ဝင်စံရာ၏။ ပရိနိဗ္ဗာယတိ-ကြည့်။	(က) ငြိမ်းအေးရာ၏။ (ခ) ပရိနိဗ္ဗာန် ဝင်စံရာ၏။ ပရိနိဗ္ဗာယတိ-ကြည
213658	ပရိနိဗ္ဗိဿတိ	parinibbissati	(က)	yes	ငြိမ်းအေးရလတ္တံ့။ (ခ) ပရိနိဗ္ဗာန်ဝင်စံရလတ္တံ့။ ပရိနိဗ္ဗာတိ (	(က) ငြိမ်းအေးရလတ္တံ့။ (ခ) ပရိနိဗ္ဗာန်ဝင်စံရလတ္တံ့။ ပရိနိဗ္ဗာ
213698	ပရိပက္ကမာနသ	paripakkamānasa	(၁)	yes	ရင့်ကျက်-ရင့်မာ-သော စိတ်။ (တိ) (၂) ရင့် ကျက်သော စိတ်ရှိသော၊ 	(၁) ရင့်ကျက်-ရင့်မာ-သော စိတ်။ (တိ) (၂) ရင့် ကျက်သော စိတ်ရှိသ
213740	ပရိပတိဿတိ	paripatissati	(က)	yes	လဲကျ-လိမ့်ကျ-လတ္တံ့။ (ခ) ကျရောက်လတ္တံ့။ ပရိပတတိ (ခ၊ ဇ) ကြည့်	(က) လဲကျ-လိမ့်ကျ-လတ္တံ့။ (ခ) ကျရောက်လတ္တံ့။ ပရိပတတိ (ခ၊ ဇ) က
213776	ပရိပါစနာကာရ	paripācanākāra	(၁)	yes	ချက်စေ-ပြီးစေ-စီရင်-အပ်သောအခြင်းအရာ။ (တိ) (၂) ရင့်ရော်-ကြီးရ	(၁) ချက်စေ-ပြီးစေ-စီရင်-အပ်သောအခြင်းအရာ။ (တိ) (၂) ရင့်ရော်-က
213782	ပရိပါစိတ	paripācita	(၁) (က)	yes	ရင့်ကျက်-ရင့်မာ-စေအပ်သော၊ ဆည်းပူး အပ် သော။ (ခ) ကျက်စေ-ပူစေ-အ	(၁) (က) ရင့်ကျက်-ရင့်မာ-စေအပ်သော၊ ဆည်းပူး အပ် သော။ (ခ) ကျက်စ
213787	ပရိပါစေတိ	paripāceti	(၁)	yes	(က) ရင့်ကျက်- ရင့်မာ- စေ၏၊ အဆုံးသို့ ရောက်စေ၏။ (ခ) ရင့်ရော်-	(၁) (က) ရင့်ကျက်- ရင့်မာ- စေ၏၊ အဆုံးသို့ ရောက်စေ၏။ (ခ) ရင့်ရ
213788	ပရိပါစေတုံ	paripācetuṁ	(၁)	yes	ကြီးရင့်စေခြင်းငှာ၊ (၂) ညွတ်စေခြင်းငှာ၊ (၁)။	(၁) ကြီးရင့်စေခြင်းငှာ၊ (၂) ညွတ်စေခြင်းငှာ၊ (၁)။
213791	ပရိပါစေန္တိ	paripācenti	(၁)	yes	(က) ရင့်ကျက်-ရင့်မာ-စေကုန်၏။ အဆုံးသို့ ရောက်စေကုန်၏။ (ခ) ရင့	(၁) (က) ရင့်ကျက်-ရင့်မာ-စေကုန်၏။ အဆုံးသို့ ရောက်စေကုန်၏။ (ခ)
213799	ပရိပါတိတ	paripātita	(က) ကျ	yes	ရောက်-ဖြစ်-စေအပ်သော။ (ခ) ကျစေ-ပစ်ချ-အပ်သော။ “ပရ-ပါတိတ”။	(က) ကျ ရောက်-ဖြစ်-စေအပ်သော။ (ခ) ကျစေ-ပစ်ချ-အပ်သော။ “ပရ-ပါတိတ
213803	ပရိပါတေတိ	paripāteti	(၁)	yes	ပြေး-ထွက်ပြေး-စေ၏။ (က) နှိပ်စက်-ဖျက် ဆီး-၏။ (ခ) အစဥ်လိုက်၏။ 	(၁) ပြေး-ထွက်ပြေး-စေ၏။ (က) နှိပ်စက်-ဖျက် ဆီး-၏။ (ခ) အစဥ်လိုက
213807	ပရိပါတေသိ	paripātesi	(၁)	yes	ပြေး-ထွက်ပြေး-စေပြီ၊ အစဥ်လိုက်ပြီ။ (၂) ကျ-ပရိပါလန(ဋ္ဌ)တ္ထ လျ	(၁) ပြေး-ထွက်ပြေး-စေပြီ၊ အစဥ်လိုက်ပြီ။ (၂) ကျ-ပရိပါလန(ဋ္ဌ)တ္
213813	ပရိပါလနတ္ထ	paripālanattha	(၁) ထက်	yes	ဝန်းကျင်- စောင့်ရှောက်- ထိန်းသိမ်း- တတ် သော အနက်သဘော။ (၂) ထက	(၁) ထက် ဝန်းကျင်- စောင့်ရှောက်- ထိန်းသိမ်း- တတ် သော အနက်သဘော
213814	ပရိပါလနသမတ္ထ	paripālanasamattha	ထက်	yes	ဝန်းကျင်- စောင့်ရှောက်- တားမြစ်- ခြင်းငှာ စွမ်းနိုင်သော၊ သူ။	ထက် ဝန်းကျင်- စောင့်ရှောက်- တားမြစ်- ခြင်းငှာ စွမ်းနိုင်သော၊
213820	ပရိပါလေတဗ္ဗ	paripāletabba	ထက်	yes	ဝန်းကျင်-စောင့်ရှောက်-ထိန်းသိမ်း-အပ်သော။	ထက် ဝန်းကျင်-စောင့်ရှောက်-ထိန်းသိမ်း-အပ်သော။
213821	ပရိပါလေတိ	paripāleti	ထက်	yes	ဝန်းကျင်- စောင့်ရှောက်-ထိန်းသိမ်း- ၏။	ထက် ဝန်းကျင်- စောင့်ရှောက်-ထိန်းသိမ်း- ၏။
213822	ပရိပါလေန္တ	paripālenta	ထက်	yes	ဝန်းကျင်-စောင့်ရှောက်-ထိန်းသိမ်း-သော၊ သူ။	ထက် ဝန်းကျင်-စောင့်ရှောက်-ထိန်းသိမ်း-သော၊ သူ။
213823	ပရိပါလေန္တိ	paripālenti	ထက်	yes	ဝန်းကျင်-စောင့်ရှောက်-ထိန်းသိမ်း-ကုန်၏။ ပရိပါလေတိ- ကြည့်။	ထက် ဝန်းကျင်-စောင့်ရှောက်-ထိန်းသိမ်း-ကုန်၏။ ပရိပါလေတိ- ကြည့်
213824	ပရိပါလေယျ	paripāleyya	ထက်	yes	ဝန်းကျင်- စောင့်ရှောက်-ထိန်းသိမ်း- ရာ၏။ ပရိပါလေတိ-ကြည့်။	ထက် ဝန်းကျင်- စောင့်ရှောက်-ထိန်းသိမ်း- ရာ၏။ ပရိပါလေတိ-ကြည့်။
213825	ပရိပါလေယျံ	paripāleyyaṁ	ထက်	yes	ဝန်းကျင်-စောင့်ရှောက်-ထိန်းသိမ်း-အံ့။ ပရိပါလေတိ-ကြည့်။	ထက် ဝန်းကျင်-စောင့်ရှောက်-ထိန်းသိမ်း-အံ့။ ပရိပါလေတိ-ကြည့်။
213826	ပရိပါလေသိ	paripālesi	ထက်	yes	ဝန်းကျင်-စောင့်ရှောက်-ထိန်းသိမ်း-ပြီ။ ပရိပါလေတိ-ကြည့်။	ထက် ဝန်းကျင်-စောင့်ရှောက်-ထိန်းသိမ်း-ပြီ။ ပရိပါလေတိ-ကြည့်။
213832	ပရိပီဠေတွာ	paripīl̤etvā	ထက်	yes	ဝန်းကျင်- နှိပ်စက်- ညှဥ်းဆဲ- ၍။	ထက် ဝန်းကျင်- နှိပ်စက်- ညှဥ်းဆဲ- ၍။
213884	ပရိပုဏ္ဏကလာ	paripuṇṇakalā	(၁)	yes	ပြည့်-မယုတ်လျော့-သော- အစိတ်အပိုင်း။ (တိ) မယုတ်လျော့သော အစိတ်	(၁) ပြည့်-မယုတ်လျော့-သော- အစိတ်အပိုင်း။ (တိ) မယုတ်လျော့သော အ
213886	ပရိပုဏ္ဏကာယ	paripuṇṇakāya	(က)	yes	ပြည့်ဖြိုးသောကိုယ်ရှိသော၊ သူ။ (ခ)လက္ခဏာ ကြီးငယ်တို့နှင့် ပြည	(က) ပြည့်ဖြိုးသောကိုယ်ရှိသော၊ သူ။ (ခ)လက္ခဏာ ကြီးငယ်တို့နှင့်
213962	ပရိပုဏ္ဏဗျဉ္ဇန	paripuṇṇabyañjana	(၁) အခါ	yes	ခပ်သိမ်း ပြည့်စုံသော သဒ္ဒါရှိသော။ (၂) အခါ ခပ်သိမ်း ပြည့်စုံသ	(၁) အခါ ခပ်သိမ်း ပြည့်စုံသော သဒ္ဒါရှိသော။ (၂) အခါ ခပ်သိမ်း ပ
213983	ပရိပုဏ္ဏလက္ခဏ	paripuṇṇalakkhaṇa	(က)	yes	ပြည့်စုံသော- အမှတ်အသား- မှတ်ကြောင်း လက္ခဏာ-ရှိသော၊ ပြည့်စုံသ	(က) ပြည့်စုံသော- အမှတ်အသား- မှတ်ကြောင်း လက္ခဏာ-ရှိသော၊ ပြည့်
214000	ပရိပုဏ္ဏဝိဿဇ္ဇန	paripuṇṇavissajjana	(၁)	yes	အပြည့်အစုံ ဖြေဆိုခြင်း။ (၂) ပြည့်စုံသော အဖြေ၊ (သန္နိဋ္ဌာန်, 	(၁) အပြည့်အစုံ ဖြေဆိုခြင်း။ (၂) ပြည့်စုံသော အဖြေ၊ (သန္နိဋ္ဌာ
214050	ပရိပုဏ္ဏာယတန	paripuṇṇāyatana	(၁)	yes	ပြည့်စုံသော အာယတန၊ (တိ) (၂) ပြည့်စုံ သော အာယတနရှိသော၊ အာယတနအ	(၁) ပြည့်စုံသော အာယတန၊ (တိ) (၂) ပြည့်စုံ သော အာယတနရှိသော၊ အာ
214051	ပရိပုဏ္ဏာဝယဝ	paripuṇṇāvayava	(က)	yes	ပြည့်ဖြိုးသော- အစိတ်အပိုင်း- ကိုယ်အင်္ဂာ- ရှိ သော။ (ခ) ပြည့်	(က) ပြည့်ဖြိုးသော- အစိတ်အပိုင်း- ကိုယ်အင်္ဂာ- ရှိ သော။ (ခ) ပ
214061	ပရိပူရကာရိတာ	paripūrakāritā	ထက်	yes	ဝန်းကျင် ပြည့်စုံစေခြင်း- အပြည့်အစုံ ဖြည့် ကျင့်ခြင်း-ကို ပြ	ထက် ဝန်းကျင် ပြည့်စုံစေခြင်း- အပြည့်အစုံ ဖြည့် ကျင့်ခြင်း-ကိ
214072	ပရိပူရဏတ္ထ	paripūraṇattha	(၁) (က)	yes	ပြည့်စေ-ဖြည့်ကျင့်-ခြင်း အကျိုး။ (ခ) ပြည့်စုံစေ ခြင်း အကျိုး	(၁) (က) ပြည့်စေ-ဖြည့်ကျင့်-ခြင်း အကျိုး။ (ခ) ပြည့်စုံစေ ခြင်
214084	ပရိပူရယမာန	paripūrayamāna	(၁)	yes	ပြည့်စေတတ်သော။ (၂) ပြည့်စုံစေတတ် သော။ (၃) ပြည့်စုံစေ-ဖြည့်ကျ	(၁) ပြည့်စေတတ်သော။ (၂) ပြည့်စုံစေတတ် သော။ (၃) ပြည့်စုံစေ-ဖြည
214086	ပရိပူရယိ	paripūrayi	(က)	yes	ပြည့်စေပြီ။ (ခ) ပြည့်စုံစေပြီ။ ပရိပူရယတိ-(က၊ခ)ကြည့်။	(က) ပြည့်စေပြီ။ (ခ) ပြည့်စုံစေပြီ။ ပရိပူရယတိ-(က၊ခ)ကြည့်။
214107	ပရိပူရိဿန္တိ	paripūrissanti	(က)	yes	ပြည့်ကုန်လတ္တံ့။ (ခ) ပြည့်စုံကုန်လတ္တံ့။ ပရိပူရေတိ (က) (ခ) က	(က) ပြည့်ကုန်လတ္တံ့။ (ခ) ပြည့်စုံကုန်လတ္တံ့။ ပရိပူရေတိ (က) (
214111	ပရိပူရေတိ	paripūreti	(၁)	yes	ပြည့်၏။ (၂) ပြည်စုံ-လုံလောက်-၏။	(၁) ပြည့်၏။ (၂) ပြည်စုံ-လုံလောက်-၏။
214112	ပရိပူရေတိ	paripūreti	(၁)	yes	ပြည့်စေ၏။ (၂) (က) ပြည့်စုံ-လုံလောက်-စေ၏၊ ဖြည့်ကျင့်၏။ (ခ) တိ	(၁) ပြည့်စေ၏။ (၂) (က) ပြည့်စုံ-လုံလောက်-စေ၏၊ ဖြည့်ကျင့်၏။ (ခ
214113	ပရိပူရေတုံ	paripūretuṁ	(၁)	yes	ပြည့်စေ-ဖြည့်-ခြင်းငှာ။ (၂) (က) ပြည့်စုံ-ဖြစ်-စေခြင်းငှာ။ (ခ	(၁) ပြည့်စေ-ဖြည့်-ခြင်းငှာ။ (၂) (က) ပြည့်စုံ-ဖြစ်-စေခြင်းငှာ
214120	ပရိပူရေန္တိ	paripūrenti	(၁)	yes	ပရိပူရေသုံ၂ ပြည့်စေ-ဖြည့်-ကုန်၏။ (၂) ပြည့်စုံ-လုံလောက်-စေကုန	(၁) ပရိပူရေသုံ၂ ပြည့်စေ-ဖြည့်-ကုန်၏။ (၂) ပြည့်စုံ-လုံလောက်-စ
214124	ပရိပူရေယျ	paripūreyya	(၁)	yes	ပြည့်စေ-ဖြည့်-ရာ၏။ (၂) ပြည့်စုံ-လုံလောက်-စေရာ၏။ ပရိပူရေတိ ကြ	(၁) ပြည့်စေ-ဖြည့်-ရာ၏။ (၂) ပြည့်စုံ-လုံလောက်-စေရာ၏။ ပရိပူရေတ
214131	ပရိပူရေဿတိ	paripūressati	(၁)	yes	ပြည့်လတ္တံ့။ (၂) ပြည့်စုံ-လုံလောက်-လတ္တံ့။ ပရိပူရေတိ (၁) ကြည	(၁) ပြည့်လတ္တံ့။ (၂) ပြည့်စုံ-လုံလောက်-လတ္တံ့။ ပရိပူရေတိ (၁)
214140	ပရိပေါထိတ	paripothita	ထက်	yes	ဝန်းကျင်- ညှဥ်းဆဲ-နှိပ်စက်-ရိုက်နှက်-ပုတ် ခတ်-ထုထောင်း-အပ်သေ	ထက် ဝန်းကျင်- ညှဥ်းဆဲ-နှိပ်စက်-ရိုက်နှက်-ပုတ် ခတ်-ထုထောင်း-အ
214148	ပရိပ္ဖန္ဒနာဘာဝ	paripphandanābhāva	ထက်	yes	ဝန်းကျင်-တုန်လှုပ်-လှုပ်ရှား-ရွေ့ရှား-မှု၏ မရှိ ခြင်း။	ထက် ဝန်းကျင်-တုန်လှုပ်-လှုပ်ရှား-ရွေ့ရှား-မှု၏ မရှိ ခြင်း။
214149	ပရိပ္ဖန္ဒမာန	paripphandamāna	ထက်	yes	ဝန်းကျင်- တုန်လှုပ်- လှုပ်ရှား- ချောက်ချား-သော၊ သူ။	ထက် ဝန်းကျင်- တုန်လှုပ်- လှုပ်ရှား- ချောက်ချား-သော၊ သူ။
214150	ပရိဖန္ဒမာန	pariphandamāna	ထက်	yes	ဝန်းကျင်- တုန်လှုပ်- လှုပ်ရှား- ချောက်ချား-သော၊ သူ။	ထက် ဝန်းကျင်- တုန်လှုပ်- လှုပ်ရှား- ချောက်ချား-သော၊ သူ။
214151	ပရိပ္ဖန္ဒမာနမစ္ဆ	paripphandamānamaccha	ထက်	yes	ဝန်းကျင်- တုန်လှုပ်- လှုပ်ရှား- ချောက်ချား-သော ငါး။	ထက် ဝန်းကျင်- တုန်လှုပ်- လှုပ်ရှား- ချောက်ချား-သော ငါး။
214163	ပရိပ္ဖုဋ	paripphuṭa	(က)	yes	ထက်ဝန်းကျင်-ပျံ့နှံ့-တွေ့ထိ-သော။ (ခ) ထက် ဝန်းကျင်- ဖြန့်-ပျံ	(က) ထက်ဝန်းကျင်-ပျံ့နှံ့-တွေ့ထိ-သော။ (ခ) ထက် ဝန်းကျင်- ဖြန့်
214178	ပရိဗဇ္စျတိ	paribajcyati	ထက်	yes	ဝန်းကျင်-တုတ်-နှောင်-ဖွဲ့-အပ်၏။ စာ။	ထက် ဝန်းကျင်-တုတ်-နှောင်-ဖွဲ့-အပ်၏။ စာ။
214183	ပရိဗန္ဓကိလေသ	paribandhakilesa	ထက်	yes	ဝန်းကျင်- နှောင်ဖွဲ့- ပိတ်ဆို့- နှောက်ယှက် -တတ်သော ကိလေသာ၊ ဘ	ထက် ဝန်းကျင်- နှောင်ဖွဲ့- ပိတ်ဆို့- နှောက်ယှက် -တတ်သော ကိလေသ
214240	ပရိဗ္ဗာဇကဝတ္ထု	paribbājakavatthu	(၁)	yes	ပရိဗိုဇ်၏-အကြောင်းအရာ-အဖြစ်အပျက်-ဝတ္ထု။ (၂) ပရိဗိုဇ်၏-ပစ္စည်	(၁) ပရိဗိုဇ်၏-အကြောင်းအရာ-အဖြစ်အပျက်-ဝတ္ထု။ (၂) ပရိဗိုဇ်၏-ပစ
214260	ပရိဗ္ဗာဇိကာဝတ္ထု	paribbājikāvatthu	ပရိ	yes	ဗိုဇ်မ-ရဟန်းမ-၏- အကြောင်းအရာ-ဝတ္ထု။	ပရိ ဗိုဇ်မ-ရဟန်းမ-၏- အကြောင်းအရာ-ဝတ္ထု။
214261	ပရိဗ္ဗာဇေတိ	paribbājeti	ထက်	yes	ဝန်းကျင်-ထွက်သွားစေ-နှင်ထုတ်-၏။	ထက် ဝန်းကျင်-ထွက်သွားစေ-နှင်ထုတ်-၏။
214262	ပရိဗ္ဗာဇေသိ	paribbājesi	ထက်	yes	ဝန်းကျင်-ထွက်သွားစေ-နှင်ထုတ်-ပြီ။ ပရိ-ဗ္ဗာဇေတိ-ကြည့်။	ထက် ဝန်းကျင်-ထွက်သွားစေ-နှင်ထုတ်-ပြီ။ ပရိ-ဗ္ဗာဇေတိ-ကြည့်။
214277	ပရိဗ္ဘမနာကာရ	paribbhamanākāra	ထက်	yes	ဝန်းကျင်-ချာချာလည်-ပတ်ချာလည်-သော အခြင်းအရာ၊ ထက်ဝန်းကျင် လည်သ	ထက် ဝန်းကျင်-ချာချာလည်-ပတ်ချာလည်-သော အခြင်းအရာ၊ ထက်ဝန်းကျင် 
214278	ပရိဗ္ဘမန္တ	paribbhamanta	(၁)	yes	ထက်ဝန်းကျင် လှည့်လည်သော။ (၂) ထက် ဝန်းကျင် လည်သော။ (၃) ထက်ဝန်	(၁) ထက်ဝန်းကျင် လှည့်လည်သော။ (၂) ထက် ဝန်းကျင် လည်သော။ (၃) ထက
214297	ပရိဗ္ဘမေန္တ	paribbhamenta	လည်	yes	စေ-လှည့်ယမ်း-သော၊ သူ။	လည် စေ-လှည့်ယမ်း-သော၊ သူ။
214306	ပရိဗျာကုလ	paribyākula	ထက်	yes	ဝန်းကျင် - နှောက်ယှက် - ရှုပ်ထွေး - သော။	ထက် ဝန်းကျင် - နှောက်ယှက် - ရှုပ်ထွေး - သော။
214309	ပရိဗြူဟန	paribrūhana	(၁) ထက်	yes	ဝန်းကျင်-တိုးပွား-ကြီးပွား-ပွားများ-စေခြင်း။ (တိ) (၂) ထက်ဝန်	(၁) ထက် ဝန်းကျင်-တိုးပွား-ကြီးပွား-ပွားများ-စေခြင်း။ (တိ) (၂
214312	ပရိဗြူဟနဟေတု	paribrūhanahetu	ထက်	yes	ဝန်းကျင်-တိုးပွား-ကြီးပွား-ပွားများ-စေခြင်း၏ အကြောင်း။	ထက် ဝန်းကျင်-တိုးပွား-ကြီးပွား-ပွားများ-စေခြင်း၏ အကြောင်း။
214316	ပရိဗြူဟိတ	paribrūhita	ထက်	yes	ဝန်းကျင်- တိုးပွား-ကြီးပွား-ပွားများ- စေအပ် သော။	ထက် ဝန်းကျင်- တိုးပွား-ကြီးပွား-ပွားများ- စေအပ် သော။
214324	ပရိဗြူဟေတု	paribrūhetu	ထက်	yes	ဝန်းကျင်-တိုးပွား-ကြီးပွား-ပွားစေတတ်သော၊ သူ။	ထက် ဝန်းကျင်-တိုးပွား-ကြီးပွား-ပွားစေတတ်သော၊ သူ။
214327	ပရိဗြူဟေန္တ	paribrūhenta	ထက်	yes	ဝန်းကျင်-တိုးပွား-ကြီးပွား-စေအပ်-ပွား-စေ-ပွားများ-တတ်သော၊ သူ	ထက် ဝန်းကျင်-တိုးပွား-ကြီးပွား-စေအပ်-ပွား-စေ-ပွားများ-တတ်သော
214330	ပရိဘဇ္ဇ	paribhajja	ထက်	yes	ဝန်းကျင် ချိုးဖဲ့၍။	ထက် ဝန်းကျင် ချိုးဖဲ့၍။
214344	ပရိဘဏ္ဍကရဏ	paribhaṇḍakaraṇa	(၁)	yes	အနံအနားပတ် တင်ခြင်း။ (၂) ထက်ဝန်း ကျင်-အပြေအပြစ်-ပြုခြင်း။	(၁) အနံအနားပတ် တင်ခြင်း။ (၂) ထက်ဝန်း ကျင်-အပြေအပြစ်-ပြုခြင်း
214377	ပရိဘာဝနာ	paribhāvanā	(၁) ထက်	yes	ဝန်းကျင်မှ-ဖြစ်-ပွား-စေခြင်း၊ ထုံမွှမ်းခြင်း။ (တိ) (၂) ထက်ဝန	(၁) ထက် ဝန်းကျင်မှ-ဖြစ်-ပွား-စေခြင်း၊ ထုံမွှမ်းခြင်း။ (တိ) (
214381	ပရိဘာဝိတစိတ္တ	paribhāvitacitta	ထက်	yes	ဝန်းကျင်-အချင်းခပ်သိမ်း-ဖြစ်-ပွား-စေအပ်-ထုံ မွှမ်းအပ်သော စိတ	ထက် ဝန်းကျင်-အချင်းခပ်သိမ်း-ဖြစ်-ပွား-စေအပ်-ထုံ မွှမ်းအပ်သော
214385	ပရိဘာဝေတိ	paribhāveti	ထက်	yes	ဝန်းကျင်-ဖြစ်-ပွား-စေ-၏၊ ထုံမွှမ်း၏။	ထက် ဝန်းကျင်-ဖြစ်-ပွား-စေ-၏၊ ထုံမွှမ်း၏။
214390	ပရိဘာသတိ	paribhāsati	(၁)	yes	ရေရွတ်-မောင်းမဲ-ကြိမ်းမောင်း-ငေါက်ငန်း-ခြိမ်းခြောက်-ဆဲရေး-တတ	(၁) ရေရွတ်-မောင်းမဲ-ကြိမ်းမောင်း-ငေါက်ငန်း-ခြိမ်းခြောက်-ဆဲရေ
214392	ပရိဘာသထ	paribhāsatha	ရေ	yes	ရွတ်-မောင်းမဲ-ကြိမ်းမောင်း-ငေါက်ငန်း-ခြိမ်း ခြောက်-ဆဲရေး-ကုန	ရေ ရွတ်-မောင်းမဲ-ကြိမ်းမောင်း-ငေါက်ငန်း-ခြိမ်း ခြောက်-ဆဲရေး-
214394	ပရိဘာသနဝတ္ထု	paribhāsanavatthu	ရေ	yes	ရွတ်-မောင်းမဲ-ကြိမ်းမောင်း-ငေါက်ငန်း-ခြိမ်း ခြောက်-ခြင်းတည်း	ရေ ရွတ်-မောင်းမဲ-ကြိမ်းမောင်း-ငေါက်ငန်း-ခြိမ်း ခြောက်-ခြင်းတ
214396	ပရိဘာသနီယ	paribhāsanīya	ရေ	yes	ရွတ်-မောင်းမဲ-ကြိမ်းမောင်း-ငေါက်ငန်း-ခြိမ်း ခြောက်- အပ်သော- 	ရေ ရွတ်-မောင်းမဲ-ကြိမ်းမောင်း-ငေါက်ငန်း-ခြိမ်း ခြောက်- အပ်သေ
214398	ပရိဘာသန္တိ	paribhāsanti	(၁)	yes	ရေရွတ်-မောင်းမဲ-ကြိမ်းမောင်း-ငေါက်ငန်း-ခြိမ်းခြောက်-ဆဲရေး-ကု	(၁) ရေရွတ်-မောင်းမဲ-ကြိမ်းမောင်း-ငေါက်ငန်း-ခြိမ်းခြောက်-ဆဲရေ
214399	ပရိဘာသပစ္စယ	paribhāsapaccaya	ရေ	yes	ရွတ်- မောင်းမဲ- ကြိမ်းမောင်း- ငေါက်ငန်း-ခြိမ်းခြောက်- ဆဲရေး-	ရေ ရွတ်- မောင်းမဲ- ကြိမ်းမောင်း- ငေါက်ငန်း-ခြိမ်းခြောက်- ဆဲရ
214403	ပရိဘာသသိ	paribhāsasi	ရေ	yes	ရွတ်-မောင်းမဲ-ကြိမ်းမောင်း-ငေါက်ငန်း-ခြိမ်း ခြောက်-ဆဲရေး-၏၊ 	ရေ ရွတ်-မောင်းမဲ-ကြိမ်းမောင်း-ငေါက်ငန်း-ခြိမ်း ခြောက်-ဆဲရေး-
214406	ပရိဘာသာမိ	paribhāsāmi	ရေ	yes	ရွတ်-မောင်းမဲ-ကြိမ်းမောင်း-ငေါက်ငန်း-ခြိမ်း ခြောက်-ဆဲရေး-၏၊ 	ရေ ရွတ်-မောင်းမဲ-ကြိမ်းမောင်း-ငေါက်ငန်း-ခြိမ်း ခြောက်-ဆဲရေး-
214408	ပရိဘာသိ	paribhāsi	ရေ	yes	ရွတ်-မောင်းမဲ-ကြိမ်းမောင်း-ငေါက်ငန်း-ခြိမ်း ခြောက်-ဆဲရေး-ပြီ	ရေ ရွတ်-မောင်းမဲ-ကြိမ်းမောင်း-ငေါက်ငန်း-ခြိမ်း ခြောက်-ဆဲရေး-
214412	ပရိဘာသိမှသေ	paribhāsimhase	(၁)	yes	ပရိဘာသေတွာ ရေရွတ်- မောင်းမဲ- ကြိမ်းမောင်း- ငေါက်ငန်း-ခြိမ်းခ	(၁) ပရိဘာသေတွာ ရေရွတ်- မောင်းမဲ- ကြိမ်းမောင်း- ငေါက်ငန်း-ခြိ
214418	ပရိဘာသေယျံ	paribhāseyyaṁ	ရေ	yes	ရွတ်-မောင်းမဲ-ကြိမ်းမောင်း-ငေါက်ငန်း-ခြိမ်း ခြောက်-ဆဲရေး-ရာ၏	ရေ ရွတ်-မောင်းမဲ-ကြိမ်းမောင်း-ငေါက်ငန်း-ခြိမ်း ခြောက်-ဆဲရေး-
214419	ပရိဘာသေယျ	paribhāseyya	ရေ	yes	ရွတ်-မောင်းမဲ-ကြိမ်းမောင်း-ငေါက်ငန်း-ခြိမ်း ခြောက်-ဆဲရေး-ရာ၏	ရေ ရွတ်-မောင်းမဲ-ကြိမ်းမောင်း-ငေါက်ငန်း-ခြိမ်း ခြောက်-ဆဲရေး-
214420	ပရိဘာသေယျုံ	paribhāseyyuṁ	ရေ	yes	ရွတ်-မောင်းမဲ-ကြိမ်းမောင်း-ငေါက်ငန်း-ခြိမ်း ခြောက်-ဆဲရေး-ကုန	ရေ ရွတ်-မောင်းမဲ-ကြိမ်းမောင်း-ငေါက်ငန်း-ခြိမ်း ခြောက်-ဆဲရေး-
214427	ပရိဘိန္ဒတိ	paribhindati	(က)	yes	အချင်းခပ်သိမ်း ထက်ဝန်းကျင်-ဖျက်ဆီး-ဖျက် ခွဲ-၏။ (ခ) ဖျက်ဆီး-ဖ	(က) အချင်းခပ်သိမ်း ထက်ဝန်းကျင်-ဖျက်ဆီး-ဖျက် ခွဲ-၏။ (ခ) ဖျက်ဆ
214440	ပရိဘိန္န	paribhinna	(၁) (က)	yes	ထက်ဝန်းကျင် ဖျက်ဆီးအပ်သော။ (ခ) ဖျက် ဆီး-ဖျက်ခွဲ-အပ်သော၊ ချော	(၁) (က) ထက်ဝန်းကျင် ဖျက်ဆီးအပ်သော။ (ခ) ဖျက် ဆီး-ဖျက်ခွဲ-အပ်သ
214445	ပရိဘိန္နသဘာဝ	paribhinnasabhāva	ထက်	yes	ဝန်းကျင် ပျက်စီးတတ်သော သဘောရှိသော။	ထက် ဝန်းကျင် ပျက်စီးတတ်သော သဘောရှိသော။
214446	ပရိဘုဉ္ဇ	paribhuñja	(၁)	yes	သုံးဆောင်-အသုံးပြု-သုံးစွဲ-လော့။ (၂) သုံး ဆောင်-ခံစား-လော့။ 	(၁) သုံးဆောင်-အသုံးပြု-သုံးစွဲ-လော့။ (၂) သုံး ဆောင်-ခံစား-လေ
214485	ပရိဘုဉ္ဇိတဗ္ဗယုတ္တ	paribhuñjitabbayutta	စား	yes	သုံးခြင်းငှာ- သင့်လျော်-လျောက်ပတ်-သော။	စား သုံးခြင်းငှာ- သင့်လျော်-လျောက်ပတ်-သော။
214490	ပရိဘုဉ္ဇိတုကာမ	paribhuñjitukāma	(၁)	yes	သုံးဆောင်-သုံးစွဲ-အသုံးပြု-ခြင်းငှာ-အလိုရှိ-လို-သော။ (၂) သုံ	(၁) သုံးဆောင်-သုံးစွဲ-အသုံးပြု-ခြင်းငှာ-အလိုရှိ-လို-သော။ (၂)
214491	ပရိဘုဉ္ဇိတွာ	paribhuñjitvā	(၁)	yes	သုံးဆောင်- အသုံးပြု- သုံးစွဲ-၍။ (၂) သုံး ဆောင်-ခံစား-မှီဝဲ-၍	(၁) သုံးဆောင်- အသုံးပြု- သုံးစွဲ-၍။ (၂) သုံး ဆောင်-ခံစား-မှီ
214493	ပရိဘုဉ္ဇိမှ	paribhuñjimha	(၁)	yes	သုံးဆောင်-အသုံးပြု-သုံးစွဲ-ကုန်ပြီ။ (၂) စား-သုံးဆောင်-ကုန်ပြ	(၁) သုံးဆောင်-အသုံးပြု-သုံးစွဲ-ကုန်ပြီ။ (၂) စား-သုံးဆောင်-ကု
214498	ပရိဘုဉ္ဇိဿတိ	paribhuñjissati	(၁)	yes	သုံးဆောင်-အသုံးပြု-သုံးစွဲ-လတ္တံ့။ (၂) သုံး ဆောင်-ခံစား-မှီဝ	(၁) သုံးဆောင်-အသုံးပြု-သုံးစွဲ-လတ္တံ့။ (၂) သုံး ဆောင်-ခံစား-
214499	ပရိဘုဉ္ဇိဿန္တိ	paribhuñjissanti	(၁)	yes	သုံးဆောင်-အသုံးပြု-သုံးစွဲ-ကုန်လတ္တံ့။ (၂) ဘုဥ်းပေး-သုံးဆောင	(၁) သုံးဆောင်-အသုံးပြု-သုံးစွဲ-ကုန်လတ္တံ့။ (၂) ဘုဥ်းပေး-သုံး
214500	ပရိဘုဉ္ဇိဿသိ	paribhuñjissasi	(၁)	yes	သုံးဆောင်-အသုံးပြု-သုံးစွဲ-လတ္တံ့။ (၂) သုံး ဆောင်-ခံစား-လတ္တ	(၁) သုံးဆောင်-အသုံးပြု-သုံးစွဲ-လတ္တံ့။ (၂) သုံး ဆောင်-ခံစား-
214501	ပရိဘုဉ္ဇိဿာမ	paribhuñjissāma	(၁)	yes	သုံးဆောင်-အသုံးပြု-သုံးစွဲ-ကုန်လတ္တံ့။ (၂) သုံးဆောင်-ခံစား-က	(၁) သုံးဆောင်-အသုံးပြု-သုံးစွဲ-ကုန်လတ္တံ့။ (၂) သုံးဆောင်-ခံစ
214502	ပရိဘုဉ္ဇိဿာမိ	paribhuñjissāmi	(၁)	yes	သုံးဆောင်-အသုံးပြု-သုံးစွဲ-လတ္တံ့။ (၂) သုံး ဆောင်-ခံစား-လတ္တ	(၁) သုံးဆောင်-အသုံးပြု-သုံးစွဲ-လတ္တံ့။ (၂) သုံး ဆောင်-ခံစား-
214510	ပရိဘုဉ္ဇေယျုံ	paribhuñjeyyuṁ	(၁)	yes	သုံးဆောင်-အသုံးပြု-သုံးစွဲ-ကုန်ရာ၏။ (၂) စား-သုံးဆောင်-ကုန်ရာ	(၁) သုံးဆောင်-အသုံးပြု-သုံးစွဲ-ကုန်ရာ၏။ (၂) စား-သုံးဆောင်-ကု
214514	ပရိဘုတ္တကာလ	paribhuttakāla	(၁)	yes	ဘုဥ်းပေး-သုံးဆောင်-ရာ အချိန်အခါ။ (၂) စားသုံးရာ အချိန်အခါ။	(၁) ဘုဥ်းပေး-သုံးဆောင်-ရာ အချိန်အခါ။ (၂) စားသုံးရာ အချိန်အခါ
214527	ပရိဘုတ္တဘေသဇ္ဇ	paribhuttabhesajja	စား	yes	သုံးအပ်သော ဆေး။	စား သုံးအပ်သော ဆေး။
214536	ပရိဘုတ္တာဟာရ	paribhuttāhāra	စား	yes	သုံး - စားမျို - အပ်သော - အာဟာရ - စား ဖွယ်-အစာ။ (-	စား သုံး - စားမျို - အပ်သော - အာဟာရ - စား ဖွယ်-အစာ။ (-
214544	ပရိဘေဒ	paribheda	(က) ထက်	yes	ဝန်းကျင်-ပျက်စီး-ပြိုကွဲခြင်း။ (ခ)ပျက်စီး-ပြိုကွဲ-ရာ။	(က) ထက် ဝန်းကျင်-ပျက်စီး-ပြိုကွဲခြင်း။ (ခ)ပျက်စီး-ပြိုကွဲ-ရာ
214555	ပရိဘောဂကာလ	paribhogakāla	(၁)	yes	သုံးဆောင်-အသုံးပြု-သုံးစွဲ-ရာ အချိန်အခါ။ (၂) သုံးဆောင်-ခံစား	(၁) သုံးဆောင်-အသုံးပြု-သုံးစွဲ-ရာ အချိန်အခါ။ (၂) သုံးဆောင်-ခ
214563	ပရိဘောဂဇိဏ္ဏ	paribhogajiṇṇa	(က)	yes	ပရိဘောဂတဏှာ သုံးဆောင်-သုံးစွဲ-ဝတ်ရုံ-မရလောက်အောင်-ဟောင်းနွမ်	(က) ပရိဘောဂတဏှာ သုံးဆောင်-သုံးစွဲ-ဝတ်ရုံ-မရလောက်အောင်-ဟောင်း
214567	ပရိဘောဂတ္ထ	paribhogattha	(၁) (က)	yes	သုံးဆောင်-အသုံးပြု-သုံးစွဲခြင်း-အကျိုး။ (ခ) သုံးနေခြင်းအကျို	(၁) (က) သုံးဆောင်-အသုံးပြု-သုံးစွဲခြင်း-အကျိုး။ (ခ) သုံးနေခြ
214573	ပရိဘောဂပစ္စယ	paribhogapaccaya	(၁)	yes	(က) သုံးဆောင်-အသုံးပြု-သုံးစွဲ-အပ်သော ပစ္စည်း။ (ခ) သုံးဆောင်	(၁) (က) သုံးဆောင်-အသုံးပြု-သုံးစွဲ-အပ်သော ပစ္စည်း။ (ခ) သုံးဆ
214580	ပရိဘောဂပါတိ	paribhogapāti	(က)	yes	စားသုံးရာခွက်၊ စားခွက်။ (ခ) အသုံး အဆောင် ခွက်၊ (က)။	(က) စားသုံးရာခွက်၊ စားခွက်။ (ခ) အသုံး အဆောင် ခွက်၊ (က)။
214598	ပရိဘောဂရသ	paribhogarasa	(က)	yes	ပရိဘောဂဝတ္ထ သုံးဆောင်- ခံစား- ခြင်းကြောင့်ဖြစ်သော-သာယာ-နှစ်သ	(က) ပရိဘောဂဝတ္ထ သုံးဆောင်- ခံစား- ခြင်းကြောင့်ဖြစ်သော-သာယာ-န
214616	ပရိဘောဂါရဟ	paribhogāraha	(က)	yes	သုံးဆောင်-အသုံးပြု-သုံးစွဲ- ခြင်းငှာ- ထိုက်-လျောက်ပတ်-သင့်-သ	(က) သုံးဆောင်-အသုံးပြု-သုံးစွဲ- ခြင်းငှာ- ထိုက်-လျောက်ပတ်-သင
214651	ပရိမဇ္ဇေယျံ	parimajjeyyaṁ	(၁) ထက်	yes	ဝန်းကျင်- ဟိုဟိုသည်သည်- သုံးသပ်- ကိုင် တွယ်-အံ့။ (၂) သုတ်သင်	(၁) ထက် ဝန်းကျင်- ဟိုဟိုသည်သည်- သုံးသပ်- ကိုင် တွယ်-အံ့။ (၂)
214654	ပရိမဏ္ဍလ	parimaṇḍala	(၁)	yes	အဝန်းအဝိုင်း၊ လုံးပတ်။ (တိ) (၂) ထက်ဝန်း ကျင် ဝန်းဝိုင်းသော။ 	(၁) အဝန်းအဝိုင်း၊ လုံးပတ်။ (တိ) (၂) ထက်ဝန်း ကျင် ဝန်းဝိုင်းသ
214657	ပရိမဏ္ဍလတလ	parimaṇḍalatala	ထက်	yes	ဝန်းကျင် ဝန်းဝိုင်းသော လက်ဖဝါးပြင် ရှိ သော။	ထက် ဝန်းကျင် ဝန်းဝိုင်းသော လက်ဖဝါးပြင် ရှိ သော။
214685	ပရိမဒ္ဒိတ	parimaddita	(၁)	yes	ထက်ဝန်းကျင်- ဆုပ်နယ်- ကြိတ်ချေ- အပ် သော။ (၂) အချင်းခပ်သိမ်း-	(၁) ထက်ဝန်းကျင်- ဆုပ်နယ်- ကြိတ်ချေ- အပ် သော။ (၂) အချင်းခပ်သိ
214705	ပရိမသေယျံ	parimaseyyaṁ	ထက်	yes	ဝန်းကျင်- သုံးသပ်- တွေ့ထိ- အံ့။ ပရိမသတိ (က) ကြည့်။	ထက် ဝန်းကျင်- သုံးသပ်- တွေ့ထိ- အံ့။ ပရိမသတိ (က) ကြည့်။
214761	ပရိမုဋ္ဌ	parimuṭṭha	ထက်	yes	ဝန်းကျင် မေ့လျော့တတ်သော၊ သူ။ “ပရိမုဋ္ဌဿတိနော”တိ။	ထက် ဝန်းကျင် မေ့လျော့တတ်သော၊ သူ။ “ပရိမုဋ္ဌဿတိနော”တိ။
214764	ပရိမုတ္တိ	parimutti	(၁)	yes	ခပ်သိမ်းသော အခြင်းအရာအားဖြင့်-လွတ်-လွတ်မြောက်-ခြင်း။ (၂)လွတ်	(၁) ခပ်သိမ်းသော အခြင်းအရာအားဖြင့်-လွတ်-လွတ်မြောက်-ခြင်း။ (၂)
214766	ပရိမုသိတဗ္ဗရူပ	parimusitabbarūpa	သတ်	yes	ပုတ်-ညှဥ်းဆဲ-ဖျက်ဆီး-အပ်သော သဘော ရှိသော။ “မုသာ”။	သတ် ပုတ်-ညှဥ်းဆဲ-ဖျက်ဆီး-အပ်သော သဘော ရှိသော။ “မုသာ”။
214792	ပရိမောစေန္တ	parimocenta	(၁)	yes	လွတ်-လွတ်မြောက်-စေလိုသည်၏ အဖြစ်-လွတ်စေလိုခြင်း-ကြောင့်။ (တိ)	(၁) လွတ်-လွတ်မြောက်-စေလိုသည်၏ အဖြစ်-လွတ်စေလိုခြင်း-ကြောင့်။ 
214813	ပရိယတ္တိဂ္ဂဟဏ	pariyattiggahaṇa	ပရိ	yes	ယတ် - ဘုရားရှင်စာပေ - ပါဠိ, အဋ္ဌကထာ, ဋီကာ-ကို သင်ယူခြင်း။	ပရိ ယတ် - ဘုရားရှင်စာပေ - ပါဠိ, အဋ္ဌကထာ, ဋီကာ-ကို သင်ယူခြင်း
214814	ပရိယတ္တိဒုဂ္ဂဟဏ	pariyattiduggahaṇa	ပရိ	yes	ယတ် - ဘုရားရှင်စာပေ - ပါဠိ, အဋ္ဌကထာ, ဋီကာ-ကို မကောင်းသဖြင့်-	ပရိ ယတ် - ဘုရားရှင်စာပေ - ပါဠိ, အဋ္ဌကထာ, ဋီကာ-ကို မကောင်းသဖြ
214836	ပရိယတ္တိဘေဒ	pariyattibheda	(၁) သင်	yes	ယူ-လေ့လာ-ခြင်း၏ အထူးအပြား။ (၂) သင် ယူ- လေ့လာ- အပ်သော ပါဠိ အထ	(၁) သင် ယူ-လေ့လာ-ခြင်း၏ အထူးအပြား။ (၂) သင် ယူ- လေ့လာ- အပ်သော
214872	ပရိယန္တပရိက္ခေပ	pariyantaparikkhepa	(၁)	yes	အပိုင်းအခြားဖြစ်သော- အရံ- အကာ။ (၂) အဆုံး- အစွန်အဖျား- ဖြစ်သေ	(၁) အပိုင်းအခြားဖြစ်သော- အရံ- အကာ။ (၂) အဆုံး- အစွန်အဖျား- ဖြ
214895	ပရိယာဒါတုံ	pariyādātuṁ	(က)	yes	ထက်ဝန်းကျင် ပိုင်းခြား၍ ယူခြင်းငှာ၊ သိမ်းကျုံး ၍ ယူခြင်းငှာ၊	(က) ထက်ဝန်းကျင် ပိုင်းခြား၍ ယူခြင်းငှာ၊ သိမ်းကျုံး ၍ ယူခြင်း
214906	ပရိယာဒါယ	pariyādāya	ထက်	yes	ဝန်းကျင်မှ ယူဆောင်၍၊ သိမ်းကျုံးယူငင်၍။ (က) ကုန်ခန်းစေ၍။ (ခ) 	ထက် ဝန်းကျင်မှ ယူဆောင်၍၊ သိမ်းကျုံးယူငင်၍။ (က) ကုန်ခန်းစေ၍။ 
214924	ပရိယာဒိယန	pariyādiyana	(၁) ထက်	yes	ဝန်းကျင်မှ ပိုင်းခြား၍ ယူခြင်း၊ သိမ်းကျုံး၍ ယူခြင်း၊ ကုန်ဆုံ	(၁) ထက် ဝန်းကျင်မှ ပိုင်းခြား၍ ယူခြင်း၊ သိမ်းကျုံး၍ ယူခြင်း၊
214931	ပရိယာဒိယိ	pariyādiyi	ထက်	yes	ဝန်းကျင်မှ ပိုင်းခြား၍ ယူပြီ၊ သိမ်းကျုံး၍ ယူ ပြီ၊ သိမ်းယူပြီ	ထက် ဝန်းကျင်မှ ပိုင်းခြား၍ ယူပြီ၊ သိမ်းကျုံး၍ ယူ ပြီ၊ သိမ်းယ
214954	ပရိယာပုဋသဒ္ဓမ္မ	pariyāpuṭasaddhamma	သင်	yes	ယူအပ်ပြီးသော သူတော်ကောင်းတရားရှိ သော၊ သူတော်ကောင်းတရားကို သင	သင် ယူအပ်ပြီးသော သူတော်ကောင်းတရားရှိ သော၊ သူတော်ကောင်းတရားကိ
214955	ပရိယာပုဏန	pariyāpuṇana	သင်	yes	ယူ-လေ့ကျက်-သရဇ္ဈာယ်-ခြင်း။	သင် ယူ-လေ့ကျက်-သရဇ္ဈာယ်-ခြင်း။
214960	ပရိယာပုဏန္တိ	pariyāpuṇanti	(၁)	yes	သင်ယူကုန်၏။ (၂) ပြည့်စုံ-လုံလောက်-ကုန် ၏။ ပရိယာပုဏာတိ-ကြည့်။	(၁) သင်ယူကုန်၏။ (၂) ပြည့်စုံ-လုံလောက်-ကုန် ၏။ ပရိယာပုဏာတိ-ကြ
214964	ပရိယာပုဏာထ	pariyāpuṇātha	(၁)	yes	သင်ယူကုန်လော့။ (၂) ပြောဆိုကုန်လော့။ ပရိယာပုဏာတိ-ကြည့်။	(၁) သင်ယူကုန်လော့။ (၂) ပြောဆိုကုန်လော့။ ပရိယာပုဏာတိ-ကြည့်။
214967	ပရိယာပုဏာမ	pariyāpuṇāma	သင်	yes	ယူကုန်၏။ ပရိယာပုဏာတိ-ကြည့်။	သင် ယူကုန်၏။ ပရိယာပုဏာတိ-ကြည့်။
214971	ပရိယာပုဏိ	pariyāpuṇi	သင်	yes	ယူပြီ။ ပရိယာပုဏာတိ-ကြည့်။	သင် ယူပြီ။ ပရိယာပုဏာတိ-ကြည့်။
214972	ပရိယာပုဏိံ	pariyāpuṇiṁ	သင်	yes	ယူပြီ။ ပရိယာပုဏာတိ-ကြည့်။	သင် ယူပြီ။ ပရိယာပုဏာတိ-ကြည့်။
214973	ပရိယာပုဏိံသု	pariyāpuṇiṁsu	သင်	yes	ယူကုန်ပြီ။ ပရိယာပုဏာတိ-ကြည့်။	သင် ယူကုန်ပြီ။ ပရိယာပုဏာတိ-ကြည့်။
214994	ပရိယာယဒဿန	pariyāyadassana	ဝေ	yes	ဝုစ်-ပရိယာယ်-စကားလှယ်-ကို ပြခြင်း။ ပရိ-ယာယဒဿနတ္ထန္တိ ၀ေ၀စန-ဒ	ဝေ ဝုစ်-ပရိယာယ်-စကားလှယ်-ကို ပြခြင်း။ ပရိ-ယာယဒဿနတ္ထန္တိ ၀ေ၀စ
215007	ပရိယာယနိဒ္ဒေသ	pariyāyaniddesa	ပရိ	yes	ယာယ်အားဖြင့် ညွှန်ပြခြင်း။	ပရိ ယာယ်အားဖြင့် ညွှန်ပြခြင်း။
215009	ပရိယာယန္တရ	pariyāyantara	(၁)	yes	အကြောင်းတစ်ပါး၊ အကြောင်းတစ်မျိုး။ (၂) ပရိယာယ်တစ်ပါး၊ ပရိယာယ်	(၁) အကြောင်းတစ်ပါး၊ အကြောင်းတစ်မျိုး။ (၂) ပရိယာယ်တစ်ပါး၊ ပရိ
215011	ပရိယာယန္တရဒီပန	pariyāyantaradīpana	ပရိ	yes	ပရိယာယန္တရဝိဘာဝနမုခ ယာယ်တစ်ပါးကို ပြကြောင်းဖြစ်သော(သဒ္ဒါ)။	ယာယ်တစ်ပါးကို ပြကြောင်းဖြစ်သော(သဒ္ဒါ)။
215025	ပရိယာယဘတ္တ	pariyāyabhatta	(၁) နေ့	yes	ရက်- အလှည့်- အကြိမ်- အားဖြင့် စားဟန် ဆောင်ခြင်း။ (၂) နေ့ရက်-	(၁) နေ့ ရက်- အလှည့်- အကြိမ်- အားဖြင့် စားဟန် ဆောင်ခြင်း။ (၂)
215035	ပရိယာယဝစန	pariyāyavacana	(၁) ပရိ	yes	ယာယ်ဖြစ်သော- သဒ္ဒါ- စကား။ (၂) ပရိ ယာယ်ဖြစ်သော သဒ္ဒါတို့၏ အနက	(၁) ပရိ ယာယ်ဖြစ်သော- သဒ္ဒါ- စကား။ (၂) ပရိ ယာယ်ဖြစ်သော သဒ္ဒါတ
215049	ပရိယာယသီလ	pariyāyasīla	ပရိ	yes	ယာယ်ဖြစ်သော-အကျင့်-သီလ။	ပရိ ယာယ်ဖြစ်သော-အကျင့်-သီလ။
215051	ပရိယာယဟေတု	pariyāyahetu	ပရိ	yes	ယာယ်ဖြစ်သော အကြောင်း။ “ပုဗ္ဗဘာဂမဂ္ဂော”။	ပရိ ယာယ်ဖြစ်သော အကြောင်း။ “ပုဗ္ဗဘာဂမဂ္ဂော”။
215061	ပရိယာဟတ	pariyāhata	(၁)	yes	(ဝိတက်ဖြင့်) ထက်ဝန်းကျင်မှ အစစွာ - တီး ခေါက်-ဆွဲဆောင်-ခြင်း၊	(၁) (ဝိတက်ဖြင့်) ထက်ဝန်းကျင်မှ အစစွာ - တီး ခေါက်-ဆွဲဆောင်-ခြ
215079	ပရိယုဋ္ဌာနဋ္ဌာယီ	pariyuṭṭhānaṭṭhāyī	(၁)	yes	လွှမ်းမိုး - နှိပ်စက် - တတ်သည်၏အဖြစ်ဖြင့် တည်လေ့ရှိသော။ (၂) 	(၁) လွှမ်းမိုး - နှိပ်စက် - တတ်သည်၏အဖြစ်ဖြင့် တည်လေ့ရှိသော။ 
215131	ပရိယေဋ္ဌိဝေပက္က	pariyeṭṭhivepakka	ရှာ	yes	မှီးခြင်းဟူသော အကျိုးရှိသော။	ရှာ မှီးခြင်းဟူသော အကျိုးရှိသော။
215145	ပရိယေသနက္ခေတ္တ	pariyesanakkhetta	ရှာ	yes	မှီးရာ- ခေတ်- အခါ။ ပရိယေသနဒုက္ခမူလ။	ရှာ မှီးရာ- ခေတ်- အခါ။ ပရိယေသနဒုက္ခမူလ။
215155	ပရိယေသနမတ္တာ	pariyesanamattā	ရှာ	yes	မှီးခြင်း၌ အတိုင်းအရှည်။	ရှာ မှီးခြင်း၌ အတိုင်းအရှည်။
215177	ပရိယေသာမိ	pariyesāmi	ရှာ	yes	မှီး၏။ ပရိယေသတိ-ကြည့်။	ရှာ မှီး၏။ ပရိယေသတိ-ကြည့်။
215184	ပရိယေသိတဗ္ဗ	pariyesitabba	ရှာ	yes	မှီး - အပ် - သင့် - ထိုက် - သော။	ရှာ မှီး - အပ် - သင့် - ထိုက် - သော။
215188	ပရိယေသိတုံ	pariyesituṁ	ရှာ	yes	မှီးခြင်းငှာ။	ရှာ မှီးခြင်းငှာ။
215193	ပရိယေသိဿံ	pariyesissaṁ	ရှာ	yes	မှီးလတ်အံ့။ ပရိယေသတိ-ကြည့်။	ရှာ မှီးလတ်အံ့။ ပရိယေသတိ-ကြည့်။
215217	ပရိယောဂါဠှ	pariyogāl̤ha	(၁) သက်	yes	ဝင်တတ်သော (ဉာဏ်)။ (၂) သက်ဝင်အပ် သော၊ ဉာဏ်ဖြင့် သက်ဝင်အပ်သော(	(၁) သက် ဝင်တတ်သော (ဉာဏ်)။ (၂) သက်ဝင်အပ် သော၊ ဉာဏ်ဖြင့် သက်ဝင
215218	ပရိယောဂါဠှဓမ္မ	pariyogāl̤hadhamma	သက်	yes	ဝင်အပ်ပြီးသော သစ္စာတရားရှိသော၊ သစ္စာ တရားသို့ သက်ဝင်ပြီးသော၊	သက် ဝင်အပ်ပြီးသော သစ္စာတရားရှိသော၊ သစ္စာ တရားသို့ သက်ဝင်ပြီး
215231	ပရိယောဒပေန္တီ	pariyodapentī	ဖြူ	yes	စင်-သန့်ရှင်း-စေသော ထေရီမ။ ပရိယော-ဒပေန္တ-ကြည့်။	ဖြူ စင်-သန့်ရှင်း-စေသော ထေရီမ။ ပရိယော-ဒပေန္တ-ကြည့်။
215237	ပရိယောဒါတဋ္ဌ	pariyodātaṭṭha	ဖြူ	yes	စင်-သန့်ရှင်း-သော အနက်သဘော။	ဖြူ စင်-သန့်ရှင်း-သော အနက်သဘော။
215241	ပရိယောဒါတမဂ္ဂ	pariyodātamagga	ဖြူ	yes	စင်-သန့်ရှင်း-သော အကြောင်း။ ပရိယော-ဒါတမဂ္ဂ။	ဖြူ စင်-သန့်ရှင်း-သော အကြောင်း။ ပရိယော-ဒါတမဂ္ဂ။
215250	ပရိယောဓာယ	pariyodhāya	(၁)	yes	ကာကွယ်-ပိတ်ဆို့-နှိမ်နင်း-၍။ (၂) (ထိုထို အကြောင်းကို) ထည့်သွ	(၁) ကာကွယ်-ပိတ်ဆို့-နှိမ်နင်း-၍။ (၂) (ထိုထို အကြောင်းကို) ထည
215418	ပရိဝဋ္ဋမာန	parivaṭṭamāna	(၁) လူး	yes	လည်းသော၊ ထိုမှ ဤမှ လူးလှိမ့်သော၊ သူ။ (၂) လည်ပတ်-လိမ့်-သော။	(၁) လူး လည်းသော၊ ထိုမှ ဤမှ လူးလှိမ့်သော၊ သူ။ (၂) လည်ပတ်-လိမ့
215424	ပရိဝဋ္ဋေတိ	parivaṭṭeti	လည်	yes	စေ၏၊ တိုက်ခတ်-တိုက်ခိုက်-၏။ ပရိဝဋ္ဋေသီ။	လည် စေ၏၊ တိုက်ခတ်-တိုက်ခိုက်-၏။ ပရိဝဋ္ဋေသီ။
215425	ပရိဝဋ္ဋေတွာ	parivaṭṭetvā	(၁) လည်	yes	ပတ်-လည်ကျ-၍။ (၂) လှည့်ပတ်-ပြန်လှန်-လဲလှယ်-၍။ (၃) လူးလည်း၍၊ ထ	(၁) လည် ပတ်-လည်ကျ-၍။ (၂) လှည့်ပတ်-ပြန်လှန်-လဲလှယ်-၍။ (၃) လူး
215426	ပရိဝဋ္ဋေန္တ	parivaṭṭenta	(၁) လူး	yes	လည်းသော၊ ထိုမှ ဤမှ လူးလှိမ့်သော၊ သူ။ (၂) လှည့်ပတ်-လိမ့်-စေသေ	(၁) လူး လည်းသော၊ ထိုမှ ဤမှ လူးလှိမ့်သော၊ သူ။ (၂) လှည့်ပတ်-လိ
215427	ပရိဝဋ္ဋေသိ	parivaṭṭesi	လည်	yes	စေပြီ၊ တိုက်ခတ်-တိုက်ခိုက်-ပြီ။ ပရိဝဋ္ဋေတိ-ကြည့်။	လည် စေပြီ၊ တိုက်ခတ်-တိုက်ခိုက်-ပြီ။ ပရိဝဋ္ဋေတိ-ကြည့်။
215432	ပရိဝဍ္ဎေတိ	parivaḍḍheti	စီး	yes	ပွား-တိုးပွား-စေ၏။	စီး ပွား-တိုးပွား-စေ၏။
215433	ပရိဝဍ္ဎေသိ	parivaḍḍhesi	စီး	yes	ပွား-တိုးပွား-စေပြီ။ အထက်ပုဒ်-ကြည့်။	စီး ပွား-တိုးပွား-စေပြီ။ အထက်ပုဒ်-ကြည့်။
215449	ပရိဝတ္တနက	parivattanaka	(၁) လည်	yes	(၂) လဲလှယ်-ဖလှယ်-အပ်သော။ (၁) ပရိဝတ္တနပါဒ-ကြည့်။ (၂) ပရိဝတ္တန	(၁) လည် သော။ (၂) လဲလှယ်-ဖလှယ်-အပ်သော။ (၁) ပရိဝတ္တနပါဒ-ကြည့်။
215450	ပရိဝတ္တနကထာ	parivattanakathā	လဲ	yes	လှယ်-ဖလှယ်-ခြင်းကို ဆိုရာစကား၊ ပရိဝတ္တ-နကထာ။	လဲ လှယ်-ဖလှယ်-ခြင်းကို ဆိုရာစကား၊ ပရိဝတ္တ-နကထာ။
215452	ပရိဝတ္တနကပါဒ	parivattanakapāda	လည်	yes	သောခြေရှိသော၊ သူ။	လည် သောခြေရှိသော၊ သူ။
215455	ပရိဝတ္တနကီဠာ	parivattanakīl̤ā	ထက်	yes	အောက် ပြောင်းပြန်လှန်သောအားဖြင့် ကစား ခြင်း၊ ကျွမ်းထိုး၍ ကစာ	ထက် အောက် ပြောင်းပြန်လှန်သောအားဖြင့် ကစား ခြင်း၊ ကျွမ်းထိုး၍
215461	ပရိဝတ္တနဓနဓည	parivattanadhanadhañña	လဲ	yes	လှယ်-ဖလှယ်-အပ်သော ဥစ္စာ စပါး။ ပရိ-ဝတ္တဓနဓညဝသေနာ။	လဲ လှယ်-ဖလှယ်-အပ်သော ဥစ္စာ စပါး။ ပရိ-ဝတ္တဓနဓညဝသေနာ။
215473	ပရိဝတ္တနသမတ္ထ	parivattanasamattha	(၁)	yes	လှည့်လည်ခြင်းငှာ စွမ်းနိုင်သော။ (၂) ဖြစ်ခြင်း-ပြောင်းလွှဲခြင	(၁) လှည့်လည်ခြင်းငှာ စွမ်းနိုင်သော။ (၂) ဖြစ်ခြင်း-ပြောင်းလွှ
215484	ပရိဝတ္တမာန	parivattamāna	(၁)	yes	လည်- လည်ပတ်- သော။ (၂) ဖောက်ပြန်-ပြောင်းလဲ-သော။ (၃) ထက်အောက် 	(၁) လည်- လည်ပတ်- သော။ (၂) ဖောက်ပြန်-ပြောင်းလဲ-သော။ (၃) ထက်အေ
215486	ပရိဝတ္တယတိ	parivattayati	(၁)	yes	ထက်ဝန်းကျင်မှ လှည့်လည်-သွားလာ-၏၊ စောက်ရှောက်၏။ (၂) လဲလှယ်-ဖလ	(၁) ထက်ဝန်းကျင်မှ လှည့်လည်-သွားလာ-၏၊ စောက်ရှောက်၏။ (၂) လဲလှယ
215487	ပရိဝတ္တယတိ	parivattayati	(၁)	yes	ပြောင်းလဲစေ၏။ (၂) ပြန်လည်စေ၏၊ ပယ် ၏။	(၁) ပြောင်းလဲစေ၏။ (၂) ပြန်လည်စေ၏၊ ပယ် ၏။
215488	ပရိဝတ္တယန္တ	parivattayanta	လဲ	yes	လှယ်-ဖလှယ်-သော၊ သူ။	လဲ လှယ်-ဖလှယ်-သော၊ သူ။
215489	ပရိဝတ္တယန္တိ	parivattayanti	ထက်	yes	ဝန်းကျင်မှ လှည့်လည်- သွားလာ- ကုန်၏၊ စောင့်ရှောက်ကုန်၏။ ပရိဝတ	ထက် ဝန်းကျင်မှ လှည့်လည်- သွားလာ- ကုန်၏၊ စောင့်ရှောက်ကုန်၏။ ပ
215492	ပရိဝတ္တယိ	parivattayi	လည်	yes	စေပြီ၊ ပယ်ပြီ။ ပရိဝတ္တယတိ၂-ကြည့်။	လည် စေပြီ၊ ပယ်ပြီ။ ပရိဝတ္တယတိ၂-ကြည့်။
215511	ပရိဝတ္တိတပတ္တ	parivattitapatta	လဲ	yes	လှယ်-ဖလှယ်-အပ်သောသပိတ်။	လဲ လှယ်-ဖလှယ်-အပ်သောသပိတ်။
215514	ပရိဝတ္တိတဘာဝ	parivattitabhāva	(၁) လဲ	yes	လှယ်-ဖလှယ်-အပ်သည်၏အဖြစ်။ (၂) စွန့် ပစ်အပ်သည်၏ အဖြစ်။	(၁) လဲ လှယ်-ဖလှယ်-အပ်သည်၏အဖြစ်။ (၂) စွန့် ပစ်အပ်သည်၏ အဖြစ်။
215521	ပရိဝတ္တိယမာန	parivattiyamāna	(၁)	yes	လဲလှယ် - ဖလှယ် - အပ်သော။ (၂) ထက် အောက် ပြောင်းပြန်လှန်အပ်သော	(၁) လဲလှယ် - ဖလှယ် - အပ်သော။ (၂) ထက် အောက် ပြောင်းပြန်လှန်အပ
215522	ပရိဝတ္တိယမာနရဇတစက္ကသဿိရိက	parivattiyamānarajatacakkasassirika	လည်	yes	စေ - လှည့် - အပ်သော ငွေစက်ဝန်းကဲ့သို့ အသရေရှိသော။	လည် စေ - လှည့် - အပ်သော ငွေစက်ဝန်းကဲ့သို့ အသရေရှိသော။
215524	ပရိဝတ္တိဿတိ	parivattissati	လူး	yes	လည်း-လူးလှိမ့်-လှုပ်ရှား-လတ္တံ့။ ပရိဝတ္တတိ-ကြည့်။	လူး လည်း-လူးလှိမ့်-လှုပ်ရှား-လတ္တံ့။ ပရိဝတ္တတိ-ကြည့်။
215527	ပရိဝတ္တေတဗ္ဗ	parivattetabba	(၁)	yes	လဲလှယ်-ဖလှယ်-အပ်သော။ (၂) ပြန်-ဆန့် ကျင်ဘက်ပြု-အပ်သော။ (၂) ပရ	(၁) လဲလှယ်-ဖလှယ်-အပ်သော။ (၂) ပြန်-ဆန့် ကျင်ဘက်ပြု-အပ်သော။ (၂
215529	ပရိဝတ္တေတိ	parivatteti	(၁)	yes	လည်-လည်ပတ်-၏။ (၂) သွားလာ၏။ (၃) လဲလှယ်- ဖလှယ်- ၏။ (၃) ပရိဝတ္တ	(၁) လည်-လည်ပတ်-၏။ (၂) သွားလာ၏။ (၃) လဲလှယ်- ဖလှယ်- ၏။ (၃) ပရိ
215531	ပရိဝတ္တေတုံ	parivattetuṁ	(၁)	yes	လဲလှယ်-ဖလှယ်-ရောင်းဝယ်-ခြင်းငှာ။ (၂) လူး လည်း-လူးလှိမ့်-လှုပ	(၁) လဲလှယ်-ဖလှယ်-ရောင်းဝယ်-ခြင်းငှာ။ (၂) လူး လည်း-လူးလှိမ့်-
215532	ပရိဝတ္တေတုကာမ	parivattetukāma	(၁)	yes	လဲလှယ်-ဖလှယ်-ခြင်းငှာ အလိုရှိသော၊ သူ။ (၂) ပြန်လည်စေ-ပယ်-ခြင်	(၁) လဲလှယ်-ဖလှယ်-ခြင်းငှာ အလိုရှိသော၊ သူ။ (၂) ပြန်လည်စေ-ပယ်-
215535	ပရိဝတ္တေထ	parivattetha	လဲ	yes	လှယ်- ဖလှယ်- ကြကုန်လော။ ပရိဝတ္တတိ၁-ကြည့်။ ပရိဝတ္တေန္တ	လဲ လှယ်- ဖလှယ်- ကြကုန်လော။ ပရိဝတ္တတိ၁-ကြည့်။ ပရိဝတ္တေန္တ
215537	ပရိဝတ္တေန္တိ	parivattenti	(၁)	yes	လည်-လည်ပတ်-ကုန်၏။ (၂) လဲလှယ်-ဖ လှယ်-ကုန်၏။ ပရိဝတ္တေတိ၁-ကြည့်	(၁) လည်-လည်ပတ်-ကုန်၏။ (၂) လဲလှယ်-ဖ လှယ်-ကုန်၏။ ပရိဝတ္တေတိ၁-က
215540	ပရိဝတ္တေယျ	parivatteyya	(၁)	yes	ဖောက်ပြန်-ပြောင်းလဲ-ရာ၏။ (၂) လဲကျရာ ၏။ ပရိဝတ္တတိ-ကြည့်။	(၁) ဖောက်ပြန်-ပြောင်းလဲ-ရာ၏။ (၂) လဲကျရာ ၏။ ပရိဝတ္တတိ-ကြည့်။
215542	ပရိဝတ္တေယျံ	parivatteyyaṁ	လဲ	yes	လှယ်-ဖလှယ်-ရောင်းဝယ်-ရာ၏။ ပရိဝတ္တတိ-ကြည့်။	လဲ လှယ်-ဖလှယ်-ရောင်းဝယ်-ရာ၏။ ပရိဝတ္တတိ-ကြည့်။
215546	ပရိဝတ္တေသိ	parivattesi	လဲ	yes	လှယ်-ဖလှယ်-ပြီ။ ပရိဝတ္တေတိ၁-ကြည့်။	လဲ လှယ်-ဖလှယ်-ပြီ။ ပရိဝတ္တေတိ၁-ကြည့်။
215549	ပရိဝတ္တေသိံ	parivattesiṁ	လဲ	yes	လှယ်-ဖလှယ်-ပြီ။ ပရိဝတ္တေတိ၁-ကြည့်။	လဲ လှယ်-ဖလှယ်-ပြီ။ ပရိဝတ္တေတိ၁-ကြည့်။
215551	ပရိဝတ္တေဿံ	parivattessaṁ	လဲ	yes	လှယ် - ဖလှယ် - လတ်အံ့။ ပရိဝတ္တေတိ၁-ကြည့်။	လဲ လှယ် - ဖလှယ် - လတ်အံ့။ ပရိဝတ္တေတိ၁-ကြည့်။
215555	ပရိဝတ္တေဟိ	parivattehi	လဲ	yes	လှယ်-ဖလှယ်-လော။ ပရိဝတ္တေတိ၁-ကြည့်။	လဲ လှယ်-ဖလှယ်-လော။ ပရိဝတ္တေတိ၁-ကြည့်။
215571	ပရိဝသိတွာ	parivasitvā	(၁) နေ	yes	ထိုင်၍၊ ကျင့်သုံး-ထုံမွှမ်း-၍။ (၂) ကျင့်သုံး၍၊ ပရိဝါသ်နေ၍။ (	(၁) နေ ထိုင်၍၊ ကျင့်သုံး-ထုံမွှမ်း-၍။ (၂) ကျင့်သုံး၍၊ ပရိဝါသ
215618	ပရိဝါရယိတွာ	parivārayitvā	ခြံ	yes	ရံ-ဝိုင်းရံ-၍။	ခြံ ရံ-ဝိုင်းရံ-၍။
215637	ပရိဝါရသဟဿ	parivārasahassa	တစ်	yes	ထောင်သော- အခြံအရံ- အခြေအရံ။	တစ် ထောင်သော- အခြံအရံ- အခြေအရံ။
215654	ပရိဝါရီယတိ	parivārīyati	ခြံ	yes	ရံ-ဝိုင်းရံ-အပ်၏။	ခြံ ရံ-ဝိုင်းရံ-အပ်၏။
215657	ပရိဝါရေတွာ	parivāretvā	(က)	yes	ခြံရံ-ဝိုင်းရံ-ပိတ်ဆို့-၍။ (ခ) ဆောင်၍။	(က) ခြံရံ-ဝိုင်းရံ-ပိတ်ဆို့-၍။ (ခ) ဆောင်၍။
215666	ပရိဝါရေဿန္တိ	parivāressanti	ခြံ	yes	ရံ-ဝိုင်းရံ-ကုန်လတ္တံ့။ ပရိဝါရေတိ-ကြည့်။	ခြံ ရံ-ဝိုင်းရံ-ကုန်လတ္တံ့။ ပရိဝါရေတိ-ကြည့်။
215671	ပရိဝါသကာရဏ	parivāsakāraṇa	ပရိ	yes	ဝါသ် ဆောက်တည်၍ ကျင့်သုံးခြင်းဟူသော အကြောင်း။	ပရိ ဝါသ် ဆောက်တည်၍ ကျင့်သုံးခြင်းဟူသော အကြောင်း။
215674	ပရိဝါသဒါနကိစ္စ	parivāsadānakicca	ပရိ	yes	ဝါသ်ပေးခြင်း-အမှု-ကိစ္စ။	ပရိ ဝါသ်ပေးခြင်း-အမှု-ကိစ္စ။
215675	ပရိဝါသဒါနတ္ထ	parivāsadānattha	ပရိ	yes	ဝါသ်ပေးခြင်း အကျိုး။	ပရိ ဝါသ်ပေးခြင်း အကျိုး။
215677	ပရိဝါသဒါနသိဒ္ဓိ	parivāsadānasiddhi	ပရိ	yes	ဝါသ်ပေးခြင်း၏ ပြီးစီးခြင်း။	ပရိ ဝါသ်ပေးခြင်း၏ ပြီးစီးခြင်း။
215678	ပရိဝါသပညာပန	parivāsapaññāpana	ပရိ	yes	ဝါသ်ကို သိစေခြင်း။	ပရိ ဝါသ်ကို သိစေခြင်း။
215690	ပရိဝါသာဘာဝ	parivāsābhāva	ပရိ	yes	ဝါသ်၏ မရှိခြင်း။ “ဆာဒနပစ္စယာပီ”တိ အာဒိ။	ပရိ ဝါသ်၏ မရှိခြင်း။ “ဆာဒနပစ္စယာပီ”တိ အာဒိ။
215693	ပရိဝါသာဝသာန	parivāsāvasāna	ပရိ	yes	ဝါသ်၏ အဆုံးအစွန်။	ပရိ ဝါသ်၏ အဆုံးအစွန်။
215696	ပရိဝါသေတိ	parivāseti	နေ	yes	ထိုင်စေ၏။	နေ ထိုင်စေ၏။
215697	ပရိဝါသေသုံ	parivāsesuṁ	နေ	yes	ထိုင်စေကုန်ပြီ။ အထက်ပုဒ်-ကြည့်။	နေ ထိုင်စေကုန်ပြီ။ အထက်ပုဒ်-ကြည့်။
215701	ပရိဝိတက္ကဒဿန	parivitakkadassana	(၁)	yes	အကြံအစည်ကို ပြခြင်း။ (တိ) (၂) အကြံ အစည်ကို ပြတတ်သော။	(၁) အကြံအစည်ကို ပြခြင်း။ (တိ) (၂) အကြံ အစည်ကို ပြတတ်သော။
215703	ပရိဝိတက္ကနတ္ထ	parivitakkanattha	ကြံ	yes	စည်-စဥ်းစား-ဆင်ခြင်-ခြင်း အနက်။	ကြံ စည်-စဥ်းစား-ဆင်ခြင်-ခြင်း အနက်။
215738	ပရိဝိသယတိ	parivisayati	စား	yes	သောက်၏။ ပရိဝိသယန္တီ။	စား သောက်၏။ ပရိဝိသယန္တီ။
215739	ပရိဝိသယန္တိ	parivisayanti	စား	yes	သောက်ကုန်၏။ အထက်ပုဒ်-ကြည့်။	စား သောက်ကုန်၏။ အထက်ပုဒ်-ကြည့်။
215767	ပရိဝီမံသေယျ	parivīmaṁseyya	စူး	yes	စမ်း-ကြည့်ရှု-ရှာဖွေ-ရာ၏၊ ကြံစည်-သုံးသပ်-ဆင်ခြင်-ရာ၏။ ပရိဝီမ	စူး စမ်း-ကြည့်ရှု-ရှာဖွေ-ရာ၏၊ ကြံစည်-သုံးသပ်-ဆင်ခြင်-ရာ၏။ ပရ
215771	ပရိဝုတ	parivuta	(က)	yes	ခြံရံ-ဝိုင်းရံ-အပ်သော။ (ခ) ခြံရံ-ပိတ်ဆို့-လွှမ်း မိုး-ရစ်ပတ်	(က) ခြံရံ-ဝိုင်းရံ-အပ်သော။ (ခ) ခြံရံ-ပိတ်ဆို့-လွှမ်း မိုး-ရစ
215774	ပရိဝုတ္ထ	parivuttha	(၁)	yes	ကျင့်သုံးပြီးသော၊ သူ။ (၂) သိုးပုပ်-ကင်း-ပြီး သော။ (၃) ကျင့်သ	(၁) ကျင့်သုံးပြီးသော၊ သူ။ (၂) သိုးပုပ်-ကင်း-ပြီး သော။ (၃) ကျ
215805	ပရိဝေဏသမ္မဇ္ဇန	pariveṇasammajjana	ပရိ	yes	ဝုဏ်- ကျောင်းဝန်း- ကို တံမြက်လှည်းခြင်း။	ပရိ ဝုဏ်- ကျောင်းဝန်း- ကို တံမြက်လှည်းခြင်း။
215817	ပရိဝေါဒါတဝါဒ	parivodātavāda	ထက်	yes	ဝန်းကျင် ဖြူစင်ခြင်းကို ဆိုတတ်သော၊ သူ။	ထက် ဝန်းကျင် ဖြူစင်ခြင်းကို ဆိုတတ်သော၊ သူ။
215826	ပရိသက္ကန္တိ	parisakkanti	အား	yes	ထုတ်-ကြိုးစား-လုံ့လပြု-ကုန်၏။ ပရိသက္ကတိ (၁)ကြည့်။	အား ထုတ်-ကြိုးစား-လုံ့လပြု-ကုန်၏။ ပရိသက္ကတိ (၁)ကြည့်။
215827	ပရိသက္ကမာန	parisakkamāna	အား	yes	ထုတ်-ကြိုးစား-လုံ့လပြု-သော။	အား ထုတ်-ကြိုးစား-လုံ့လပြု-သော။
215828	ပရိသက္ကာမိ	parisakkāmi	အား	yes	ထုတ်-ကြိုးစား-လုံ့လပြု-၏။ ပရိသက္ကတိ(၁) ကြည့်။	အား ထုတ်-ကြိုးစား-လုံ့လပြု-၏။ ပရိသက္ကတိ(၁) ကြည့်။
215832	ပရိသက္ကေယျ	parisakkeyya	အား	yes	ထုတ်-ကြိုးစား-လုံ့လပြု-ရာ၏။ ပရိသက္ကတိ (၁)ကြည့်။	အား ထုတ်-ကြိုးစား-လုံ့လပြု-ရာ၏။ ပရိသက္ကတိ (၁)ကြည့်။
215840	ပရိသင်္ကန္တ	parisaṅkanta	ယုံ	yes	မှား-သို့လော သို့လော တွေးတော-သံသယ ဖြစ်-အထင်လွဲမှား-သော။	ယုံ မှား-သို့လော သို့လော တွေးတော-သံသယ ဖြစ်-အထင်လွဲမှား-သော။
215844	ပရိသင်္ကာမိ	parisaṅkāmi	ယုံ	yes	မှား-သို့လော သို့လော တွေးတော-သံသယ ဖြစ်-အထင်လွဲမှား-၏။ ပရိသင်	ယုံ မှား-သို့လော သို့လော တွေးတော-သံသယ ဖြစ်-အထင်လွဲမှား-၏။ ပရ
215845	ပရိသင်္ကိတ	parisaṅkita	(၁)	yes	ယုံမှား-သို့လော သို့လော တွေးတော-သံသ ယဖြစ်-အထင်လွဲမှား-အပ်သော	(၁) ယုံမှား-သို့လော သို့လော တွေးတော-သံသ ယဖြစ်-အထင်လွဲမှား-အပ
215847	ပရိသင်္ကိတဗ္ဗ	parisaṅkitabba	ယုံ	yes	မှား-သို့လော သို့လော တွေးတော-သံသယ ဖြစ်-အထင်လွဲမှား-အပ်သော၊ အ	ယုံ မှား-သို့လော သို့လော တွေးတော-သံသယ ဖြစ်-အထင်လွဲမှား-အပ်သေ
215859	ပရိသဇ္ဈာသယ	parisajjhāsaya	ပရိ	yes	သတ်၏- အလို- ဆန္ဒ- အဇ္ဈာသယ။	ပရိ သတ်၏- အလို- ဆန္ဒ- အဇ္ဈာသယ။
215868	ပရိသဒေါသ	parisadosa	ပရိ	yes	သတ်၌ဖြစ်သော အပြစ်၊ ပရိသတ်၏ အပြစ်။	ပရိ သတ်၌ဖြစ်သော အပြစ်၊ ပရိသတ်၏ အပြစ်။
215869	ပရိသာဒေါသ	parisādosa	ပရိ	yes	သတ်၌ဖြစ်သော အပြစ်၊ ပရိသတ်၏ အပြစ်။	ပရိ သတ်၌ဖြစ်သော အပြစ်၊ ပရိသတ်၏ အပြစ်။
215880	ပရိသပရိယန္တ	parisapariyanta	(၁) ပရိ	yes	သတ်၏ - အဆုံး - အစွန်။ (၂) ပရိသတ် ဟူသော-အဆုံး-အပိုင်းအခြား။ (	(၁) ပရိ သတ်၏ - အဆုံး - အစွန်။ (၂) ပရိသတ် ဟူသော-အဆုံး-အပိုင်း
215882	ပရိသပရိယာပန္န	parisapariyāpanna	ပရိ	yes	သတ်၌ - အကျုံးဝင် - ပါဝင် - ဖြစ် - သော။	ပရိ သတ်၌ - အကျုံးဝင် - ပါဝင် - ဖြစ် - သော။
215884	ပရိသပါရိဝါသိယ	parisapārivāsiya	ပရိ	yes	သတ်၏ သိုးခြင်း။ ဤဝေါဟာရသည် ဝိနည်း ဝေါဟာရ ဖြစ်သည်၊ ရဟန်းတို့သ	ပရိ သတ်၏ သိုးခြင်း။ ဤဝေါဟာရသည် ဝိနည်း ဝေါဟာရ ဖြစ်သည်၊ ရဟန်းတ
215899	ပရိသမာပန	parisamāpana	(၁)	yes	ပြီးစီး-ပြီးဆုံး-ခြင်း။ (၂) ပြီးဆုံးရာအခါ။ မာ အာမိသဒါယာဒါ။	(၁) ပြီးစီး-ပြီးဆုံး-ခြင်း။ (၂) ပြီးဆုံးရာအခါ။ မာ အာမိသဒါယာဒ
215900	ပရိသမာပနတ္ထ	parisamāpanattha	(၁)	yes	ပြီးဆုံးခြင်းအနက်။ (တိ) (၂) ပြီးဆုံးခြင်း အနက်ရှိသော (ဣတိသဒ္	(၁) ပြီးဆုံးခြင်းအနက်။ (တိ) (၂) ပြီးဆုံးခြင်း အနက်ရှိသော (ဣတ
215905	ပရိသမ္ဗာဟန္တ	parisambāhanta	ထက်	yes	ဝန်းကျင်မှ-ကိုင်တွယ်-သုံးသပ်-ဆုပ်နယ်-နှိပ် နယ်-သော၊ သူ။	ထက် ဝန်းကျင်မှ-ကိုင်တွယ်-သုံးသပ်-ဆုပ်နယ်-နှိပ် နယ်-သော၊ သူ။
215906	ပရိသမ္ဗာဟိ	parisambāhi	ထက်	yes	ဝန်းကျင်မှ-ကိုင်တွယ်-သုံးသပ်-ဆုပ်နယ်-နှိပ် နယ်-ပြီ။ ပရိသမ္ဗာ	ထက် ဝန်းကျင်မှ-ကိုင်တွယ်-သုံးသပ်-ဆုပ်နယ်-နှိပ် နယ်-ပြီ။ ပရိသ
215909	ပရိသရ	parisara	ထက်	yes	ဝန်းကျင်မှ- လှည့်လည်- သွားလာ- ရာဖြစ် သော မြေ၊ မြို့, တောင်စသ	ထက် ဝန်းကျင်မှ- လှည့်လည်- သွားလာ- ရာဖြစ် သော မြေ၊ မြို့, တော
215915	ပရိသဝိပတ္တိ	parisavipatti	ပရိ	yes	သတ်၏-ပျက်စီး-မပြည့်စုံ-ခြင်း။	ပရိ သတ်၏-ပျက်စီး-မပြည့်စုံ-ခြင်း။
215916	ပရိသာဝိပတ္တိ	parisāvipatti	ပရိ	yes	သတ်၏-ပျက်စီး-မပြည့်စုံ-ခြင်း။	ပရိ သတ်၏-ပျက်စီး-မပြည့်စုံ-ခြင်း။
215927	ပရိသဟတိ	parisahati	(၁)	yes	သည်းခံ၏။ (၂) ထက်ဝန်းကျင်မှ-လွှမ်းမိုးနှိပ် စက်-နင်းနယ်ကြိတ်ခ	(၁) သည်းခံ၏။ (၂) ထက်ဝန်းကျင်မှ-လွှမ်းမိုးနှိပ် စက်-နင်းနယ်ကြ
215930	ပရိသဟန္တိ	parisahanti	ထက်	yes	ဝန်းကျင်မှ- လွှမ်းမိုးနှိပ်စက်- နင်းနယ်ကြိတ် ချေ-ကုန်၏။ ပရိသ	ထက် ဝန်းကျင်မှ- လွှမ်းမိုးနှိပ်စက်- နင်းနယ်ကြိတ် ချေ-ကုန်၏။ 
215931	ပရိသဟေယျ	parisaheyya	ထက်	yes	ဝန်းကျင်မှ- လွှမ်းမိုးနှိပ်စက်- နင်းနယ်ကြိတ် ချေ-ရာ၏။ ပရိသဟတ	ထက် ဝန်းကျင်မှ- လွှမ်းမိုးနှိပ်စက်- နင်းနယ်ကြိတ် ချေ-ရာ၏။ ပရ
215938	ပရိသာပဒေသ	parisāpadesa	ပရိ	yes	သတ်ကို ညွှန်းခြင်း။	ပရိ သတ်ကို ညွှန်းခြင်း။
215942	ပရိသာဝစရ	parisāvacara	(က) ပရိ	yes	သတ်-လူစုလူဝေး-၌ (သူတစ်ပါးအယူကို နှိပ် နင်း၍ မိမိအယူကို ထင်စွ	(က) ပရိ သတ်-လူစုလူဝေး-၌ (သူတစ်ပါးအယူကို နှိပ် နင်း၍ မိမိအယူက
215943	ပရိသာဝစရက	parisāvacaraka	ပရိ	yes	သတ်-လူစုလူဝေး-၌ လှည့်လည်-ကျက်စား-သွားလာ-တတ်သော၊ သူ။	ပရိ သတ်-လူစုလူဝေး-၌ လှည့်လည်-ကျက်စား-သွားလာ-တတ်သော၊ သူ။
215955	ပရိသိနေဟုပ္ပါဒ	parisinehuppāda	ထက်	yes	ဝန်းကျင်မှ- ချစ်ခင်- တွယ်တာ- စွဲလန်း- ခြင်း ၏ ဖြစ်ခြင်း။ ပရိ	ထက် ဝန်းကျင်မှ- ချစ်ခင်- တွယ်တာ- စွဲလန်း- ခြင်း ၏ ဖြစ်ခြင်း။
215959	ပရိသုက္ခပရိတိန္တ	parisukkhaparitinta	ထက်	yes	ဝန်းကျင် သွေ့ခြောက်၍ ထက်ဝန်းကျင် စို စွတ်သော၊ ခြောက်လိုက် စိ	ထက် ဝန်းကျင် သွေ့ခြောက်၍ ထက်ဝန်းကျင် စို စွတ်သော၊ ခြောက်လိုက
216006	ပရိသုဒ္ဓဒဿန	parisuddhadassana	(၁)	yes	အထူးသဖြင့်-သန့်ရှင်း-စင်ကြယ်-ခြင်းကို ရှု မြင်တတ်သော။ (၂) သန	(၁) အထူးသဖြင့်-သန့်ရှင်း-စင်ကြယ်-ခြင်းကို ရှု မြင်တတ်သော။ (၂
216116	ပရိသုပဋ္ဌာပက	parisupaṭṭhāpaka	ပရိ	yes	သတ်ကို လုပ်ကျွေးစေနိုင်သော၊ ပရိသတ် အလုပ်အကျွေးခံရသော၊ သူ။ ပါ	ပရိ သတ်ကို လုပ်ကျွေးစေနိုင်သော၊ ပရိသတ် အလုပ်အကျွေးခံရသော၊ သူ
216161	ပရိဿဇန္တိ	parissajanti	(၁)	yes	ပွေ့ဖက်ကုန်၏။ (၂) ရစ်ပတ်-ငြိကပ်-ကုန်၏။ ပရိဿဇတိ-ကြည့်။	(၁) ပွေ့ဖက်ကုန်၏။ (၂) ရစ်ပတ်-ငြိကပ်-ကုန်၏။ ပရိဿဇတိ-ကြည့်။
216172	ပရိဿမဝိနောဒန	parissamavinodana	(၁)	yes	ပင်ပန်းခြင်းကို ပယ်ဖျောက်ခြင်း။ (တိ) (၂) ပင်ပန်းခြင်းကို ပယ်	(၁) ပင်ပန်းခြင်းကို ပယ်ဖျောက်ခြင်း။ (တိ) (၂) ပင်ပန်းခြင်းကို
216175	ပရိဿမာကာရ	parissamākāra	ပင်	yes	ပန်းသောအခြင်းအရာ။	ပင် ပန်းသောအခြင်းအရာ။
216194	ပရိဿယဝိနယ	parissayavinaya	ဘေး	yes	ရန်ကို ပယ်ဖျောက်တတ်သော၊ ဘေးရန်ကို ပယ်ဖျောက်ရာဖြစ်သော။	ဘေး ရန်ကို ပယ်ဖျောက်တတ်သော၊ ဘေးရန်ကို ပယ်ဖျောက်ရာဖြစ်သော။
216198	ပရိဿယဝိမုတ္တ	parissayavimutta	ဘေး	yes	ရန်မှ လွတ်သော။	ဘေး ရန်မှ လွတ်သော။
216219	ပရိဿာဝိတ	parissāvita	ထက်	yes	ဝန်းကျင်မှ-ယို-စီး-ယိုစီး-စေအပ်သော၊ စစ် အပ်သော။ (-ကင်္ခါ၊ဋီ၊	ထက် ဝန်းကျင်မှ-ယို-စီး-ယိုစီး-စေအပ်သော၊ စစ် အပ်သော။ (-ကင်္ခါ
216225	ပရိဿာဝေန္တီ	parissāventī	ထက်	yes	ဝန်းကျင်မှ-ယို-စီး-ယိုစီး-စေသော မိန်းမ၊ စစ် သောမိန်းမ။ အထက်ပ	ထက် ဝန်းကျင်မှ-ယို-စီး-ယိုစီး-စေသော မိန်းမ၊ စစ် သောမိန်းမ။ အ
216242	ပရိဟရဏတ္ထ	pariharaṇattha	(က)	yes	ရှောင်လွှဲခြင်းအကျိုး။ (ခ) ပယ်ခြင်းအကျိုး။	(က) ရှောင်လွှဲခြင်းအကျိုး။ (ခ) ပယ်ခြင်းအကျိုး။
216260	ပရိဟရသိ	pariharasi	(က)	yes	ဆောင်လော့။ (ခ) ရှောင်လွှဲလော့။ ပရိဟရတိ-ကြည့်။	(က) ဆောင်လော့။ (ခ) ရှောင်လွှဲလော့။ ပရိဟရတိ-ကြည့်။
216286	ပရိဟရိဿထ	pariharissatha	(က)	yes	ဆောင်ကုန်အံ့။ (ခ) ဆောင်ယူကုန်အံ့။ ပရိဟရတိ-ကြည့်။	(က) ဆောင်ကုန်အံ့။ (ခ) ဆောင်ယူကုန်အံ့။ ပရိဟရတိ-ကြည့်။
216330	ပရိဟာပန	parihāpana	(၁)	yes	ဆုတ်ယုတ်-ယုတ်လျော့-စေခြင်း။ (တိ) (၂) ဆုတ်ယုတ်-ယုတ်လျော့-စေအပ	(၁) ဆုတ်ယုတ်-ယုတ်လျော့-စေခြင်း။ (တိ) (၂) ဆုတ်ယုတ်-ယုတ်လျော့-
216445	ပရိဠာဟကာလ	paril̤āhakāla	ပူ	yes	လောင်-ပူအိုက်-ရာ- အချိန်- အခါ- ကာလ။	ပူ လောင်-ပူအိုက်-ရာ- အချိန်- အခါ- ကာလ။
216449	ပရိဠာဟဇာတ	paril̤āhajāta	ပူ	yes	လောင်-ပူပန်-ခြင်း သဘောရှိသော။	ပူ လောင်-ပူပန်-ခြင်း သဘောရှိသော။
216453	ပရိဠာဟနာနတ္တ	paril̤āhanānatta	ပူ	yes	လောင်-ပူပန်-ခြင်း၏- ထူး-မတူ- သည်၏ အဖြစ်-ခြင်း။	ပူ လောင်-ပူပန်-ခြင်း၏- ထူး-မတူ- သည်၏ အဖြစ်-ခြင်း။
216455	ပရိဠာဟနိဗ္ဗာပန	paril̤āhanibbāpana	ပူ	yes	လောင်-ပူအိုက်- ခြင်းကို- ငြိမ်း-အေး-ငြိမ်း အေး-စေသော။	ပူ လောင်-ပူအိုက်- ခြင်းကို- ငြိမ်း-အေး-ငြိမ်း အေး-စေသော။
216468	ပရိဠာဟဝူပသမ	paril̤āhavūpasama	ပူ	yes	လောင်-ပူပန်-ခြင်း၏ ငြိမ်းအေးခြင်း။	ပူ လောင်-ပူပန်-ခြင်း၏ ငြိမ်းအေးခြင်း။
216475	ပရိဠာဟသမယ	paril̤āhasamaya	ပူ	yes	လောင်-ပူအိုက်-ရာ- အချိန်-အခါ-ကာလ။	ပူ လောင်-ပူအိုက်-ရာ- အချိန်-အခါ-ကာလ။
216480	ပရိဠာဟူပသမ	paril̤āhūpasama	ပူ	yes	လောင်- ပူပန်- ခြင်းကို ငြိမ်းအေးစေသော။	ပူ လောင်- ပူပန်- ခြင်းကို ငြိမ်းအေးစေသော။
216503	ပရူပဃာတဝိဇ္ဇာ	parūpaghātavijjā	သူ	yes	တစ်ပါးတို့ကို- နှိပ်စက်-ညှဥ်းဆဲ-သတ်ဖြတ်-ကြောင်း အတတ်ပညာ။	သူ တစ်ပါးတို့ကို- နှိပ်စက်-ညှဥ်းဆဲ-သတ်ဖြတ်-ကြောင်း အတတ်ပညာ။
216513	ပရူပဒေသဝိဂတ	parūpadesavigata	သူ	yes	တစ်ပါးတို့၏-ညွှန်ကြား-လမ်းညွှန်-နည်းပေး-မှုမှ ကင်းသော၊ သူတစ်	သူ တစ်ပါးတို့၏-ညွှန်ကြား-လမ်းညွှန်-နည်းပေး-မှုမှ ကင်းသော၊ သူ
216514	ပရူပဒေသဝိရဟ	parūpadesaviraha	သူ	yes	တစ်ပါးတို့၏-ညွှန်ကြား-လမ်းညွှန်-နည်းပေး-မှုနှင့် ကင်းသော၊ သူ	သူ တစ်ပါးတို့၏-ညွှန်ကြား-လမ်းညွှန်-နည်းပေး-မှုနှင့် ကင်းသော၊
216596	ပရောပရ	paropara	(၁) သူ	yes	တစ်ပါးနှင့် မိမိ၊ သူတစ်ပါးအတ္တဘော, မိမိ အတ္တဘော။ (တိ) (၂) အမ	(၁) သူ တစ်ပါးနှင့် မိမိ၊ သူတစ်ပါးအတ္တဘော, မိမိ အတ္တဘော။ (တိ)
216628	ပလဏ္ဍုက	palaṇḍuka	ပလ	yes	ဏ္ဍုကမည်သော ကြက်သွန်၊ ထိုကြက်သွန် သည် ဖျော့တော့သောအဆင်းရှိ၍ 	ပလ ဏ္ဍုကမည်သော ကြက်သွန်၊ ထိုကြက်သွန် သည် ဖျော့တော့သောအဆင်းရှ
216676	ပလာပ	palāpa	(၁)	yes	အကျိုးမရှိ-အချည်းနှီး-သော စကား၊ အဖျင်း စကား။ (တိ) (၂) အတွင်း	(၁) အကျိုးမရှိ-အချည်းနှီး-သော စကား၊ အဖျင်း စကား။ (တိ) (၂) အတ
216698	ပလာပေမိ	palāpemi	(၁)	yes	ပြေး-ထွက်ပြေး-စေအံ့၊ နှင်ထုတ်-မောင်းနှင်-အံ့။ (၂) စင်ကြယ်စေအ	(၁) ပြေး-ထွက်ပြေး-စေအံ့၊ နှင်ထုတ်-မောင်းနှင်-အံ့။ (၂) စင်ကြယ
216780	ပလာလပီဌက	palālapīṭhaka	(၁)	yes	ကောက်ရိုးအင်းပျဥ်။ (၂) ကောက်ရိုးအင်းပျဥ် ကဲ့သို့ ပြု၍ ကိုယ်ခ	(၁) ကောက်ရိုးအင်းပျဥ်။ (၂) ကောက်ရိုးအင်းပျဥ် ကဲ့သို့ ပြု၍ ကိ
216808	ပလာသမာသီ	palāsamāsī	သစ်	yes	ရွက်ကို စားလေ့ရှိသော၊ သူ။	သစ် ရွက်ကို စားလေ့ရှိသော၊ သူ။
216830	ပလိခဏနကာလ	palikhaṇanakāla	တူး	yes	ဖြိုရာအခါ။	တူး ဖြိုရာအခါ။
216838	ပလိခနနခဏိတ္တိ	palikhananakhaṇitti	ပတ်	yes	ပတ်လည်- တူးဖြို- နုတ်ပယ်- ကြောင်းဖြစ် သော တူရွင်း။	ပတ် ပတ်လည်- တူးဖြို- နုတ်ပယ်- ကြောင်းဖြစ် သော တူရွင်း။
216840	ပလိဂိဇ္စျေယျ	paligijcyeyya	ထက်	yes	ဝန်းကျင်အားဖြင့်-လိုချင်-တောင့်တ-ရာ၏။ အထက်ပုဒ်ကြည့်။	ထက် ဝန်းကျင်အားဖြင့်-လိုချင်-တောင့်တ-ရာ၏။ အထက်ပုဒ်ကြည့်။
216850	ပလိဃပရိဝတ္တက	palighaparivattaka	တံ	yes	ခါးကျည်-မင်းတုတ်-ကဲ့သို့ လည်စေ၍ နှိပ် စက်ညှဥ်းဆဲခြင်း အမှု။	တံ ခါးကျည်-မင်းတုတ်-ကဲ့သို့ လည်စေ၍ နှိပ် စက်ညှဥ်းဆဲခြင်း အမှ
216851	ပလိဃပရိဝတ္တိက	palighaparivattika	တံ	yes	ခါးကျည်-မင်းတုတ်-ကဲ့သို့ လည်စေ၍ နှိပ် စက်ညှဥ်းဆဲခြင်း အမှု။ 	တံ ခါးကျည်-မင်းတုတ်-ကဲ့သို့ လည်စေ၍ နှိပ် စက်ညှဥ်းဆဲခြင်း အမှ
216854	ပလိဃုဂ္ဃါဋနာ	palighugghāṭanā	(၁) တံ	yes	ခါးကျည်-မင်းတုတ်-နှင့်တူသော အဝိဇ္ဇာကို-ပယ်နုတ်-ပယ်သတ်-ခြင်း။	(၁) တံ ခါးကျည်-မင်းတုတ်-နှင့်တူသော အဝိဇ္ဇာကို-ပယ်နုတ်-ပယ်သတ်
216859	ပလိတပါတုဘာဝ	palitapātubhāva	ဆံ	yes	ပင်ဖြူ၏ ထင်ရှား-သည်၏အဖြစ်-ခြင်း။ ဆံ ပင်ဖြူ ပေါက်ရောက်ခြင်း။	ဆံ ပင်ဖြူ၏ ထင်ရှား-သည်၏အဖြစ်-ခြင်း။ ဆံ ပင်ဖြူ ပေါက်ရောက်ခြင်
216875	ပလိဗုဇ္ဈိတွာ	palibujjhitvā	တား	yes	မြစ်-နှောင့်ယှက်-၍၊ ကပ်ငြိ၍။	တား မြစ်-နှောင့်ယှက်-၍၊ ကပ်ငြိ၍။
216876	ပလိဗုဇ္ဈိဿတိ	palibujjhissati	တား	yes	မြစ်-နှောင့်ယှက်-လတ္တံ့။ ပလိဗုဇ္ဈတိ-ကြည့်။	တား မြစ်-နှောင့်ယှက်-လတ္တံ့။ ပလိဗုဇ္ဈတိ-ကြည့်။
216877	ပလိဗုဒ္ဓ	palibuddha	(၁)	yes	တားမြစ်-နှောင့်ယှက်-နှိပ်စက်-အပ်သော။ (၂) နှောင်ဖွဲ့-ရစ်ပတ်-ဖ	(၁) တားမြစ်-နှောင့်ယှက်-နှိပ်စက်-အပ်သော။ (၂) နှောင်ဖွဲ့-ရစ်ပ
216896	ပလိဗုန္ဓိတွာ	palibundhitvā	တား	yes	မြစ်- နှောင့်ယှက်- နှိပ်စက်-၍။	တား မြစ်- နှောင့်ယှက်- နှိပ်စက်-၍။
216897	ပလိဗုန္ဓေန္တိ	palibundhenti	(၁)	yes	နှောင်ဖွဲ့-ရစ်ပတ်-ဖွဲ့ယှက်-ကုန်၏။ (၂) တား မြစ်-နှောင့်ယှက်-က	(၁) နှောင်ဖွဲ့-ရစ်ပတ်-ဖွဲ့ယှက်-ကုန်၏။ (၂) တား မြစ်-နှောင့်ယှ
216898	ပလိဗုန္ဓေယျ	palibundheyya	ကပ်	yes	ငြိရာ၏။ ပလိဗုန္ဓေတိ(၃) ကြည့်။	ကပ် ငြိရာ၏။ ပလိဗုန္ဓေတိ(၃) ကြည့်။
216901	ပလိဗောဓကရ	palibodhakara	တား	yes	မြစ်-နှောင့်ယှက်-ကြောင့်ကြ-ခြင်းကို ပြုတတ် သော။	တား မြစ်-နှောင့်ယှက်-ကြောင့်ကြ-ခြင်းကို ပြုတတ် သော။
216905	ပလိဗောဓဇာတ	palibodhajāta	တား	yes	မြစ်-နှောင့်ယှက်-နှိပ်စက်-ကြောင့်ကြ-မှု၏ ဖြစ်ခြင်း။	တား မြစ်-နှောင့်ယှက်-နှိပ်စက်-ကြောင့်ကြ-မှု၏ ဖြစ်ခြင်း။
216909	ပလိဗောဓတ္ထ	palibodhattha	(၁) တား	yes	မြစ်-နှောင့်ယှက်-နှိပ်စက်-ခြင်း အကျိုး။ (၂) နှောင်ဖွဲ့ခြင်းအ	(၁) တား မြစ်-နှောင့်ယှက်-နှိပ်စက်-ခြင်း အကျိုး။ (၂) နှောင်ဖွ
216912	ပလိဗောဓနဋ္ဌ	palibodhanaṭṭha	တား	yes	မြစ်- နှောင့်ယှက်- နှိပ်စက်- ခြင်း- အနက်-သဘော။	တား မြစ်- နှောင့်ယှက်- နှိပ်စက်- ခြင်း- အနက်-သဘော။
216915	ပလိဗောဓမူလ	palibodhamūla	တား	yes	မြစ်-နှောင့်ယှက်-နှိပ်စက်-တတ်သော မလွတ် မလပ်နေရခြင်း၏ အကြောင်	တား မြစ်-နှောင့်ယှက်-နှိပ်စက်-တတ်သော မလွတ် မလပ်နေရခြင်း၏ အကြ
216918	ပလိဗောဓသီသ	palibodhasīsa	(၁)	yes	တားမြစ်-နှောင့်ယှက်-နှိပ်စက်-ခြင်း လွန်ကဲ ပြဋ္ဌာန်းသော တဏှာ။	(၁) တားမြစ်-နှောင့်ယှက်-နှိပ်စက်-ခြင်း လွန်ကဲ ပြဋ္ဌာန်းသော တ
216928	ပလိဗောဓေတိ	palibodheti	ထက်	yes	ဝန်းကျင်-နှိပ်စက်-နှောင်ဖွဲ့-နှောင့်ယှက်-တား မြစ်-ပိတ်ဆို့-တ	ထက် ဝန်းကျင်-နှိပ်စက်-နှောင်ဖွဲ့-နှောင့်ယှက်-တား မြစ်-ပိတ်ဆိ
216930	ပလိဗောဓေန္တိ	palibodhenti	ထက်	yes	ဝန်းကျင်-နှိပ်စက်-နှောင်ဖွဲ့-နှောင့်ယှက်-တား မြစ်-ပိတ်ဆို့-တ	ထက် ဝန်းကျင်-နှိပ်စက်-နှောင်ဖွဲ့-နှောင့်ယှက်-တား မြစ်-ပိတ်ဆိ
216989	ပလုဒ္ဓ	paluddha	တွေ	yes	ဝေစေ၍၊ ဖြားယောင်း- သွေးဆောင်- ၍။	တွေ ဝေစေ၍၊ ဖြားယောင်း- သွေးဆောင်- ၍။
217013	ပလောဘန	palobhana	(၁) တွေ	yes	ဝေစေခြင်း၊ ဖြားယောင်း-သွေးဆောင်-ခြင်း။ (တိ) (၂) တွေဝေစေတတ်သေ	(၁) တွေ ဝေစေခြင်း၊ ဖြားယောင်း-သွေးဆောင်-ခြင်း။ (တိ) (၂) တွေဝ
217029	ပလောဘိံသု	palobhiṁsu	လို	yes	ချင်-တွေဝေ-စေကုန်ပြီ၊ ဖြားယောင်းကုန်ပြီ။ ပလောဘေတိ-ကြည့်။	လို ချင်-တွေဝေ-စေကုန်ပြီ၊ ဖြားယောင်းကုန်ပြီ။ ပလောဘေတိ-ကြည့်။
217035	ပလောဘိယမာန	palobhiyamāna	လို	yes	ချင်- တွေဝေ- စေအပ်- ဖြားယောင်း- သွေး ဆောင် - အပ်သော၊ သူ။ ပလေ	လို ချင်- တွေဝေ- စေအပ်- ဖြားယောင်း- သွေး ဆောင် - အပ်သော၊ သူ။
217038	ပလောဘေတုံ	palobhetuṁ	လို	yes	ချင်-တွေဝေ-စေ-ဖြားယောင်း-သွေးဆောင်-ခြင်းငှာ။	လို ချင်-တွေဝေ-စေ-ဖြားယောင်း-သွေးဆောင်-ခြင်းငှာ။
217041	ပလောဘေန္တ	palobhenta	လို	yes	ချင်-တွေဝေ-စေ-ဖြားယောင်း-သွေးဆောင်-သော၊ သူ။	လို ချင်-တွေဝေ-စေ-ဖြားယောင်း-သွေးဆောင်-သော၊ သူ။
217063	ပလ္လင်္ကပဒေသ	pallaṅkapadesa	ထက်	yes	ဝယ်ဖွဲ့ခွေ နေရာအရပ်။	ထက် ဝယ်ဖွဲ့ခွေ နေရာအရပ်။
217067	ပလ္လင်္ကပ္ပမာဏ	pallaṅkappamāṇa	(၁)	yes	ပလ္လင်အတိုင်းအရှည်ရှိသော။ (၂) ထက်ဝယ် ပလ္လင်-တင်ပလ္လင်ခွေ-အတိ	(၁) ပလ္လင်အတိုင်းအရှည်ရှိသော။ (၂) ထက်ဝယ် ပလ္လင်-တင်ပလ္လင်ခွေ
217090	ပလ္လင်္ကာဘုဇန	pallaṅkābhujana	(က)	yes	ထက်ဝယ်-တင်ပလ္လင်-ဖွဲ့ခွေခြင်း။ (ခ) ထက် ဝယ်-တင်ပလ္လင်ဖြင့်-ဖွ	(က) ထက်ဝယ်-တင်ပလ္လင်-ဖွဲ့ခွေခြင်း။ (ခ) ထက် ဝယ်-တင်ပလ္လင်ဖြင့
