id	book	headword	source	start	end	pdf_page	verdict	note
195769	14c	ပါဌာနုရူပ	body:195766	ပါဌာနုရူပ(တိ)ပါဌအနုရူပါပါဠိအား-လျော်-	သင့်လျော်-သော။ပါဌတ္ထ-ကြည့်။	349	right	§95 (the 39 wrong farther-body items of §89, from the readers' notes; start and end read on the image again): §89 note: start and end
196899	14c	ပါယေတွာ	body:196885	ပါယေတွာ(ဗျ)[ပါနဏေ+တွာသောက်စေ၍၊	နိကာယနဂရမှာနိပ္ပတိ။ဝိ၊၃။၃၈၈။	468	right	§95 (the 39 wrong farther-body items of §89, from the readers' notes; start and end read on the image again): §89 note: start and end
197329	14c	ပါလယန္တ	body:197324	ပါလယန္တ(တိ)ပါလ+ဏယ+အန္တ]စောင့်	၆၇)န္တိပဝိဝေကံပါလယန္တာ။သံဋ္ဌ၊၁။၁၁၇။	519	right	§95 (the 39 wrong farther-body items of §89, from the readers' notes; start and end read on the image again): §89 note: start and end
197406	14c	ပါဝဒတိ	body:197404	ပါဝဒတိ(ကြိ)[ပ+ဝဒ+အ+တိ]ပြောဆို၏။	ဋ၊၄။၆၁။ပါဝဒိံ--အပ၊၂။၂၆၂။ထေရီ။	528	right	§95 (the 39 wrong farther-body items of §89, from the readers' notes; start and end read on the image again): §89 note: start and end; the last printed line (၇၄။) is not in the body text
197407	14c	ပါဝဒတု	body:197404	ပါဝဒတု(ကြိ)[ပ+ဝဒ+အ+တုျပြောကြား	လော့။ပါဝဒတိ-ကြည့်။	528	right	§95 (the 39 wrong farther-body items of §89, from the readers' notes; start and end read on the image again): §89 note: start and end
197940	14c	ပိဋ္ဌိပတ္တ	body:197939	ဝန္ဒိပတ္တ(တ)ပဌိပတ္တုကျောက်ကုန်းဖြစ်	အရိုးအစိတ်အပိုင်းဟုအနက်ပေးရမည်။)	590	right	§95 (the 39 wrong farther-body items of §89, from the readers' notes; start and end read on the image again): entry found on p. 590 L (OCR head ဝန္ဒိပတ္တ), in its nearest neighbour's body; §89's line was ပိဋ္ဌိစက္က's
199668	14c	ပုဉ္ဆနတေလ	body:199661	ပုဉ္ဆနတေလ(န)[ပုဉ္ဆန+တေလျံပွတ်တိုက်-	၁၄၉။ဝိ၊သင်္ဂဟ။၁၆။	747	right	§95 (the 39 wrong farther-body items of §89, from the readers' notes; start and end read on the image again): §89 note: start and end
202376	14c	ပေက္ခတေ	body:202363	ပေက္ခတေ(ကြိ)[ပနက္ကက္ခ+အ+တေါကြည့်-	ကြည့်ရှု-မြင်-၏။ပေက္ခတိ(၁)ကြည့်။	1032	right	§95 (the 39 wrong farther-body items of §89, from the readers' notes; start and end read on the image again): §89 note: start and end; the line is given to 202376, not to 202368 (§89's candidate): the index lists ပေက္ခတေ twice, and 202376 stands in the print's order (…ပေက္ခတု 202375, ပေက္ခတေ, ပေက္ခထ 202377, ပေက္ခန 202378, ပေက္ခနီယ 202379); 202368 is the out-of-order repeat of docs/index-errata.md §5 and stays unlocated
156817	20	ဝိသက္ကိယဒူတ	body:156816	ဝိသတ္တိယဒူတ(ပ)[ဝိသက္ကိယ+ဒူတ]	“ဝိသက္ကိယဒူတော"တိဝုစ္စတိ။ဝိ၊ဋ္ဌ၊၂။	44	right	§95 (the 39 wrong farther-body items of §89, from the readers' notes; start and end read on the image again): own line (§89 right), its present text moves to 156818; the last printed line (၄၈။) is not in the body text
156818	20	ဝိသက္ကိယဒူတပဒနိဒ္ဒေသ	body:156816 + raw:156817	ဝိသက္ကိယဒူတပဒနိဒ္ဒေသ(ပု)	(-ဝဇိရ။၁၆၀)။	44	right	§95 (the 39 wrong farther-body items of §89, from the readers' notes; start and end read on the image again): §89 note: end at (- ဝဇိရ။ ၁၆၀)။; the text runs on into 156817, placed on a line of this entry
158938	20	ဝီတစ္စိကင်္ဂါရသန္ထရ	body:158934	ဝီတစ္စိကင်္ဂါရသန္ထရ(၇)ဝီတစ္စိကင်္ဂါရ+	ဇာ၊ဋ္ဌ၊၃။၄၅၄။	295	right	§95 (the 39 wrong farther-body items of §89, from the readers' notes; start and end read on the image again): §89 note: start 9 lines below S
161224	20	ဝေဒဗ္ဗဗြာဟ္မဏ	body:161220 + raw:161221	ဝေဒဗ္ဗဗြာဟ္မဏ(ပ)[ဝေဒဗ္ဗ+ဗြာဟ္မဏ]	ဝေဒဗ္ဗဗြာဟ္မဏဉ္စဂဏှိံသု။ဇာ၊ဋ္ဌ၊၁။၂၇၁။	574	right	§95 (the 39 wrong farther-body items of §89, from the readers' notes; start and end read on the image again): §89 note: end at the column end; 161221 (placed on a line of this entry) left unlocated
161401	20	ဝေနဇာတိက	body:161398	ဝေနဇာတိက(တိ)[ဝေန+ဇာတိ+က]	ဟောန္တီတိအတ္ထော။ပေတ၊ဌ။၁၆၂။	595	right	§95 (the 39 wrong farther-body items of §89, from the readers' notes; start and end read on the image again): §89 note: end at ပေတ၊ ဌ။ ၁၆၂။
161403	20	ဝေနသာခ	body:161398 + raw:161399	ဝေနသာခ(တိ)[ဝေန+သာခါ]ကျယ်ပြန့်	အနက်ကြည့်။	595	right	§95 (the 39 wrong farther-body items of §89, from the readers' notes; start and end read on the image again): §89 note: end at အနက်ကြည့်။; 161399 (placed on a line of this entry) left unlocated
161802	20	ဝေဝဏ္ဏ	body:161801	ဝေဝဏ္ဏံ(န)[ဝိဝဏ္ဏ+ဏ။ဝိဝဏ္ဏဿ	သမုပါဂတာ။အပ၊၂။၂၅၆။ထေရီ၊ဌ။	649	right	§95 (the 39 wrong farther-body items of §89, from the readers' notes; start and end read on the image again): §89 note: one line more (၈၈။); the last printed line (၈၈။) is not in the body text
162800	20	သင်္ဃဋ္ဋိတ	body:162796	သံဃဋိတသင်္ဃဋိတ(တိ)	သံဝါသံဝတ္တေန္တိ။အံ၊ဋီ၊၃။၅၆။	791	right	§95 (the 39 wrong farther-body items of §89, from the readers' notes; start and end read on the image again): §89 note: start 6 lines below S
163760	20	သံဝသေယျံ	body:163759	သံဝသေယျ(ကြိ)[သံ+ဝသ+အ+ဧယျံ]	သဒ္ဓိံသံဝသေယျ။ဝိ၊၃။၁၂၀။	909	right	§95 (the 39 wrong farther-body items of §89, from the readers' notes; start and end read on the image again): the ငါ (-eyyaṁ) entry, §89 S; its present text is 163761's
163761	20	သံဝသေယျ	raw:163760	သံဝသေယျ(ကြိ)[သံ+ဝသ+အ+ဧယျ]	(၇)ကြည့်။(၃)သံဝသတိ(ကြည့်။	909	right	§95 (the 39 wrong farther-body items of §89, from the readers' notes; start and end read on the image again): §89 note: start 5 lines below S; the text is 163760's present text
163811	20	သံဝိဇိံ	body:163810	သံဝိဇိ(ကြို[သံ+ဝိဇီ(ဝိဇ)+ဣံ]	စရိယာ၊ဋ္ဌ။၁၇၈။	916	right	§95 (the 39 wrong farther-body items of §89, from the readers' notes; start and end read on the image again): the ငါ (+ဣံ) entry, §89 S; its present text is 163812's
163812	20	သံဝိဇိ	raw:163811	သံဝိဇိံ(ကြိ)[သံ+ဝိဇိ(ဝိဇ+ဤ]	သံဝိဇိ၊အပ၊၂။၂၆၃။ထေရီ၊ဋ္ဌ။၇၅။	916	right	§95 (the 39 wrong farther-body items of §89, from the readers' notes; start and end read on the image again): §89 note: the +ဤ entry after S; the text is 163811's present text
165709	21	သက္ကာယဂရုက	body:165706	သက္ကာယဝရုက(တိ)[သက္ကာယန+ဂရု+	ဂရုကာ----ဝေနေယျာ။အံ၊ဋီ၊၁။၅၃။	193	right	§95 (the 39 wrong farther-body items of §89, from the readers' notes; start and end read on the image again): §89 note: end at အံ၊ ဋီ၊ ၁။ ၅၃။
165711	21	သက္ကာယဂါဟ	body:165706	သတ္တာယဝါဟ(၇)[သက္ကာယ+	သက္ကာယဂါဟော။သံ၊ဋီ၊သစ်၊၁။၃၉၁။	193	right	§95 (the 39 wrong farther-body items of §89, from the readers' notes; start and end read on the image again): §89 note (reader 2): the entry after သက္ကာယဂါမိနိပဋိပဒါ
166313	21	သင်္ကိတဗ္ဗ	body:166311	သင်္ကိတဗ္ဗ(တိ)သကိ+တဗ္ဗ။နီတိ၊ဓာတု။	၂၆၂။ဒီ၊ဋီ၊၃။၁၃၂။အံ၊ဋီ၊၁။၁၉၈)။	261	right	§95 (the 39 wrong farther-body items of §89, from the readers' notes; start and end read on the image again): §89 note: end one line above E
167541	21	သစ္ဆန္ဒစာရ	body:167538	သစ္ဆန္ဒစာရ(၇)[သစ္ဆန္ဒ+စာရ]	၃၂၇။ဝိမတိ၊၁။၂၆၈။	409	right	§95 (the 39 wrong farther-body items of §89, from the readers' notes; start and end read on the image again): §89 note: end 6 lines above E; no chain (167539 unchanged)
168600	21	သဋ္ဌိတူရိယ	body:168597	သဋ္ဌိတူရိယ(န)[သဋိ+တူရိယ]	တူရိယသတသဟဿာနိပဝတ္တယိံသု။အပ၊	523	right	§95 (the 39 wrong farther-body items of §89, from the readers' notes; start and end read on the image again): §89 note: one line more (ဋ္ဌ၊ ၁။ ၇၇။); the last printed line (ဌ၊ ၁။ ၇၇။) is not in the body text
169990	21	သတ္တာဓိကရဏဝှယ	body:169989	သတ္တာဓိကရဏဝုယ(တိ)သတ္တာဓိကရဏ+	သာရတ္ထ၊၃။၁၂၉။	675	right	§95 (the 39 wrong farther-body items of §89, from the readers' notes; start and end read on the image again): own entry (its present text, a see-line, moves to 169991)
169991	21	သတ္တာဓိကရဏသမထနာမက	body:169989 + raw:169990	သတ္တာဓိကရဏသမထနာမက(တိ)	ကြည့်။	675	right	§95 (the 39 wrong farther-body items of §89, from the readers' notes; start and end read on the image again): §89 note: start at the bold head 3 lines above E, end one line below E
178965	22	သဗ္ဗဒုက္ခသမတိက္ကမ	body:178964	ဒကုသမတိကဣမ(တိ)[သဗ္ဗဒ	ဇနယိတွာ။ဝိသုဒ္ဓိ၊၁ဝ။၁၂၁။	197	right	§95 (the 39 wrong farther-body items of §89, from the readers' notes; start and end read on the image again): own entry (head garbled by the OCR); its present text moves to 178966
178966	22	သဗ္ဗဒုက္ခသမတိက္ကမုပါယဘူတ	body:178964 + raw:178965	သဗ္ဗဒုက္ခသမတိက္ကမုပါယဘူတ(တိ)[သဗ္ဗဒုက္ခ-	သဗ္ဗဒုက္ခသမတိက္ကမ(၂)ကြည့်။	197	right	§95 (the 39 wrong farther-body items of §89, from the readers' notes; start and end read on the image again): §89 note: start at the bold head below the running head
182510	22	သမိတကိလေသ	body:182508 + raw:182509	သမိတကိလေသ(တိ)[သမိတ+ကိလေသ]	၁။၅၂။	551	right	§95 (the 39 wrong farther-body items of §89, from the readers' notes; start and end read on the image again): §89 note (reader 2): end at ၁။ ၅၂။; 182509 (placed on a line of this entry) left unlocated
184897	22	သမ္ပုဏ္ဏင်္ဂ	body:184895	သမ္ဗုဏ္ဏင်္ဂ(တိ)[သမ္ပုဏ္ဏ+အင်္ဂ]ပြည့်စုံ-ပြည့်	၂။၁၀၅။	846	right	§95 (the 39 wrong farther-body items of §89, from the readers' notes; start and end read on the image again): §89 note: end at ၂။ ၁၀၅။
184899	22	သမ္ပုဏ္ဏဇဝနဝီတိ	body:184895	သမ္ပုဏ္ဏဇဝနဝီထိ(ထီ)[သမ္ပုဏ္ဏံ+ဇာနဝီထိ]	ပြည့်စုံသောဇောပီထိ။နဟေတ္ထသမ္ပုဏ္ဏာ	846	right	§95 (the 39 wrong farther-body items of §89, from the readers' notes; start and end read on the image again): §89 note: the entry's last printed line is not in our OCR (column text); the text ends one line short
186731	23	သရဏဂမနုပက္ကိလေသသမုစ္ဆေဒ	body:186730	သရဏဂမနုပတ္တိလေသသမုစ္ဆေဒ(ပု)[သရဏ-	ဒီ၊ဋ္ဌ၊၁။၂၀၆။မ၊ဋ္ဌ၊၁။၁၃၆။အံ၊ဋ္ဌ၊၂။	167	right	§95 (the 39 wrong farther-body items of §89, from the readers' notes; start and end read on the image again): the first printed head (short u, read on a 300-dpi crop); its present text is 186732's; the last printed line (၁၇။) is not in the body text
186732	23	သရဏဂမနူပက္ကိလေသသမုစ္ဆေဒ	raw:186731	သရဏဂမနုပက္ကိလေသသမုစ္ဆေဒ(၇)]သရဏ-	သိဇ္ဈတိ။ဝိမတိ၊၁။၈၇။	167	right	§95 (the 39 wrong farther-body items of §89, from the readers' notes; start and end read on the image again): the second printed head (long ū: ဂမနူပ, read on a 300-dpi crop, two readers); the text is 186731's present text
205447	24	သုဂတိဂါမိကမ္မ	body:205445	သုဂတိဂါမိကမ္မ(န)သုဂတိဂါမိ+ကမ္မ]သုဂတိ	၂။၈၈။ဝိသုဒ္ဓိ၊ဋီ၊၂။၂၅၀။	264	right	§95 (the 39 wrong farther-body items of §89, from the readers' notes; start and end read on the image again): §89 note: end 4 lines above E
206014	24	သုဏေယျ	body:206012	သုဏေယျ(ကြို[သုံ+ဏာ+ဧယျသုဏေယျံ	သုဏေယျ။သုတ္တနိ၊ဋ္ဌ၊၂။၆၆။	326	right	§95 (the 39 wrong farther-body items of §89, from the readers' notes; start and end read on the image again): §89 note: start 9 lines below S (the +ဧယျ entry)
217512	25	သောတာပတ္တိ	body:217511	သောတာပတ္တိ(ထီ၊ပု)[သောတ+အာပတ္တိ။	မဟာဝဂ္ဂေါတိဝုစ္စတိ။သံ၊၃။၄၁၅။	79	right	§95 (the 39 wrong farther-body items of §89, from the readers' notes; start and end read on the image again): own line (§89 right)
217513	25	သောတာပတ္တိအင်္ဂ	body:217511	သောတာပတ္ထိအင်္ဂ(န)[သောတာပတ္ထိ+အင်္ဂါ	သောတာပတ္တိအင်္ဂါနိ။ပဋိသံ၊ဋ္ဌ၊၂။၁၃၇။	80	right	§95 (the 39 wrong farther-body items of §89, from the readers' notes; start and end read on the image again): §89 note: end at ပဋိသံ၊ဋ္ဌ၊ ၂။ ၁၃၇။; no chain (217512 to its own line)
217621	25	သောတ္ထိယ	body:217620	သောတိိယ(တိ)[သောတို့က=သောတို့ယ။က-	ဇာတာတိအတ္ထော။စရိယာ၊ဋ္ဌ။၁၉၃။	93	right	§95 (the 39 wrong farther-body items of §89, from the readers' notes; start and end read on the image again): §89 note: end at စရိယာ၊ဋ္ဌ။ ၁၉၃။
218330	25	ဟံသဝတီနဂရဝါသိက	body:218327	ဟံသဝတီနဂရဝါသိက(တိ)[ဟံသဝတီနဂရ+	ယေနဓမ္မောယေနသံဃော။ထေရဋ္ဌ၊	171	right	§95 (the 39 wrong farther-body items of §89, from the readers' notes; start and end read on the image again): §89 note: one line more (၁။ ၃၄။); the last printed line (၁။ ၃၄။) is not in the body text
218332	25	ဟံသဝတုယျာန	body:218327 + raw:218328	ဟံသဝတုယျာန(န)[ဟံသဝတီ+ဥယျာန]	ဟံသဝတီ(ခ)ကြည့်။	171	right	§95 (the 39 wrong farther-body items of §89, from the readers' notes; start and end read on the image again): §89 note: one line more (ဟံသဝတီ (ခ) ကြည့်။); 218328 (placed on that line) left unlocated
219049	25	ဟတ္ထိသဒ္ဒ	body:219048	ဟတ္ထိုသဒ္ဒ(ပု)[ဟတ္ထီ+သဒ္ဒ](၁)ဆင်သံ	၃၄)န္တဝါဟတ္ထိသဒ္ဒဝန္တံနဝရံ။မူလဋီ၊၁။	244	right	§95 (the 39 wrong farther-body items of §89, from the readers' notes; start and end read on the image again): §89 note: one line more (၂၄။); the last printed line (၂၄။) is not in the body text
220074	25	ဟိတုပါယ	body:220072	ဟိတုပါယ(ပု)[ဟိတ+ဥပါယ]ဟိတာဓိ-	သတ္ထိကာ။နေတ္တိ၊ဋံ။၃။	362	right	§95 (the 39 wrong farther-body items of §89, from the readers' notes; start and end read on the image again): §89 note: end at နေတ္တိ၊ ဋီ။ ၃။
