id	book	pdf_page	asked	page_prints	verdict	note
196510	14c	431	misromanised headword? (pāpatara)	ပါပတရ (တိ) [ပါပ+တရ] အထူးသဖြင့်-အလွန်-ယုတ်မာသော၊ သူ	as drafted	the first pāpatara row is right as indexed
196602	14c	440	misromanised headword? (pāpatara, second row)	ပါပရတ (တိ) [ပါပ+ရတ] မကောင်းမှု၌ မွေ့လျော်သော၊ သူ	differs	index error: the print has ပါပရတ (pāparata) where the index has a second ပါပတရ
196606	14c	440	misromanised headword? (pāparāgī)	ပါပရောဂီ (တိ) [ပါပရောဂ+ဤ] မကောင်း-ဆိုးဝါး-သောအနာရောဂါရှိသော	differs	index error: the print has ပါပရောဂီ (pāparogī)
196644	14c	444	misromanised headword? (pāpabhikkhamānā)	ပါပသိက္ခမာနာ (ထီ) [ပါပ+သိက္ခမာနာ] ယုတ်မာ-ယုတ်ညံ့-မကောင်း-သော သိက္ခမာန်	differs	index error: the print has ပါပသိက္ခမာနာ (pāpasikkhamānā)
196666	14c	446	misromanised headword? (pāvikatara)	ပါဝိကတရ (တိ) [ပါဝိကာ+တရ] ယုတ်မာ…	as drafted	printed so, with the analysis ပါဝိကာ+တရ; whether the print itself is a slip for pāpikatara is not established
196680	14c	449	misromanised headword? (pāpintave)	ပါပိန္တဝေ (ကြိ၊ဝိ) [?] ပယ်ခြင်းငှါ	as drafted	printed so; the print marks its own analysis with ?
216840	14b	916	misromanised headword? (paligijcyeyya)	ပလိဂိဇ္ဈေယျ (ကြိ) [ပရိ+ဂိဓ+ယ+ဧယျ] ထက်ဝန်းကျင်အားဖြင့်-လိုချင်-တောင့်တ-ရာ၏	differs	index error: the print has ဇ္ဈ (paligijjheyya); the index / text layer has ဇ္စျ
212175	14b	298	index spelling (split §69)	ပရိကီဠနာ (ထီ) [ပရိ+ကီဠ+ယု+အာ]	differs	index error: the print has ပရိကီဠနာ (parikīḷanā); the index has ပရိကီဠိနာ
210262	14b	40	index spelling (split §69)	ပမာဏဝဝတ္ထာန (န) [ပမာဏ+ဝဝတ္ထာန]	differs	index error: the print has ပမာဏဝဝတ္ထာန (pamāṇavavatthāna); the index has ပမာဏဝတ္ထာန
163326	20	860	index spelling (split §69)	သံယုတ္တနိကာယဝရလဉ္ဆက (တိ) [သံယုတ္တနိကာယဝရ + လဉ္ဆက]	differs	index error: the print has လဉ္ဆက (…lañchaka); the index has လဉ္ဇက
190856	23	582	index spelling (split §69)	သာလာကိယ (ပု၊ န) [သာလာကာ + ဏျ …]	differs	index error: the print has သာလာကိယ (sālākiya); the index has သာလကိယ
-	25	15	History: the year of completion (vol. 25 p. 15)	… တိပိဋကပါဠိမြန်မာအဘိဓာန်ကျမ်းကြီးသည် ၁၃၈၄-ခုနှစ်၊ တန်ဆောင်မုန်းလဆန်း ၈-ရက်၊ (၂၀. ၁၁. ၂၀၂၃) တနင်္လာနေ့တွင် …	as drafted	PDF p. 15 prints 1384 BE, as p. 16 does: a slip in the book, not an OCR error. ME 1385 began at Thingyan, April 2023 (New Year day 17 Apr 2023), so 20 Nov 2023 falls in 1385. Tazaungmon full moon (waxing 15, Tazaungdaing) was 27 Nov 2023 (MYANMORE, 'Public holidays in Myanmar 2023', https://www.myanmore.com/2023/01/public-holidays-in-myanmar-2023/), so waxing 8 = 20 Nov 2023 = 1385 Tazaungmon waxing 8: derived from that holiday list, not read from a Myanmar calendar table (none reached; timeanddate.com refused the request). Checked 29 Sep 2026 (brief §74)
11548	02	463	negative headword, positive gloss	အပတ္ထဒ္ဓ (တိ) [အပ+ထဘိ+တ] ခက်ထန်-မာန်တက်-သော၊ သက်ဝင်-ဖြစ်ပေါ်-သော ခက်ထန်ခြင်း ရှိသော၊ သူ	as drafted	the a- is the prefix apa-, not a negation; the gloss is as printed
11739	02	488	unusual gloss	အပရ² (တိ) [န+ပရ] ပရ-အမျက်ဒေါသ-မဟုတ်သောတရား၊ လောဘ	as drafted	printed so: 'not para (anger): lobha'
15830	03	70	garbled grammatical header	အဘာဝေတိ (ကြိ?၊ ကာ၊ကြိ? နာမ၊ ကြိ၊ ?) [အ+ဘူ+ဏေ+တိ?။ အဘာဝံ+ဧတိ?။ အဘာဝ+ဏေ+တိ?။] မရှိခြင်းသို့ရောက်စေ၏၊ မရှိခြင်းကိုပြု၏၊ ပျောက်ကွယ်စေ၏	as drafted	the question marks are the print's own; the gloss matches the draft
63152	07	326	quotation block	စရမာန (တိ) [စရ+အ+မာန] (၁) သွားသော၊ လှည့်လည်-သွားလာ-ကျက်စား-သော၊ သူ။ (၂) ကျင့်သော၊ သူ	as drafted	head and senses as printed; the quotation itself not collated word by word
107661	13	840	တူရူ ရှးရှူ garbled?	(၁) ခရီးရင်ဆိုင်၊ တူရူ ရှေးရှု-မျက်နှာချင်းဆိုင်-ခရီး (၂) ဆန့်ကျင်ဘက်လမ်းစဉ်၊ ဆန့်ကျင်ဘက်တရား	as drafted	တူရူ ရှေးရှု is printed and read right
200164	14c	807	palm leaf, parabaik for puttalikā?	ပုတ္တလိကာ (ထီ) [ပုတ္တ+လိက] ပေ၊ ပုရပိုက်	as drafted	the print does gloss it 'palm leaf, parabaik' (the quotation compares a doll, puttalikā, to a son); unusual in the print itself
200236	14c	814	(2) garbled; check	(နှ)(၂) သံကျွတ်၊ ဆတ်သောသံအမျိုးအစား၊ သွန်းသံ။ (1) သူငယ်၊ သားငယ်	differs	(2) is legible: cast / brittle iron (a kind of iron), not garbled
200514	14c	844	negation missing?	ပုနာနာဂမန [ပုန+အနာဂမန] တစ်ဖန်ပြန်မလာခြင်း	differs	the print has the negation (မလာ): 'not coming back again'
131296	16	746	garbled gloss	မုဋ္ဌိပဏ္ဏ (န) လက်ဆုပ်ဖြင့် ကိုင်၍ဆောင်းအပ်သော ထန်းရွက်၊ ထီးခိုးကြောင်း သစ်ရွက်	differs	legible: a palm leaf held in the fist and worn (as a hat/shade); 'leaf of the umbrella-screen (?)' ထီးခိုးကြောင်း
133527	17	83	garbled; runs into yathāgata	ယထာက္ကမ (န) [...] (၁)(က) အစဉ်အားလျော်စွာ၊ အစဉ်အတိုင်း (ခ) အကြင်အကြင်အစဉ် (ဂ) အစဉ်ကို မလွန်မူ၍ (၂) အစဉ်	differs	the page is legible; the article does not run into yathāgata (next headword on the page is further on)
156798	20	41	double negation	not found on PDF p. 41	unreadable	the article was not found on PDF pp. 41 (both columns read); the index page may be off; not pursued
157122	20	76	eyes vs furniture	ဝိသမစက္ကလ (တိ) (တစ်ဖက်နိမ့် တစ်ဖက်မြင့်အားဖြင့်) မညီမညွတ်-မညီမျှ-သော-မျက်ဝန်း-မျက်နက်ဝန်း-ရှိသော၊ သူ	as drafted	the print does define eyes (uneven eyeballs / irises)
158654	20	262	headword vihārabhittikoṭi?	ဝိဟာရဘိတ္တိကောဋိ (ထီ) [ဝိဟာရ + ဘိတ္တိ + ကောဋိ] ကျောင်းနံရံ၏ အစွန်း	differs	the print spells the headword ဝိဟာရဘိတ္တိကောဋိ (vihārabhittikoṭi); the index / romanisation has -bhatta-
166065	21	233	no label; gloss a means	သဂ္ဂမဂ္ဂါဓိဂမ (ပု) [သဂ္ဂမဂ္ဂ + အဓိဂမ] နတ်ပြည်ရောက်ကြောင်း ကုသိုလ်ကောင်းမှုကိုရခြင်း	differs	the print has a label (ပု) and the gloss is 'the obtaining of the merit that leads to heaven' (attainment), not 'the merit'
166164	21	245	labels misplaced?	သင်္ကပ္ပယန္တ (ထီ၊ န) [သင်္ကပ္ပ + ယန္တ] သင်္ကပ္ပဂမန-ကြည့်	as drafted	label (ထီ၊ န) and 'see saṅkappagamana' are as printed
178800	22	180	numbers (၆၄)	ဆင် (၆၄) ကောင်၊ မြင်း (၆၄) ကောင် … ရှစ်ခုအပေါင်း	as drafted	64 as printed
180286	22	322	grouping (1), (2)(d)	(၁) (သာသနာမှ အပ) ရသေ့ ရဟန်း-ပရိဗိုဇ်။ (၂) (သာသနာတွင်း) ရဟန်း=ဘုန်းကြီး။ (က) ဘုရား (ခ) ပစ္စေကဗုဒ္ဓါ (ဂ) သောတာပန်စသော အရိယာ ၄-မျိုး (ဃ) ပုထုဇဉ်ရဟန်း (ဃ) လူပုဂ္ဂိုလ် (၃) သမဏသုတ် ၄-သုတ်	as drafted	grouping as printed; (d) ပုထုဇဉ်ရဟန်း and a second (ဃ) လူပုဂ္ဂိုလ် are printed so (the print repeats (ဃ))
181250	22	420	first alternative awkward	သမသာဒိသ (တိ) [သမ + သာဒိသ] (လိပ်ဆူးရွေပန်းနှင့်) ထပ်တူထပ်မျှ-တူသော၊ အလွန်တူသော	differs	no ဖြစ်၍ ဖြစ်သော in the print: 'exactly alike (as a turtle-shell…?), very alike'
181281	22	423	nasal mucus for sota?	သမသောတ (တိ) [သမ + သောတ] ညီမျှသော နှာနှပ်ရည်ရှိသော၊ အညီအမျှစီးဝင်သော (ရေပြွန်၊ ရေတံလျှောက်)	as drafted	နှာနှပ်ရည် is printed
181326	22	428	absolutive without ၍	သမာဂန္တွာ (ကြိ၊ ဝိ) [သံ + အာ + ဂမု + တွာ] အညီအညွတ်ပေါင်းဆုံ ရောက်လာကုန်၍	differs	the print ends in ၍ (absolutive: 'having come together in harmony'); OCR lost it
181396	22	437	-ခြင်း-ရာ၏ under -tabba	(၁) ယူစေ-ဆောက်တည်စေ-တည်စေ-တိုက်တွန်း-နှိုးဆော်-ဆော်သြ-ခြင်း-ရာ၏။ (၂) … -အပ်သော	as drafted	printed so
182545	22	556	OCR readings from context	… အရှင်သာရိပုတ္တရာထေရ်၊ အရှင်သမိဒ္ဓထေရ်၊ အရှင်ကောဋ္ဌိကထေရ် … ကာယသက္ခိ၊ ဒိဋ္ဌိပ္ပတ္တ၊ သဒ္ဓါဝိမုတ္တ … အဘိက္ကန္တတရ … အရဟတ္တမဂ္ဂဋ္ဌာန်	as drafted	the four readings rebuilt from context match the print
182718	22	577	(3) ကြောက်လန့်?	(၃) လေ့လာ-လေ့ကျက်-ကြောက်လန့်-သော	as drafted	ကြောက်လန့် is printed
182937	22	601	see X target	သမုဋ္ဌာပိကာ (ထီ) [...] ရူ။ ၅၇၀။ သမုဋ္ဌာပက-ကြည့်	differs	the print reads 'see သမုဋ္ဌာပက' (samuṭṭhāpaka), across the page break; the draft links samuṭṭhāpita
184099	22	748	article printed twice?	not reached on PDF 748 right column (sampatti starts at its foot)	unreadable	the start is on p. 748; the senses run onto p. 749, not rendered this session
184115	22	751	(2) unclear, name of (4)	(၁) ပတိရူပဒေသဝါသ … (၂) သပ္ပုရိသူပဿယ (မင်းတို့ကို မမှီဝဲမဆည်းကပ်မူ၍ ဘုရားအစရှိကုန်သော သူတော်ကောင်းတို့ကို မှီဝဲဆည်းကပ်ခြင်း) (၃) အတ္တသမ္မာပဏိဓိ …	differs	(2) is legible: 'not associating with kings, associating with the good, the Buddha and the rest'; (4) not reached (next page)
184409	22	783	long treatise, gaps	the article is printed legibly	differs	gaps in the draft are OCR damage, not the print; a full re-reading is not mechanical (for the editor or a redraft)
186096	23	102	'29' and sense (2)	(၂) ကောင်းစွာနှလုံးသွင်းတတ်သော တရား (ဖိုလ်၌ယှဉ်သော ဖလင်္ဂါရှစ်ပါးမှ တပါး) ဖိုလ်စိတ္တုပ္ပါဒ် ၂၉-ခု	as drafted	29 and sense (2) as printed
204082	24	128	middle garbled	(ဒိဋ္ဌိသီသမှ တစ်ပါး|သော) (အယူကို) အဦးပမာနပြုခြင်းမှ တစ်ပါးသော	differs	the middle is legible: 'other than making (the view) the chief measure'
204089	24	128	‹ပုတ်› lead?	သီသတမ္ဗ (ပု၊ န) [သီသ + တမ္ဗ] ခဲပုတ်နီ (ကြေးနီ)	differs	the print has ခဲပုတ်နီ (red lead?) (ကြေးနီ, copper)
204204	24	139	ခြေ read as lion; number of factors	သီဟင်္ဂပဥှ (ပု) ခြင်္သေ့၏ အကြောင်းအင်္ဂါ ၇-ပါးကိုမေးခြင်း၊ ပြဿနာ။ မိလိန္ဒ။ ၃၈၅-နှာကြည့်	differs	ခြင်္သေ့ (lion) and 7 as printed (no misreading); 'see Milinda p. 385' is a page reference, not a headword (the draft links [[385-nhā]])
204219	24	140	garbled; head of (1) lost	(၁) ခြင်္သေ့မင်း၏ အသံနှင့် တူသောအသံ။ (က) မြတ်-မြင့်မြတ်-သောအသံ (ခ) ကြောက်ရွံ့-တွန့်ဆုတ်-ခြင်းမရှိသောအသံ (ဂ) သူတစ်ပါးတို့မတားမြစ်နိုင်သောအသံ (ဃ) အကြီးအမြတ်ဖြစ်သောသူတို့၏အသံ (၂) သားတို့ကိုအစိုးရ-သားတို့၏အရှင်ဖြစ်-သောခြင်္သေ့၏အသံ	differs	legible: the head of (1) is 'a sound like the lion-king's'; (c) 'a sound others cannot stop'
204403	24	161	no label; gloss start garbled	သုဥဒ္ဓရ (တိ) [သု + ဥ + ဓရ + အ] ချမ်းသာသဖြင့် အထက်သို့-ပင့်မ-အပ်-ပင့်မြှောက်ရန်လွယ်ကူ-သော	differs	label (တိ) printed; the start is ချမ်းသာသဖြင့် 'with ease', not a reason
208274	24	550	label (တိ) after the first gloss	သုမေခလ (ပု) [သု + မေခလ + အ။ … လှပသည့်-ခါးပတ်-ခါးစည်း-ရှိသော။ (တိ) သုမေခလ-ဝီလျံ။] (ရသေ့ရဟန်းတို့ကို ညှင်းဆဲသော-) သုမေခလအမည်ရှိသော-မင်းဘုရင်	differs	'having a beautiful belt (ti), Williams' is inside the analysis bracket; the article is (ပု) and defines only the king Sumekhala
208756	24	595	(3), (2 markers?	သုဝဏ္ဏစုဏ္ဏ (န) (၁) ရွှေသဲမှုန့်။ (၂) ရွှေမှုန့်။ (၁) … (၂) …	differs	the senses are (1) gold-sand powder, (2) gold powder; the OCR's (၃) is (၁)
208844	24	602	left-out text: gloss or run-on?	the page prints သုဝဏ္ဏပဋ (ပု) ရွှေပုဆိုး…; သုဝဏ္ဏပဋပရိယောနဒ္ဓ (တိ); သုဝဏ္ဏပဋပ(ပ္ပ)သာရဏကာလ (ပု) ရွှေပုဆိုးကို ဖြန့်ခင်းသောအချိန်	differs	no headword suvaṇṇapaṭapasārita on the page; the nearest is suvaṇṇapaṭa(p)pasāraṇakāla, 'the time of spreading the gold cloth'; the left-out text belongs to suvaṇṇapaṭa (run-on)
218819	25	222	garbled; names	ဟတ္ထာရောဟပုတ္တတ္ထေရ (ပု) … (ဂဏ္ဌိပုပ္ဖိယထေရ်-ဟုလည်း အမည်တွင်သည်)။ … (ဤမထေရ်သည် ဝိပဿီဘုရားအား ပန်းဖြင့်ပူဇော်ခဲ့သောကြောင့် ပုပ္ဖိယထေရ်ဟု…	as drafted	the names are printed ဂဏ္ဌိပုပ္ဖိယ and ပုပ္ဖိယ, as the draft reads them; the print is legible where the draft has gaps
218938	25	233	garbled	ဟတ္ထိနခ (တိ) (၁) ဆင်ဦးကင်းနှင့်တူသော-ဆင်ခြေလျှော-မြေ၌တည်ရှိသော ပြာသာဒ်။ (ပု) (၂) ဆင်၏ခြေသည်း, လက်သည်း	differs	legible: (1) a palace like an elephant's frontal boss, standing on an elephant-ramp; (2) an elephant's toenails; the draft's 'uñas que son los pies' misreads it
218962	25	236	sense markers; Buddha Hatthipāla?	ဟတ္ထိပါလ (ပု၊ န) (ပု) (၁) ဟတ္ထိပါလမည်သော မြတ်စွာဘုရား (၂) (ဂေါတမဘုရား၏အလောင်း) ဟတ္ထိပါလသတို့သား (၃) ဆင်ထိန်း၊ ဆင်စောင့် (န) …	as drafted	(1) a Buddha named Hatthipāla is as printed; senses (3) elephant-keeper and a neuter sense follow, numbered as printed
31717	4a	554	ဖြစ်ပြီ vs 'they said'	အာဟု¹ (ကြိ) အာဟ-ကြည့်။ အာဟု² (ကြိ) [ဟူ+ဏ ...] ဖြစ်ပြီ	as drafted	the print has two homonyms: āhu¹ 'see āha' (they said) and āhu² 'has been' (from hū); this row is āhu²
33026	4a	708	opposite of 'rises'	ဥဂ္ဂစ္ဆတိ² (ကြိ) [အဝ+ဂမု+အ+တိ] သက်လျော၏	as drafted	homonym ² from ava-gam, 'subsides', as printed
33599	4a	763	11 kusalakammapatha?	(ဂ) ကုသလကမ္မပထတရား ၁၁-ပါး ဟူသောခရီး	as drafted	the print reads ၁၁ (11), as far as legible at this resolution (low confidence); the usual count is ten: a printing slip, if so
34113	4a	808	(2) dried meat?	ဥတ္တတ္တ (တိ) (၁) လွန်စွာပူစေအပ်သော၊ လျော်ပြီး-ဦးပြီး-သော။ (၂) အသားချောက်	as drafted	အသားချောက် is printed
173670	4c	215	grammatical note	ဧကယောဂဉာယ (န) [ဧကယောဂ+ဉာယ] … တကွ-တပေါင်းတည်း-ယှဉ်သဖြင့် သိအပ်သောနည်း။ (တစ်သုတ်တည်း၌ အတူဆိုသဖြင့် သိအပ်သောနည်း။) …	as drafted	the readings တပေါင်းတည်း, ယှဉ် are right; the article continues at the top of the right column
156798	20	41	(§73 unreadable) where is it printed?	ဝိသံသဋ္ဌာဘာဝ (ပု) [ဝိသံသဋ္ဌ + အဘာဝ] မနှီးနှော-မရောနှော-မရောယှက်-မယှဉ်-တတ်သည်၏ - မရှိ - မဟုတ် - မဖြစ် -ခြင်း	differs	found on PDF p. 41, left column (the index's page is right; §73 missed it in the crop); index error: the print spells ဝိသံသဋ္ဌာဘာဝ (visaṁsaṭṭhābhāva, visaṁsaṭṭha + abhāva), the index ဝိသံသဋ္ဌဘာဝ; the draft's double negation is the print's own
184099	22	748–749	(§73 unreadable) article printed twice; beginning of (c) lost	p. 749: the article gives a short list of senses, then each sense in full with quotations: (၁) (က) … (ခ) လူ၏တင့်တယ်ခြင်း, နတ်၏အဖြစ် … (ဂ) ရူပ, သဒ္ဒ, ဂန္ဓ, ရသ, ဖောဋ္ဌဗ္ဗတို့၏ လူနတ်ဟူသော ပြည့်စုံခြင်းနှင့်ယှဉ်သော ဘဝ၌ ကုသိုလ်ကံ၏အကျိုးဖြစ်ခြင်း …	differs	the 'second pass' is the print's own layout (a summary list, then the full senses), not an OCR doubling; the start of (c) is legible: 'the being the result of kusala kamma in an existence endowed with the fulfilment of human and deva (rūpa, sadda, gandha, rasa, phoṭṭhabba)'
158654	20	262	(§73) index spelling -bhatta- vs print -bhitti-	ဝိဟာရဘိတ္တိကောဋိ (ထီ) [ဝိဟာရ+ဘိတ္တိ+ကောဋိ] ကျောင်းနံရံ၏ အစွန်း	differs	index error confirmed: the print has ဝိဟာရဘိတ္တိကောဋိ (vihārabhittikoṭi); the index's ဝိဟာရဘတ္တကောဋိ (158654, index p. 232) sorts between vihārabhattattha and vihārabhūmi, where vihārabhitti- stands in print; added to index-errata §3
512	01	169	gloss 'result' for -bhāva	အကုသလကမ္မဘာဝ (ပု) [အကုသလကမ္မ+ဘာဝ] အကုသိုလ်ကံ၏ အဖြစ်။ အကုသလကမ္မပထ-ကြည့်	differs	misplacement: the print defines 'the state of unwholesome kamma; see akusalakammapatha'; the draft's 'result' is the next article's (akusalakammavipāka); index spelling right
6657	01	745	cross-reference to a sense	အနဇ္ဈာဝုတ္ထက (တိ) [အနဇ္ဈာဝုတ္ထ+က] အနဇ္ဈာဝုတ္ထ (၂) အနက်နှင့်တူ	as drafted	printed so: 'same meaning as anajjhāvuttha (2)'; the text is this headword's; index right
7751	01	859	label missing; spelling	အနိကရတ္တ = အနီကရတ္တ (ပု) အနီကရတ္တ မည်သောမင်း	as drafted	the print gives both spellings and the label (ပု); text is this headword's; index spelling (anīkaratta) is one of the two printed
15832	03	71	positive gloss for a negated headword	အဘာဝေတွာ¹ (ကြိ၊ဝိ) [န+ဘာဝေတွာ] မဖြစ်စေမူ၍ ; အဘာဝေတွာ² (ကြိ၊ဝိ) [အ+ဘာဝေတွာ။ အကာရော နိပါတမတ္တံ။] ဖြစ်စေ၍၊ ပွါး၍။ အာဘာဝေတွာ (ပေတ၊ဌ။၁၅၅) ကြည့်	as drafted	homonyms: in ² the a- is a mere particle (nipātamatta) and the gloss is positive, as drafted; which index row is ¹ and which ² was not checked (item 5b)
17100	03	208	gloss vs abhilāsa	အဘိလာသာပိတ (တိ) [အဘိ+လသ+ဏာပေ+တ] ထွက်စေအပ်သော၊ နှင်ထုတ်အပ်သော	as drafted	printed so: from las (to come out), not abhilāsa 'longing'; text is this headword's
18506	03	371	Burmese name	အမိတောဂတ (ပု) [ယာဒိစ္ဆကနာမ်] အမိတောဂတ အမည်ရှိသော စကြဝတေးမင်း	differs	the print's name is အမိတောဂတ, matching the headword; အမိယောဂတ was an OCR misreading
18883	03	410	gloss does not fit -sadisatā	အမ္ဗရုက္ခသဒိသတာ (ထီ) [အမ္ဗရုက္ခ+သဒိသတာ] သရက်ပင်နှင့် တူသည်၏အဖြစ်။ အမ္ဗပက္ကသဒိသတာ-ကြည့်	differs	the print's text fits the headword ('resembling a mango tree; see ambapakkasadisatā'); the draft's text is the preceding ambarukkhasaṇḍa (a mango grove) run on
25981	03	1070	'not well stored'	အသုခသယိတ (တိ) [န+သုခ+သယိတ] ကောင်းမွန်စွာ မသိုလှောင်အပ်သော	as drafted	printed so; the text is this headword's
47659	05	722	Burmese name ≠ kāraṇḍaka	ကာရဏ္ဍကအဿမပဒ (န) [ကာရဏ္ဍက+အဿမပဒ] ကာရဏ္ဍကမည်သော သင်ခမ်းကျောင်း	differs	the print's name is ကာရဏ္ဍက, matching the headword; အာရဏ္ဍက was an OCR misreading
47819	05	735	grammatical gloss	ကာလကိရိယာနိဒ္ဒေသ (ပု) [ကာလကိရိယာ+နိဒ္ဒေသ] ပုဗ္ဗကာလကိရိယာကို ညွှန်ပြခြင်း	as drafted	printed so: 'indicating the prior-time action' (a grammatical term); the text is this headword's
48823	05	838	name ≠ kittisena	ကိတ္တိသေန (ပု) [ကိတ္တိ+သေန] ကိတ္တိသေန မည်သူ (အမတ်)	differs	the print's name is ကိတ္တိသေန, matching the headword; ကိတ္တသေန was OCR
61429	07	149	same headword as 61428, a training rule	စဏ္ဍကာဠီ² (ထီ) [စဏ္ဍကာဠီ + သိက္ခာပဒ။ နောက်ပုဒ်ချေ] စဏ္ဍကာဠီသိက္ခာပုဒ်…	as drafted	homonym: the print has caṇḍakāḷī¹ (the nun) and caṇḍakāḷī² (the training rule, the second member elided); this row is ²; index spelling right
105412	13	547	gloss vs bracket	ပညတ္တိအနန္တရပရိကပ္ပန (န) [ပညတ္တိအနန္တရ+ပရိကပ္ပန] အခြား-တပါး-မဟုတ်သော နာမပညတ်ကို ကြံဆခြင်း (ပညတ်တပါးကိုကြံခြင်း။ သျ)	as drafted	printed so: the gloss and the editor's bracketed note (သျ, a variant reading) disagree in the print itself
105976	13	623	'the 1150th' vs 50 × 100,000	ပညာသသတသဟဿ (တိ) [ပညာသသတသဟဿ+အ] တထောင့်တရာငါးဆယ်မြောက်ဖြစ်သော	as drafted	printed so, with the label (တိ): the print reads the compound as 1,000 + 100 + 50 (ordinal); the text is this headword's; index right
192793	14c	38	pavattaviññatti vs kāyaviññatti	ပဝတ္တဝိညတ္တိ (ထီ) [ပဝတ္တ+ဝိညတ္တိ] ဖြစ်သော ကာယဝိညတ်	as drafted	printed so ('kāyaviññatti that arises'; the quotation has pavattakāyaviññatti); the text is this headword's; index right
195935	14c	367	'see also pātāla …'	ပါတ (ပု) [ပတ+ဏ] ကျရောက်ခြင်း။ … အသနိပါတ — အပ၊ဋ္ဌ၊ …။ ပါတာလ — နေတ္တိ၊ဝိ။ …	as drafted	the dashes introduce compounds with their sources (asanipāta — Apadāna-aṭṭhakathā; pātāla — Netti); ဝိသုဒ္ဓိ/ဝိ is a citation, not a headword
196674	14c	448	same headword as 196673	ပါပိစ္ဆာဘာဝ¹ (ပု) [ပါပိစ္ဆာ+အဘာဝ] … အလို၏မရှိခြင်း။ ပါပိစ္ဆာဘာဝ² (ပု) [ပါပိစ္ဆာ+ဘာဝ] … အလို၏အဖြစ်	as drafted	homonyms: ¹ the absence of evil desire, ² the state of evil desire; 196674 is ² and its draft (state) is right; index right
198085	14c	607	run-on: holds the -sutta's article	ပိဏ္ဍပါတပါရိသုဒ္ဓိ (ထီ) … ဆွမ်း၏စင်ကြယ်ခြင်း-စင်ကြယ်သော ဆွမ်း-ကိုဟောသောသုတ်။ … ပိဏ္ဍပါတပါရိသုဒ္ဓိသုတ္တ (န) [ပိဏ္ဍပါတပါရိသုဒ္ဓိ+သုတ္တ] ပိဏ္ဍပါတပါရိသုဒ္ဓိသုတ်	differs	run-on / misplacement: the print's pārisuddhi article ends above; this row's draft translates the next article, piṇḍapātapārisuddhisutta, and its story; index right
200128	14c	804	puttapina? first gloss another article's?	ပုတ္တပိန (တိ) [ပုတ္တ+ပိန] သားသမီးတို့၏ချစ်ခြင်း။ (ပြည်၊ဇာ၊သျ။) သားသမီးဟူသော ချစ်အပ်သောသူ	as drafted	printed so, with ပိန and a variant note (ပြည်၊ဇာ၊သျ = other editions); the noun gloss is part of this article, not another's; index follows the print
201391	14c	943	-bhatta vs gloss on ကြိယာ	ပုရိမကာလတ္ထ (တိ) [ပုရိမကာလ+အတ္ထ] ရှေးဖြစ်သောကြိယာဟူသော အနက်ရှိသော	differs	index error: between purimakālakiriyā and purimakālaniddesa the print has ပုရိမကာလတ္ထ (purimakālattha); the index's ပုရိမကာလဘတ္တ is a misspelling; the draft fits the print
201598	14c	959	'၃၂ ပုရိမယုဂ' debris	… ပုရိမယသ (ပု) [ပုရိမ+ယသ] ရှေး၌ဖြစ်သော [col. break] အခြံအရံ။ ပုရိမယသတော … ဇာ၊ဋ္ဌ၊၂။၃၅၉။	as drafted	the '၃၂ ပုရိမယုဂ' is the running head and page number of the next page; the text is this headword's; index error: the print has ပုရိမယသ (purimayasa), the index ပုရိမယဿ
201640	14c	962	'၃၅ ပုရမကဋ' debris	… ပုရိမဝိဟာရ (ပု) … ပုရိမဝီထိ (ထီ) [ပုရိမာ+ဝီထိ] ရှေးဖြစ်သောဝီထိ	as drafted	the headword and its text are this article's; the fragment is the next page's running head and number, rightly left out
202081	14c	1009	fragment of another headword interleaved	(col. top) … ပူဇယမာနာ။ ဒီ၊ဌ၊၂။၃၁။ ; running head ပူဇာကရဏသမယ	as drafted	the interleaved 'headword' is the page's running head (ပူဇာကရဏသမယ), not an article; the text is this headword's
202754	14c	1071	months: Tawthalin vs another	ပေါဋ္ဌပါဒ (ပု) (၁) ပေါဋ္ဌပါဒ မည်သူ (က) ပရိဗိုဇ် (ခ) ရဟန်း (ဂ) … (ဃ) … (၂) ဘဒြပိုဒ်နက္ခတ် (၃) တော်သလင်းလ	as drafted	printed so: sense (3) is the month Tawthalin; ပရိဗိုဇ် as the agent read it; the other month belongs to the next headword, as the flag says
119240	15	543	name ≠ bhaddanāma	ဘဒ္ဒနာမ (ပု) [ဘဒ္ဒသာလ+နာမ] ဘဒ္ဒသာလမထေရ်	as drafted	printed so: the headword is a name abridged from Bhaddasāla (the analysis says so); the text is this headword's
124782	16	207	rice for the dead vs matakasattasaṅkhepa	(between မတကဘတ္တ and မတကသတ္တ) မတကဘတ္တသင်္ခေပ (ပု) [မတကဘတ္တ+သင်္ခေပ] သေသူကိုရည်စူး၍ လှူအပ်သောထမင်းအသွင်	differs	index error: the print has မတကဘတ္တသင်္ခေပ (matakabhattasaṅkhepa); the index's -သတ္တ- is a misspelling; the draft fits the print
125634	16	273	gloss vs 'delightful to human beings'	မနုဿရာမဏေယျ (န) … (125633) ; next: မနုဿရာဟသေယျက (တိ) [မနုဿ+ရာဟသေယျက] လူတို့၏ လျှို့ဝှက်သော အမှုကိုပြုခြင်းငှါ သင့်သော	differs	index error: between manussarāmaṇeyya and manussarūpa the print has မနုဿရာဟသေယျက ('fit for doing people's secret affairs'); the index's မနုဿရာမဏေယျက is a misspelling of it, and the draft (delightful) was made from the wrong article
126135	16	316	corrupt-form note	မန္ဒတရဝဝတ္ထာန (ဒီ၊ဋီ၊၂။၂၄၇) သည် မန္ဒတာရဝဝတ္ထာနမှ ပျက်ယွင်းလာသောပုဒ် ဖြစ်ဖွယ်ရှိသည်	as drafted	printed so: the print itself calls the headword a corruption of mandatāravavatthāna; index follows the print
131302	16	746	name ≠ muṭṭhipūja	မုဋ္ဌိပူဇ.. (ပု) [မုဋ္ဌိ+ပူဇက] မုဋ္ဌိပူဇကမထေရ်	as drafted	the printed headword is damaged at its end ('..'); the analysis and gloss give muṭṭhipūjaka; the index's မုဋ္ဌိပူဇ follows the damaged print (index probably short, not confirmed)
133204	17	38	definition of yakkhasannipāta?	ယက္ခသတ (န) [ယက္ခ+သတ] ဘီလူးတစ်ရာ။ … ယက္ခသန္နိပါတ (ပု) [ယက္ခ+သန္နိပါတ] ဘီလူး…	differs	misplacement: the print defines yakkhasata as 'a hundred yakkhas'; the draft carries the next article (yakkhasannipāta); index right
133680	17	103	senses (1)-(2) life-span?	ယထာနုသန္ဓိ … (၂) အကြင်အကြင်အသက်အပိုင်းအခြား။ (၃) အစဉ်မပြတ်ဖွဲ့စပ်-မပြတ်ဖြစ်-ခြင်းအားလျော်သော။ (၄) … ; quotation ယထာယုနာ ယထာနုသန္ဓိနာ	differs	the print's senses concern connection / sequence (1, 3, 4), with (2) 'each span of life' (အသက်အပိုင်းအခြား) read from the quotation's yathāyunā; the draft's life-span senses are the print's own, but its numbering follows the OCR, not the page (medium confidence)
135266	17	321	gloss repeats yogakkhemābhimukha	ယောဂက္ခေမိပရိယာယ (ပု) [ယောဂက္ခေမိ+ပရိယာယ] ယောဂလေးပါးတို့ဖြင့် ဘေးကင်းငြိမ်းမရှိသောသူ၏ အကြောင်းဖြစ်သော (တရားဒေသနာ)	differs	misplacement: the print's gloss is 'the (teaching) that is the cause of one secure from the four yokes'; the draft repeats the preceding yogakkhemābhimukha; index right
156977	20	61	same text as 156976 (spelling)	ဝိသဒိသု (သူ) ဒါဟရဏ (န) [ဝိသဒိသ+ဥဒါဟရဏ] မတူ-ကွဲပြား-သော-ဥဒါဟရဏ်-ပြယုဂ်-ပုံစံ	as drafted	one printed entry with two spellings (-su- / -sū-), two index rows; same text rightly
156979	20	62	same text as 156978 (spelling)	ဝိသဒိသု (သူ) ဒါဟရဏဒဿန (န) [ဝိသဒိသုဒါဟရဏ+ဒဿန] …ကိုပြကြောင်းဖြစ်သောသဒ္ဒါ	as drafted	as above: one entry, two spellings, two index rows
157006	20	64	same text as 157005 (spelling)	ဝိသပီ (ပ္ပီ) တ (တိ) [ဝိသ+ပီတ။ ဝိဿပီတ-သံ။] သောက်အပ်သော	as drafted	as above: visapīta / visappīta, one entry, two index rows
158074	20	188	vissa¹ / vissa² run together	ဝိဿ¹ … (၂) စမ်းစော်-စိမ်းညှီ-ညှီဟောင်း-စူးရှ-ပုပ်-သောအနံ့ (၃) မကောင်းသောအနံ့သဖွယ်ဖြစ်သော (အကုသိုလ်တရား) (၄) မညီညွတ်သော (အကျင့်) (၅) … ; then ဝိဿ² (all)	differs	the print is in order (vissa¹ with its senses here, vissa² after); the split of the senses between 158072–158074 is the OCR's, a homonym alignment (item 5b), low confidence which row is which; index right
160743	20	512	root text runs in before the case ending	ဝေ² (ဓာတ်) [ဝေ တန္တသန္တာနေ … ] ဝါယတိ၊ တန္တဝါယ ပုဒ်တို့ကြည့်	differs	homonyms: the print has ve¹ (the case ending, 'see bhikkhave, hetave …') and ve² the root 'to weave' (see vāyati, tantavāya); the draft mixes the two; index right
162556	20	762	senses (1)–(4) in 162555	သံကိလေသ … (၃) ညှဉ်းဆဲ-နှိပ်စက်-ဖျက်ဆီး-ခြင်း … (၄) ပူပန်စေခြင်း … (quotations follow)	differs	the print has saṅkilesa's senses in their own article; that they sit in 162555's text is an OCR run-on, not the print's; index right
166649	21	304	verbal noun vs …vipassanā	သင်္ခါရပရိဂ္ဂဏှနကဝိပဿနာ … သင်္ခါရတို့ကို သိမ်းဆည်းသော ဝိပဿနာ။ … သင်္ခါရပရိဂ္ဂဏှန (န) [သင်္ခါရ+ပရိဂ္ဂဏှန] သင်္ခါရတို့ကို သိမ်းဆည်းခြင်း	differs	misplacement: the print's gloss is 'the vipassanā that comprehends saṅkhāras'; the draft's verbal noun is the next article's (saṅkhārapariggaṇhana); index right
167023	21	347	'place of battle', not 'kinds'	သင်္ဂါမပ္ပဒေသ (ပု) [သင်္ဂါမ+ပဒေသ] စစ်မြေပြင်-စစ်ပွဲခင်း-စစ်တိုက်-တိုက်ပွဲဖြစ်-ရာ-အရပ်	differs	index error: the print has သင်္ဂါမပ္ပဒေသ (saṅgāmappadesa); the index's -ပ္ပဘေဒ is a misspelling; the draft's gloss is right for the printed word
178400	22	145	text fits another headword	… သဗ္ဗကိစ္စသမတ္ထ (တိ) … ; next: သဗ္ဗကိစ္စသာဓက (တိ) [သဗ္ဗကိစ္စ+သာဓက]	differs	index error (medium confidence): between sabbakiccasamattha and sabbakiccānusāsaka the print has သဗ္ဗကိစ္စသာဓက (sabbakiccasādhaka); the index's -ကာရက is not on the page
179000	22	200	second gloss another headword's?	သဗ္ဗဒေါသဟရ (တိ) [သဗ္ဗဒေါသ+ဟရ+အ] အလုံးစုံသော (သွေး, သည်းခြေ, လေ) အပြစ်ဒေါသကို ပယ်ဖျောက်တတ်သော ; next: သဗ္ဗဒေါသာကရ	differs	run-on: the second gloss ('seat of all faults') is the next article's (sabbadosākara); index right
179634	22	258	sabbāsavahāra vs 'all food'	… သဗ္ဗာသဝသုတ္တဝဏ္ဏနာ … ; next: သဗ္ဗာဟာရ (ပု) [သဗ္ဗ+အာဟာရ] အလုံးစုံသော အာဟာရ	differs	index error: the print has သဗ္ဗာဟာရ (sabbāhāra); the index's သဗ္ဗာသဝဟာရ is a misspelling; the draft (all food) fits the print
181000	22	394	fifty sounds vs -pucchanā	သမပညာသမုစ္ဆနာ (ထီ) [သမပညာသ+မုစ္ဆနာ] အညီအမျှ ငါးဆယ်သော အသံ (အနိမ့်, အမြင့်)-လွှတ်-လွှင့်-ခြင်း	differs	index error: the print has သမပညာသမုစ္ဆနာ (samapaññāsamucchanā); the index's -ပုစ္ဆနာ is a misspelling; the draft fits the print
182890	22	596	only a cross-reference; senses in 182889	သမုဋ္ဌာနဋ္ဌ (ပု) [သမုဋ္ဌာန+အတ္ထ …] (၁) … (၂) … (၃) … (၄) … ; the (၄) သမုဋ္ဌာန-(၃)ကြည့် belongs to it	differs	the print has this article's senses (1)–(4) in their place; their being in 182889 is an OCR run-on; index right
186450	23	141	run-on text of sammohavinodanī before this headword	(end of သမ္မောဟဝိနောဒနီ's article) … ; သမ္မောဟဝိပါက (တိ) [သမ္မောဟ+ဝိပါက] မသိ-ပြင်းစွာတွေဝေ-ခြင်းဟူသောအကျိုးရှိသော၊ ဒုက္ခ။ သမ္မောဟဝေပက္က-ကြည့်	as drafted	the flag's diagnosis is right: the text before the headword ends the previous article; this row's own gloss is as printed; index right
188631	23	350	(ခ) a verbal noun under a verb	သဟတေ (ကြိ) [သဟ+အ+တေ] (က) လွှမ်းမိုး-နှိပ်နင်း-အောင်နိုင်-၏ (ခ) လွှမ်းမိုး-နှိပ်နင်း-အောင်နိုင်-ခြင်း	as drafted	printed so: the print gives the verbal noun as sense (b) of the verb; not another article's tail
187053	23	196	run-on text of another headword	သရီရကိရိယ (ထီ၊ န) [သရီရ+ကိရိယ] ကိုယ်ဖြင့်ပြုအပ်သောအမှု … ; next: သရီရကိရိယာနုကူလဘာဝပ္ပကာရ (တိ)	as drafted	the flag's diagnosis is right: the 'suitability for tasks done with the body' text is the next article's (sarīrakiriyānukūlabhāvappakāra); index right
189775	23	464	headword and Burmese chain unclear	သာဓာရဏရူပနာမယတ္တဂဟဏီယ (တိ) [သာဓာရဏ+ရူပ+နာမ+အာယတ္တ+ဂဟဏီယ] ဆက်ဆံသော-သရုပ်-သဘော-အမည်နှင့်စပ်သည်ကို ယူခြင်းရှိသော	as drafted	the text is this headword's and the analysis explains the chain (sādhāraṇa-rūpa-nāma-āyatta-gahaṇīya); index right
189804	23	467	280,090 vs aṭṭhavīsasahassa-navuti	သာဓိကဋ္ဌဝီသသဟဿနဝုတိဘာဏဝါရ (ပု) [သာဓိက+အဋ္ဌဝီသ+သဟဿ+နဝုတိ+ဘာဏဝါရ] အပို-အလွန်နှင့်တကွဖြစ်သော နှစ်သိန်းရှစ်သောင်းကိုးဆယ်သော ဘာဏဝါရ	as drafted	the number is the print's own (nhacheinḥ hrac sauṅḥ kuiḥ chay); whether the lexicographers meant 28,090 is not established; index right
189805	23	467	280,000 vs 28,000	သာဓိကဋ္ဌဝီသသဟဿမတ္တဂန္ထ (ပု) [...] အပို-အလွန်နှင့်တကွဖြစ်သော နှစ်သိန်းရှစ်သောင်းမျှသော ကျမ်းဂန်-ဘာဏဝါရ	as drafted	the print's own number (280,000); as 189804; index right
205220	24	241	gloss speaks of sukha	သုခုမကရဏသန္နိဿယ (တိ) [သုခုမ+ကရဏ+သန္နိဿယ။ သုခုမကရဏ-ကြည့်။] သုခ ဖြစ်ကြောင်းအာရုံလျှင် မှီရာရှိသော	as drafted	printed so: the print itself glosses with သုခ (perhaps a slip for သုခုမ); the text is this headword's; index right
206033	24	328	four suta rows misaligned	(right column of PDF 328: suta's senses (5)–(6) with quotations)	unreadable	four homonym rows (206030–206033) on two columns; the crop does not settle which print homonym each row is; left for the homonym pass (item 5b)
206612	24	388	run-on: another su-dubb- headword	သုဒုဗ္ဗလ (တိ) … အလွန်အားနည်းသော ; သုဒုဗ္ဗလဝိမတိ (တိ) [သုဒုဗ္ဗလ+ဝိမတိ] အလွန်အားနည်းသော-တွေးတော-ယုံမှား-ခြင်း	as drafted	the draft ('sumamente débil / el cavilar y dudar') renders the print's own gloss; the 'hard to know' text the flag mentions is not in this row's Spanish; index right
217511	25	79	run-on: sotāpatti printed twice	သောတာနုသာရ (ပု) [သောတ+အနုသာရ] ရေအယဉ်-သို့-အစဉ်-လျောက်-လိုက်-ခြင်း	as drafted	the draft renders the print's own gloss; its two 'Véase sotāpatti…' links come from the run-on text and do not belong to this article; index right
220139	25	369	run-on '… as far as the Himavanta ends'	ဟိမဝန္တဒေသဘာဂ (ပု) [ဟိမဝန္တ+ဒေသ+ဘာဂ] ဟိမဝန္တာအရပ်မျက်နှာအဖို့	as drafted	the draft renders the print's gloss; the other fragment is the preceding article's; index right
172317	4c	40	'absence' vs ūnādhikabhāva	ဦနာဓိကဘာဝ (ပု) [ဦနာဓိက+ဘာဝ] အယုတ်၊ အလွန်ရှိသည်၏အဖြစ်	differs	the print glosses 'the state of having deficiency and excess'; the draft's 'la ausencia de …' is the preceding (anūnādhika-) article's sense; index right
174965	4c	399	article of a neighbouring headword?	ဩကိရိယန္တိ² (ကာ၊ကမ္မ၊ကြိ) [အဝ+ကိရ+ဏေ+ယ+အန္တေ] လျှောကျစေအပ်ကုန်၏ (သဒ္ဒတ္ထ) လျှောကျကုန်၏ (အဓိပ္ပါယတ္ထ)	as drafted	homonym ²; the draft renders its own text; index right
176808	4c	662	osakkitosaṇḍita- vs 'receding and receding'	ဩသက္ကိတောသက္ကိတဋ္ဌာန (န) [ဩသက္ကိတောသက္ကိတ+ဌာန] ဆုတ်ရာဆုတ်ရာ-ရွေ့လျားရာရွေ့ရှားရာ-အရပ်	differs	index error: the print has ဩသက္ကိတောသက္ကိတဋ္ဌာန (osakkitosakkitaṭṭhāna); the index's -သဏ္ဍိတ- is a misspelling; the draft fits the print
