id	book	belongs_to	after_id	how	note
177206	4c	15	121320	key	
177207	4c	15	121320	checked	vol. 15 has no ဘိဇ္ဇ headword: the whole supplement follows ဘိင်္ကစ္ဆာပ (vol. 15 p. 738, seen)
177208	4c	15	121320	checked	vol. 15 has no ဘိဇ္ဇ headword: the whole supplement follows ဘိင်္ကစ္ဆာပ (vol. 15 p. 738, seen)
177209	4c	15	121320	key	
177210	4c	15	121320	checked	vol. 15 has no ဘိဇ္ဇ headword: the whole supplement follows ဘိင်္ကစ္ဆာပ (vol. 15 p. 738, seen)
177211	4c	15	121320	checked	vol. 15 has no ဘိဇ္ဇ headword: the whole supplement follows ဘိင်္ကစ္ဆာပ (vol. 15 p. 738, seen)
177212	4c	15	121320	key	
177213	4c	15	121320	key	
177214	4c	15	121320	key	
177215	4c	15	121320	key	
177216	4c	15	121320	checked	vol. 15 has no ဘိဇ္ဇ headword: the whole supplement follows ဘိင်္ကစ္ဆာပ (vol. 15 p. 738, seen)
177217	4c	15	121320	key	
177218	4c	15	121320	key	
177219	4c	15	121320	key	
177220	4c	15	121320	key	
177221	4c	15	121320	key	
177222	4c	15	121320	key	
177223	4c	15	121320	key	
177224	4c	15	121320	checked	vol. 15 has no ဘိဇ္ဇ headword: the whole supplement follows ဘိင်္ကစ္ဆာပ (vol. 15 p. 738, seen)
177225	4c	15	121320	key	
177226	4c	15	121320	key	
177227	4c	15	121320	key	
177228	4c	15	121320	key	
177229	4c	15	121320	key	
177230	4c	15	121320	key	
177231	4c	15	121320	key	
177232	4c	15	121320	key	
177233	4c	15	121320	key	
177234	4c	15	121320	key	
177235	4c	15	121320	key	
177236	4c	15	121320	key	
177237	4c	15	121320	key	
177238	4c	15	121320	key	
177239	4c	15	121320	key	
177240	4c	15	121320	key	
177241	4c	15	121320	key	
177242	4c	15	121320	key	
177243	4c	15	121320	key	
177244	4c	15	121320	key	
177245	4c	15	121320	key	
177246	4c	15	121320	key	
177247	4c	15	121320	key	
177248	4c	15	121320	key	
177249	4c	15	121320	key	
177250	4c	15	121320	key	
177251	4c	15	121320	checked	vol. 15 has no ဘိဇ္ဇ headword: the whole supplement follows ဘိင်္ကစ္ဆာပ (vol. 15 p. 738, seen)
177252	4c	15	121320	checked	vol. 15 has no ဘိဇ္ဇ headword: the whole supplement follows ဘိင်္ကစ္ဆာပ (vol. 15 p. 738, seen)
177253	4c	15	121320	key	
177254	4c	15	121320	key	
177255	4c	15	121320	key	
177256	4c	15	121320	checked	vol. 15 has no ဘိဇ္ဇ headword: the whole supplement follows ဘိင်္ကစ္ဆာပ (vol. 15 p. 738, seen)
177257	4c	15	121320	checked	vol. 15 has no ဘိဇ္ဇ headword: the whole supplement follows ဘိင်္ကစ္ဆာပ (vol. 15 p. 738, seen)
177258	4c	15	121320	key	
177259	4c	4b	35208	key	
177260	4c	4b	35234	checked	printed udānita
177261	4c	4b	35319	key	
177262	4c	4b	35339	key	
177263	4c	4b	35604	key	
177264	4c	4b	35629	key	
177265	4c	4b	35976	key	
177266	4c	4b	36199	checked	no article of its own on p. 721: the page prints ဥပက္ကိလေသသမုစ္ဆေဒ (177267); placed with it
177267	4c	4b	36199	checked	printed ဥပက္ကိလေသသမုစ္ဆေဒ (the index: ဥပက္ကိလေသမုစ္ဆေဒ)
177268	4c	4b	36320	key	
177269	4c	4b	36330	checked	printed ဥပဃာတဘူမိ (the index: ဥပါဃာတဘူမိ)
177270	4c	4b	36434	key	
177271	4c	4b	36475	checked	seen: shared IAST
177272	4c	4b	36478	checked	seen: neighbours out of order
177273	4c	4b	36480	key	
177274	4c	4b	36481	checked	seen: shared IAST
177275	4c	4b	36484	key	
177276	4c	4b	36526	key	
177277	4c	4b	36553	checked	printed upajjhāyinī
177278	4c	4b	36866	key	
177279	4c	4b	36906	checked	seen: 2 equal points; neighbours out of order
177280	4c	4b	36941	key	
177281	4c	4b	37136	checked	seen: shared IAST
177282	4c	4b	37172	checked	printed ဥပနာဟက (the index: ဥပါနာဟက)
177283	4c	4b	37179	key	
177284	4c	4b	37204	key	
177285	4c	4b	37422	checked	seen: printed as indexed
177286	4c	4b	37422	key	
177287	4c	4b	37424	checked	"printed ဥပပက္ကိလေသသမုစ္ဆေဒ, a ""see"" entry (the index: ဥပပက္ကလေသမုစ္ဆေဒ)"
177288	4c	4b	37459	checked	seen: shared IAST
177289	4c	4b	37523	key	
177290	4c	4b	37523	key	
177291	4c	4b	37671	key	
177292	4c	4b	37673	checked	seen: shared IAST
177293	4c	4b	37972	key	
177294	4c	4b	38026	checked	seen: neighbours out of order
177295	4c	4b	38034	key	
177296	4c	4b	38036	checked	seen: shared IAST
177297	4c	4b	38074	key	
177298	4c	4b	38074	checked	seen: printed as indexed
177299	4c	4b	38077	key	
177300	4c	4b	38098	checked	printed ဥပဝနန္တ (the index: ဥပနန္တ)
177301	4c	4b	38099	key	
177302	4c	4b	38167	key	
177303	4c	4b	38167	key	
177304	4c	4b	38167	key	
177305	4c	4b	38175	checked	printed upavīyati
177306	4c	4b	38177	checked	seen: shared IAST
177307	4c	4b	38180	checked	printed ဥပဝေသန (the index: ဥပသေဝန)
177308	4c	4b	38193	key	
177309	4c	4b	38233	key	
177310	4c	4b	38312	key	
177311	4c	4b	38312	key	
177312	4c	4b	38340	key	
177313	4c	4b	38378	key	
177314	4c	4b	38442	checked	printed upasampādya
177315	4c	4b	38425	key	
177316	4c	4b	38445	key	
177317	4c	4b	38452	key	
177318	4c	4b	38468	key	
177319	4c	4b	38484	key	
177320	4c	4b	38574	key	
177321	4c	4b	38574	key	
177322	4c	4b	38580	key	
177323	4c	4b	38582	key	
177324	4c	4b	38806	key	
177325	4c	4b	38806	key	
177326	4c	4b	38807	checked	printed ဥပါန (the index: ဥပါနာဟက, as 177282)
177327	4c	4b	38811	checked	printed ဥပါန္တဘူ (the index: ဥပါဒန္တဘူ)
177328	4c	4b	38861	key	
177329	4c	4b	38871	key	
177330	4c	4b	38872	key	
177331	4c	4b	38874	key	
177332	4c	4b	38905	checked	printed upāvatta
177333	4c	4b	38963	checked	seen: shared IAST
177334	4c	4b	38985	key	
177335	4c	4b	38985	key	
177336	4c	4b	39071	checked	printed upekkhikā
177337	4c	4b	39110	checked	printed upeyamāna
177338	4c	4b	39300	checked	printed uppajjantī
177339	4c	4b	39689	checked	seen: shared IAST
177340	4c	4b	39807	key	
177341	4c	4b	39895	key	
177342	4c	4b	39984	checked	seen: printed as indexed
177343	4c	4b	39988	checked	printed ubbaṭṭa
177344	4c	4b	39991	checked	printed ubbaṭṭabījaka
177345	4c	4b	39992	key	
177346	4c	4b	39997	checked	seen: shared IAST
177347	4c	4b	40017	key	
177348	4c	4b	40120	key	
177349	4c	4b	40119	checked	one printed article with 177350: ဥဗ္ဘ၊ ဥဗ္ဘံ
177350	4c	4b	40119	checked	one printed article with 177349 (ဥဗ္ဘ၊ ဥဗ္ဘံ); placed with it
177351	4c	4b	40139	key	
177352	4c	4b	40163	key	
177353	4c	4b	40163	key	
177354	4c	4b	40558	key	
177355	4c	4b	40605	checked	seen: neighbours out of order
177356	4c	4b	40614	checked	seen: shared IAST
177357	4c	4b	40644	checked	seen: shared IAST
177358	4c	4b	40676	key	
177359	4c	4b	40737	checked	seen: shared IAST
177360	4c	4b	40754	checked	seen: shared IAST; 2 equal points; neighbours out of order
177361	4c	4b	40780	key	
177362	4c	4b	40811	key	
177363	4c	4b	40852	key	
177364	4c	4b	40853	key	
177365	4c	4b	40957	key	
177366	4c	4b	41033	key	
177367	4c	4b	41033	key	
177368	4c	4b	41097	checked	printed ussiñcanti
177369	4c	4b	41124	checked	seen: printed as indexed
177370	4c	4b	41158	key	
177371	4c	4b	41196	key	
177372	4c	4b	41237	key	
177373	4c	16	122713	checked	printed မံကာရဏ (the index: မံသကာရဏ)
177374	4c	16	122719	checked	seen: shared IAST
177375	4c	16	122877	key	
177376	4c	16	122879	checked	seen: neighbours out of order
177377	4c	16	123093	checked	seen: printed as indexed
177378	4c	16	123572	checked	seen: printed as indexed
177379	4c	16	123848	key	
177380	4c	16	124013	checked	printed မဇ္ဈ²
177381	4c	16	124427	checked	p. 731 prints one မဋ္ဋက article; the index has two rows (177381, 177382); placed with 177382
177382	4c	16	124427	checked	seen: IAST shared elsewhere
177383	4c	16	124427	key	
177384	4c	16	124462	checked	printed မဏိ²
177385	4c	16	124773	checked	printed မတ²
177386	4c	16	125042	checked	seen: printed as indexed
177387	4c	16	125048	key	
177388	4c	16	129095	key	
177389	4c	16	129114	checked	printed māṇivara
177390	4c	16	129420	key	
177391	4c	16	129643	checked	seen: shared IAST; neighbours out of order
177392	4c	16	129756	key	
177393	4c	16	129757	key	
177394	4c	16	130533	key	
177395	4c	16	130653	key	
177396	4c	16	130095	key	
177397	4c	16	130865	key	
177398	4c	16	130865	checked	seen: printed as indexed
177399	4c	16	130865	key	
177400	4c	16	130865	key	
177401	4c	16	130865	checked	printed မီ(မိ)ယမာန¹, one article with 177402
177402	4c	16	130865	checked	one printed article with 177401 (မီ(မိ)ယမာန¹); placed with it
177403	4c	16	130865	checked	printed မီယမာန²
177404	4c	16	130865	checked	seen: printed as indexed
177405	4c	16	130872	checked	seen: printed as indexed
177406	4c	16	130891	key	
177407	4c	16	130891	checked	seen: printed as indexed
177408	4c	16	131106	checked	seen: shared IAST
177409	4c	16	131112	checked	seen: printed as indexed
177410	4c	16	131113	key	
177411	4c	16	132237	checked	seen: printed as indexed
177412	4c	16	132253	checked	the index row covers two printed articles, မေဃဇ္ဇဝ and မေဃလ
177413	4c	16	132298	checked	seen: shared IAST
177414	4c	16	132309	checked	seen: shared IAST
177415	4c	16	132308	checked	seen: shared IAST
177416	4c	16	132313	key	
177417	4c	16	132632	key	
177418	4c	16	132633	checked	seen: shared IAST
177419	4c	16	132635	checked	seen: shared IAST
177420	4c	16	132647	checked	seen: neighbours out of order
177421	4c	16	132647	checked	seen: neighbours out of order
177422	4c	16	132649	checked	printed မေသ²
177423	4c	16	132654	key	
177424	4c	16	132804	checked	printed မောဒက (the index: မေဒက)
177425	4c	16	132923	key	
177426	4c	16	132925	key	
177427	4c	16	133028	checked	seen: shared IAST
177428	4c	16	133071	key	
